charging_b_pu,circuit_id,from_bus_id,in_service,rating_a_mva,rating_b_mva,rating_c_mva,reactance_pu,resistance_pu,source_record,to_bus_id
0.00987304,1,475,True,220.0,220.0,220.0,0.0305846,0.00318505,"475,147,'1',0.00318505,0.0305846,0.00987304,220.0,220.0,220.0,0.0,0.0,0.0,0.0,1,1,0.0,1,1.0,0,1.0,0,1.0,0,1.0",147
0.0,1,56,True,3.1,3.1,3.1,0.00331002,0.000640992,"56,55,'1',0.000640992,0.00331002,0.0,3.1,3.1,3.1,0.0,0.0,0.0,0.0,1,1,0.0,1,1.0,0,1.0,0,1.0,0,1.0",55
0.0,1,213,True,155.0,155.0,155.0,0.00368532,0.000627778,"213,212,'1',0.000627778,0.00368532,0.0,155.0,155.0,155.0,0.0,0.0,0.0,0.0,1,1,0.0,1,1.0,0,1.0,0,1.0,0,1.0",212
0.023362,1,143,True,350.0,350.0,350.0,0.07237,0.007537,"143,452,'1',0.007537,0.07237,0.023362,350.0,350.0,350.0,0.0,0.0,0.0,0.0,1,1,0.0,1,1.0,0,1.0,0,1.0,0,1.0",452
0.012576,1,143,True,480.0,480.0,480.0,0.038957,0.004057,"143,401,'1',0.004057,0.038957,0.012576,480.0,480.0,480.0,0.0,0.0,0.0,0.0,1,1,0.0,1,1.0,0,1.0,0,1.0,0,1.0",401
0.0,1,420,True,8.5,8.5,8.5,0.00375343,0.000565023,"420,419,'1',0.000565023,0.00375343,0.0,8.5,8.5,8.5,0.0,0.0,0.0,0.0,1,1,0.0,1,1.0,0,1.0,0,1.0,0,1.0",419
0.0159591,1,376,True,250.0,250.0,250.0,0.0450342,0.0049093,"376,469,'1',0.0049093,0.0450342,0.0159591,250.0,250.0,250.0,0.0,0.0,0.0,0.0,1,1,0.0,1,1.0,0,1.0,0,1.0,0,1.0",469
0.0,1,96,True,56.2,56.2,56.2,0.00325345,0.00056273,"96,95,'1',0.00056273,0.00325345,0.0,56.2,56.2,56.2,0.0,0.0,0.0,0.0,1,1,0.0,1,1.0,0,1.0,0,1.0,0,1.0",95
0.0,1,323,True,75.5,75.5,75.5,0.00310925,0.000658216,"323,322,'1',0.000658216,0.00310925,0.0,75.5,75.5,75.5,0.0,0.0,0.0,0.0,1,1,0.0,1,1.0,0,1.0,0,1.0,0,1.0",322
0.0139177,1,287,True,145.0,145.0,145.0,0.0392739,0.00428135,"287,415,'1',0.00428135,0.0392739,0.0139177,145.0,145.0,145.0,0.0,0.0,0.0,0.0,1,1,0.0,1,1.0,0,1.0,0,1.0,0,1.0",415
0.0,1,190,True,22.9,22.9,22.9,0.00301019,0.000689543,"190,189,'1',0.000689543,0.00301019,0.0,22.9,22.9,22.9,0.0,0.0,0.0,0.0,1,1,0.0,1,1.0,0,1.0,0,1.0,0,1.0",189
0.0904545,1,232,True,1000.0,1000.0,1000.0,0.00429228,0.0003244,"232,453,'1',0.0003244,0.00429228,0.0904545,1000.0,1000.0,1000.0,0.0,0.0,0.0,0.0,1,1,0.0,1,1.0,0,1.0,0,1.0,0,1.0",453
0.0,1,311,True,60.5,60.5,60.5,0.00358674,0.000617248,"311,310,'1',0.000617248,0.00358674,0.0,60.5,60.5,60.5,0.0,0.0,0.0,0.0,1,1,0.0,1,1.0,0,1.0,0,1.0,0,1.0",310
0.0230783,1,345,True,145.0,145.0,145.0,0.0651236,0.0070993,"345,415,'1',0.0070993,0.0651236,0.0230783,145.0,145.0,145.0,0.0,0.0,0.0,0.0,1,1,0.0,1,1.0,0,1.0,0,1.0,0,1.0",415
0.0168277,1,104,True,145.0,145.0,145.0,0.0474854,0.00517651,"104,191,'1',0.00517651,0.0474854,0.0168277,145.0,145.0,145.0,0.0,0.0,0.0,0.0,1,1,0.0,1,1.0,0,1.0,0,1.0,0,1.0",191
0.228132,1,407,True,1050.0,1050.0,1050.0,0.010825,0.000818,"407,80,'1',0.000818,0.010825,0.228132,1050.0,1050.0,1050.0,0.0,0.0,0.0,0.0,1,1,0.0,1,1.0,0,1.0,0,1.0,0,1.0",80
0.0,1,385,True,48.1,48.1,48.1,0.00314811,0.000568228,"385,384,'1',0.000568228,0.00314811,0.0,48.1,48.1,48.1,0.0,0.0,0.0,0.0,1,1,0.0,1,1.0,0,1.0,0,1.0,0,1.0",384
0.0,1,344,True,3.3,3.3,3.3,0.00387609,0.000571459,"344,342,'1',0.000571459,0.00387609,0.0,3.3,3.3,3.3,0.0,0.0,0.0,0.0,1,1,0.0,1,1.0,0,1.0,0,1.0,0,1.0",342
0.0,1,77,True,12.2,12.2,12.2,0.00331266,0.000695009,"77,76,'1',0.000695009,0.00331266,0.0,12.2,12.2,12.2,0.0,0.0,0.0,0.0,1,1,0.0,1,1.0,0,1.0,0,1.0,0,1.0",76
0.239936,1,7,True,900.0,900.0,900.0,0.0137492,0.000946655,"7,262,'1',0.000946655,0.0137492,0.239936,900.0,900.0,900.0,0.0,0.0,0.0,0.0,1,1,0.0,1,1.0,0,1.0,0,1.0,0,1.0",262
0.005723,1,87,True,520.0,520.0,520.0,0.017727,0.001846,"87,141,'1',0.001846,0.017727,0.005723,520.0,520.0,520.0,0.0,0.0,0.0,0.0,1,1,0.0,1,1.0,0,1.0,0,1.0,0,1.0",141
0.0,1,424,True,273.2,273.2,273.2,0.00386377,0.000683064,"424,423,'1',0.000683064,0.00386377,0.0,273.2,273.2,273.2,0.0,0.0,0.0,0.0,1,1,0.0,1,1.0,0,1.0,0,1.0,0,1.0",423
0.00559552,1,68,True,220.0,220.0,220.0,0.0173337,0.00180512,"68,314,'1',0.00180512,0.0173337,0.00559552,220.0,220.0,220.0,0.0,0.0,0.0,0.0,1,1,0.0,1,1.0,0,1.0,0,1.0,0,1.0",314
0.0100452,1,298,True,214.0,214.0,214.0,0.031118,0.00324061,"298,426,'1',0.00324061,0.031118,0.0100452,214.0,214.0,214.0,0.0,0.0,0.0,0.0,1,1,0.0,1,1.0,0,1.0,0,1.0,0,1.0",426
0.0,1,313,True,17.9,17.9,17.9,0.00397638,0.000642156,"313,312,'1',0.000642156,0.00397638,0.0,17.9,17.9,17.9,0.0,0.0,0.0,0.0,1,1,0.0,1,1.0,0,1.0,0,1.0,0,1.0",312
0.006237,1,452,True,330.0,330.0,330.0,0.019322,0.002012,"452,76,'1',0.002012,0.019322,0.006237,330.0,330.0,330.0,0.0,0.0,0.0,0.0,1,1,0.0,1,1.0,0,1.0,0,1.0,0,1.0",76
0.0106235,1,318,True,270.0,270.0,270.0,0.0329094,0.00342716,"318,176,'1',0.00342716,0.0329094,0.0106235,270.0,270.0,270.0,0.0,0.0,0.0,0.0,1,1,0.0,1,1.0,0,1.0,0,1.0,0,1.0",176
0.00610636,1,324,True,195.0,195.0,195.0,0.0172313,0.00187843,"324,129,'1',0.00187843,0.0172313,0.00610636,195.0,195.0,195.0,0.0,0.0,0.0,0.0,1,1,0.0,1,1.0,0,1.0,0,1.0,0,1.0",129
0.0378543,1,240,True,145.0,145.0,145.0,0.10682,0.0116447,"240,272,'1',0.0116447,0.10682,0.0378543,145.0,145.0,145.0,0.0,0.0,0.0,0.0,1,1,0.0,1,1.0,0,1.0,0,1.0,0,1.0",272
0.0,1,38,True,0.2,0.2,0.2,0.00382289,0.0005458,"38,37,'1',0.0005458,0.00382289,0.0,0.2,0.2,0.2,0.0,0.0,0.0,0.0,1,1,0.0,1,1.0,0,1.0,0,1.0,0,1.0",37
0.0135654,1,479,True,145.0,145.0,145.0,0.0420226,0.0043762,"479,354,'1',0.0043762,0.0420226,0.0135654,145.0,145.0,145.0,0.0,0.0,0.0,0.0,1,1,0.0,1,1.0,0,1.0,0,1.0,0,1.0",354
0.0241904,1,287,True,145.0,145.0,145.0,0.068262,0.00744142,"287,476,'1',0.00744142,0.068262,0.0241904,145.0,145.0,145.0,0.0,0.0,0.0,0.0,1,1,0.0,1,1.0,0,1.0,0,1.0,0,1.0",476
0.0152,1,247,True,350.0,350.0,350.0,0.0469,0.00487,"247,401,'1',0.00487,0.0469,0.0152,350.0,350.0,350.0,0.0,0.0,0.0,0.0,1,1,0.0,1,1.0,0,1.0,0,1.0,0,1.0",401
0.0,1,237,True,4.3,4.3,4.3,0.00334834,0.00069641,"237,236,'1',0.00069641,0.00334834,0.0,4.3,4.3,4.3,0.0,0.0,0.0,0.0,1,1,0.0,1,1.0,0,1.0,0,1.0,0,1.0",236
0.0055984,1,263,True,300.0,300.0,300.0,0.0173426,0.00180605,"263,476,'1',0.00180605,0.0173426,0.0055984,300.0,300.0,300.0,0.0,0.0,0.0,0.0,1,1,0.0,1,1.0,0,1.0,0,1.0,0,1.0",476
0.233322,1,246,True,900.0,900.0,900.0,0.01337,0.000921,"246,332,'1',0.000921,0.01337,0.233322,900.0,900.0,900.0,0.0,0.0,0.0,0.0,1,1,0.0,1,1.0,0,1.0,0,1.0,0,1.0",332
0.0,1,239,True,64.1,64.1,64.1,0.00361852,0.00051265,"239,238,'1',0.00051265,0.00361852,0.0,64.1,64.1,64.1,0.0,0.0,0.0,0.0,1,1,0.0,1,1.0,0,1.0,0,1.0,0,1.0",238
0.00929439,1,137,True,145.0,145.0,145.0,0.028792,0.00299838,"137,426,'1',0.00299838,0.028792,0.00929439,145.0,145.0,145.0,0.0,0.0,0.0,0.0,1,1,0.0,1,1.0,0,1.0,0,1.0,0,1.0",426
0.0146378,1,19,True,145.0,145.0,145.0,0.0453449,0.00472218,"19,112,'1',0.00472218,0.0453449,0.0146378,145.0,145.0,145.0,0.0,0.0,0.0,0.0,1,1,0.0,1,1.0,0,1.0,0,1.0,0,1.0",112
0.0109544,1,27,True,185.0,185.0,185.0,0.0309119,0.00336979,"27,382,'1',0.00336979,0.0309119,0.0109544,185.0,185.0,185.0,0.0,0.0,0.0,0.0,1,1,0.0,1,1.0,0,1.0,0,1.0,0,1.0",382
0.0,1,325,True,146.4,146.4,146.4,0.00371226,0.000536707,"325,324,'1',0.000536707,0.00371226,0.0,146.4,146.4,146.4,0.0,0.0,0.0,0.0,1,1,0.0,1,1.0,0,1.0,0,1.0,0,1.0",324
0.0146298,1,358,True,270.0,270.0,270.0,0.0412832,0.00450039,"358,48,'1',0.00450039,0.0412832,0.0146298,270.0,270.0,270.0,0.0,0.0,0.0,0.0,1,1,0.0,1,1.0,0,1.0,0,1.0,0,1.0",48
0.0,1,2,True,76.5,76.5,76.5,0.00313968,0.000530993,"2,1,'1',0.000530993,0.00313968,0.0,76.5,76.5,76.5,0.0,0.0,0.0,0.0,1,1,0.0,1,1.0,0,1.0,0,1.0,0,1.0",1
0.0571594,1,162,True,1050.0,1050.0,1050.0,0.00327545,0.00022552,"162,195,'1',0.00022552,0.00327545,0.0571594,1050.0,1050.0,1050.0,0.0,0.0,0.0,0.0,1,1,0.0,1,1.0,0,1.0,0,1.0,0,1.0",195
0.0112784,1,419,True,270.0,270.0,270.0,0.0349382,0.00363843,"419,102,'1',0.00363843,0.0349382,0.0112784,270.0,270.0,270.0,0.0,0.0,0.0,0.0,1,1,0.0,1,1.0,0,1.0,0,1.0,0,1.0",102
0.0,1,284,True,48.1,48.1,48.1,0.00398837,0.000645217,"284,283,'1',0.000645217,0.00398837,0.0,48.1,48.1,48.1,0.0,0.0,0.0,0.0,1,1,0.0,1,1.0,0,1.0,0,1.0,0,1.0",283
0.0173348,1,253,True,185.0,185.0,185.0,0.0489164,0.00533251,"253,417,'1',0.00533251,0.0489164,0.0173348,185.0,185.0,185.0,0.0,0.0,0.0,0.0,1,1,0.0,1,1.0,0,1.0,0,1.0,0,1.0",417
0.0,1,79,True,0.5,0.5,0.5,0.00327852,0.000622277,"79,78,'1',0.000622277,0.00327852,0.0,0.5,0.5,0.5,0.0,0.0,0.0,0.0,1,1,0.0,1,1.0,0,1.0,0,1.0,0,1.0",78
0.0102606,1,445,True,220.0,220.0,220.0,0.0317853,0.00331009,"445,461,'1',0.00331009,0.0317853,0.0102606,220.0,220.0,220.0,0.0,0.0,0.0,0.0,1,1,0.0,1,1.0,0,1.0,0,1.0,0,1.0",461
0.0,1,148,True,102.4,102.4,102.4,0.00393511,0.000592694,"148,147,'1',0.000592694,0.00393511,0.0,102.4,102.4,102.4,0.0,0.0,0.0,0.0,1,1,0.0,1,1.0,0,1.0,0,1.0,0,1.0",147
0.00782151,1,263,True,270.0,270.0,270.0,0.0242294,0.00252323,"263,326,'1',0.00252323,0.0242294,0.00782151,270.0,270.0,270.0,0.0,0.0,0.0,0.0,1,1,0.0,1,1.0,0,1.0,0,1.0,0,1.0",326
0.0,1,98,True,66.4,66.4,66.4,0.00398603,0.000568811,"98,97,'1',0.000568811,0.00398603,0.0,66.4,66.4,66.4,0.0,0.0,0.0,0.0,1,1,0.0,1,1.0,0,1.0,0,1.0,0,1.0",97
0.0076783,1,233,True,200.0,200.0,200.0,0.0216671,0.00236198,"233,53,'1',0.00236198,0.0216671,0.0076783,200.0,200.0,200.0,0.0,0.0,0.0,0.0,1,1,0.0,1,1.0,0,1.0,0,1.0,0,1.0",53
0.0178098,1,44,True,250.0,250.0,250.0,0.0502567,0.00547862,"44,1,'1',0.00547862,0.0502567,0.0178098,250.0,250.0,250.0,0.0,0.0,0.0,0.0,1,1,0.0,1,1.0,0,1.0,0,1.0,0,1.0",1
0.00694992,1,387,True,220.0,220.0,220.0,0.0196117,0.00213792,"387,470,'1',0.00213792,0.0196117,0.00694992,220.0,220.0,220.0,0.0,0.0,0.0,0.0,1,1,0.0,1,1.0,0,1.0,0,1.0,0,1.0",470
0.019593,1,492,True,200.0,200.0,200.0,0.0606948,0.00632071,"492,336,'1',0.00632071,0.0606948,0.019593,200.0,200.0,200.0,0.0,0.0,0.0,0.0,1,1,0.0,1,1.0,0,1.0,0,1.0,0,1.0",336
0.00910164,1,441,True,240.0,240.0,240.0,0.0281949,0.0029362,"441,384,'1',0.0029362,0.0281949,0.00910164,240.0,240.0,240.0,0.0,0.0,0.0,0.0,1,1,0.0,1,1.0,0,1.0,0,1.0,0,1.0",384
0.006321,1,496,True,350.0,350.0,350.0,0.019581,0.002039,"496,143,'1',0.002039,0.019581,0.006321,350.0,350.0,350.0,0.0,0.0,0.0,0.0,1,1,0.0,1,1.0,0,1.0,0,1.0,0,1.0",143
0.10966,1,471,False,900.0,900.0,900.0,0.00612773,0.000427185,"471,464,'1',0.000427185,0.00612773,0.10966,900.0,900.0,900.0,0.0,0.0,0.0,0.0,0,1,0.0,1,1.0,0,1.0,0,1.0,0,1.0",464
0.0177735,1,318,True,300.0,300.0,300.0,0.0501542,0.00546744,"318,336,'1',0.00546744,0.0501542,0.0177735,300.0,300.0,300.0,0.0,0.0,0.0,0.0,1,1,0.0,1,1.0,0,1.0,0,1.0,0,1.0",336
0.312051,1,7,True,1100.0,1100.0,1100.0,0.0148076,0.00111912,"7,232,'1',0.00111912,0.0148076,0.312051,1100.0,1100.0,1100.0,0.0,0.0,0.0,0.0,1,1,0.0,1,1.0,0,1.0,0,1.0,0,1.0",232
0.0166426,1,421,True,200.0,200.0,200.0,0.0515552,0.00536892,"421,1,'1',0.00536892,0.0515552,0.0166426,200.0,200.0,200.0,0.0,0.0,0.0,0.0,1,1,0.0,1,1.0,0,1.0,0,1.0,0,1.0",1
0.00609076,1,183,True,270.0,270.0,270.0,0.0188679,0.00196488,"183,247,'1',0.00196488,0.0188679,0.00609076,270.0,270.0,270.0,0.0,0.0,0.0,0.0,1,1,0.0,1,1.0,0,1.0,0,1.0,0,1.0",247
0.00952786,1,358,True,270.0,270.0,270.0,0.0268863,0.00293095,"358,310,'1',0.00293095,0.0268863,0.00952786,270.0,270.0,270.0,0.0,0.0,0.0,0.0,1,1,0.0,1,1.0,0,1.0,0,1.0,0,1.0",310
0.0,1,359,True,25.0,25.0,25.0,0.00350635,0.000669913,"359,358,'1',0.000669913,0.00350635,0.0,25.0,25.0,25.0,0.0,0.0,0.0,0.0,1,1,0.0,1,1.0,0,1.0,0,1.0,0,1.0",358
0.0,1,288,True,89.9,89.9,89.9,0.00381802,0.000506508,"288,287,'1',0.000506508,0.00381802,0.0,89.9,89.9,89.9,0.0,0.0,0.0,0.0,1,1,0.0,1,1.0,0,1.0,0,1.0,0,1.0",287
0.0,1,317,True,5.5,5.5,5.5,0.00304543,0.00067118,"317,316,'1',0.00067118,0.00304543,0.0,5.5,5.5,5.5,0.0,0.0,0.0,0.0,1,1,0.0,1,1.0,0,1.0,0,1.0,0,1.0",316
0.029295,1,89,True,145.0,145.0,145.0,0.082666,0.009012,"89,457,'1',0.009012,0.082666,0.029295,145.0,145.0,145.0,0.0,0.0,0.0,0.0,1,1,0.0,1,1.0,0,1.0,0,1.0,0,1.0",457
0.00403411,1,378,True,145.0,145.0,145.0,0.0124968,0.00130141,"378,318,'1',0.00130141,0.0124968,0.00403411,145.0,145.0,145.0,0.0,0.0,0.0,0.0,1,1,0.0,1,1.0,0,1.0,0,1.0,0,1.0",318
0.0,1,446,True,130.2,130.2,130.2,0.00357927,0.000680376,"446,445,'1',0.000680376,0.00357927,0.0,130.2,130.2,130.2,0.0,0.0,0.0,0.0,1,1,0.0,1,1.0,0,1.0,0,1.0,0,1.0",445
0.137651,1,232,True,1350.0,1350.0,1350.0,0.00653187,0.000493662,"232,371,'1',0.000493662,0.00653187,0.137651,1350.0,1350.0,1350.0,0.0,0.0,0.0,0.0,1,1,0.0,1,1.0,0,1.0,0,1.0,0,1.0",371
0.0,1,134,True,66.0,66.0,66.0,0.00308264,0.000515032,"134,133,'1',0.000515032,0.00308264,0.0,66.0,66.0,66.0,0.0,0.0,0.0,0.0,1,1,0.0,1,1.0,0,1.0,0,1.0,0,1.0",133
0.0152641,1,500,True,145.0,145.0,145.0,0.0430732,0.00469552,"500,489,'1',0.00469552,0.0430732,0.0152641,145.0,145.0,145.0,0.0,0.0,0.0,0.0,1,1,0.0,1,1.0,0,1.0,0,1.0,0,1.0",489
0.0172264,1,114,True,145.0,145.0,145.0,0.0533636,0.00555724,"114,191,'1',0.00555724,0.0533636,0.0172264,145.0,145.0,145.0,0.0,0.0,0.0,0.0,1,1,0.0,1,1.0,0,1.0,0,1.0,0,1.0",191
0.0196194,1,112,True,300.0,300.0,300.0,0.0607768,0.00632924,"112,236,'1',0.00632924,0.0607768,0.0196194,300.0,300.0,300.0,0.0,0.0,0.0,0.0,1,1,0.0,1,1.0,0,1.0,0,1.0,0,1.0",236
0.0135941,1,293,True,220.0,220.0,220.0,0.0421116,0.00438547,"293,149,'1',0.00438547,0.0421116,0.0135941,220.0,220.0,220.0,0.0,0.0,0.0,0.0,1,1,0.0,1,1.0,0,1.0,0,1.0,0,1.0",149
0.0132128,1,417,True,145.0,145.0,145.0,0.0409304,0.00426246,"417,251,'1',0.00426246,0.0409304,0.0132128,145.0,145.0,145.0,0.0,0.0,0.0,0.0,1,1,0.0,1,1.0,0,1.0,0,1.0,0,1.0",251
0.00530406,1,470,True,160.0,160.0,160.0,0.0149673,0.00163163,"470,467,'1',0.00163163,0.0149673,0.00530406,160.0,160.0,160.0,0.0,0.0,0.0,0.0,1,1,0.0,1,1.0,0,1.0,0,1.0,0,1.0",467
0.0,1,373,True,48.5,48.5,48.5,0.0031808,0.000581254,"373,372,'1',0.000581254,0.0031808,0.0,48.5,48.5,48.5,0.0,0.0,0.0,0.0,1,1,0.0,1,1.0,0,1.0,0,1.0,0,1.0",372
0.247894,1,220,True,900.0,900.0,900.0,0.0142053,0.000978053,"220,471,'1',0.000978053,0.0142053,0.247894,900.0,900.0,900.0,0.0,0.0,0.0,0.0,1,1,0.0,1,1.0,0,1.0,0,1.0,0,1.0",471
0.0,1,229,True,77.9,77.9,77.9,0.00358921,0.000589618,"229,228,'1',0.000589618,0.00358921,0.0,77.9,77.9,77.9,0.0,0.0,0.0,0.0,1,1,0.0,1,1.0,0,1.0,0,1.0,0,1.0",228
0.0204927,1,46,True,185.0,185.0,185.0,0.0634819,0.00661096,"46,156,'1',0.00661096,0.0634819,0.0204927,185.0,185.0,185.0,0.0,0.0,0.0,0.0,1,1,0.0,1,1.0,0,1.0,0,1.0,0,1.0",156
0.0105682,1,493,True,155.0,155.0,155.0,0.0327381,0.00340932,"493,380,'1',0.00340932,0.0327381,0.0105682,155.0,155.0,155.0,0.0,0.0,0.0,0.0,1,1,0.0,1,1.0,0,1.0,0,1.0,0,1.0",380
0.0,1,266,True,107.2,107.2,107.2,0.00340574,0.000570619,"266,263,'1',0.000570619,0.00340574,0.0,107.2,107.2,107.2,0.0,0.0,0.0,0.0,1,1,0.0,1,1.0,0,1.0,0,1.0,0,1.0",263
0.0102004,1,172,True,270.0,270.0,270.0,0.0315987,0.00329067,"172,244,'1',0.00329067,0.0315987,0.0102004,270.0,270.0,270.0,0.0,0.0,0.0,0.0,1,1,0.0,1,1.0,0,1.0,0,1.0,0,1.0",244
0.0,1,282,True,203.7,203.7,203.7,0.00361703,0.000538938,"282,281,'1',0.000538938,0.00361703,0.0,203.7,203.7,203.7,0.0,0.0,0.0,0.0,1,1,0.0,1,1.0,0,1.0,0,1.0,0,1.0",281
0.00267795,1,263,True,220.0,220.0,220.0,0.0082957,0.000863908,"263,276,'1',0.000863908,0.0082957,0.00267795,220.0,220.0,220.0,0.0,0.0,0.0,0.0,1,1,0.0,1,1.0,0,1.0,0,1.0,0,1.0",276
0.0,1,252,True,171.6,171.6,171.6,0.00386313,0.000660875,"252,251,'1',0.000660875,0.00386313,0.0,171.6,171.6,171.6,0.0,0.0,0.0,0.0,1,1,0.0,1,1.0,0,1.0,0,1.0,0,1.0",251
0.0,1,173,True,4.7,4.7,4.7,0.00313387,0.000675383,"173,172,'1',0.000675383,0.00313387,0.0,4.7,4.7,4.7,0.0,0.0,0.0,0.0,1,1,0.0,1,1.0,0,1.0,0,1.0,0,1.0",172
0.00456957,1,76,True,270.0,270.0,270.0,0.0141555,0.00147415,"76,37,'1',0.00147415,0.0141555,0.00456957,270.0,270.0,270.0,0.0,0.0,0.0,0.0,1,1,0.0,1,1.0,0,1.0,0,1.0,0,1.0",37
0.0130509,1,160,True,145.0,145.0,145.0,0.0368278,0.0040147,"160,399,'1',0.0040147,0.0368278,0.0130509,145.0,145.0,145.0,0.0,0.0,0.0,0.0,1,1,0.0,1,1.0,0,1.0,0,1.0,0,1.0",399
0.145376,1,39,True,900.0,900.0,900.0,0.00689845,0.000521367,"39,428,'1',0.000521367,0.00689845,0.145376,900.0,900.0,900.0,0.0,0.0,0.0,0.0,1,1,0.0,1,1.0,0,1.0,0,1.0,0,1.0",428
0.00510986,1,324,True,240.0,240.0,240.0,0.0144193,0.00157189,"324,322,'1',0.00157189,0.0144193,0.00510986,240.0,240.0,240.0,0.0,0.0,0.0,0.0,1,1,0.0,1,1.0,0,1.0,0,1.0,0,1.0",322
0.0,1,397,True,66.7,66.7,66.7,0.00329999,0.000513983,"397,387,'1',0.000513983,0.00329999,0.0,66.7,66.7,66.7,0.0,0.0,0.0,0.0,1,1,0.0,1,1.0,0,1.0,0,1.0,0,1.0",387
0.0,1,329,True,40.7,40.7,40.7,0.00303403,0.000553797,"329,328,'1',0.000553797,0.00303403,0.0,40.7,40.7,40.7,0.0,0.0,0.0,0.0,1,1,0.0,1,1.0,0,1.0,0,1.0,0,1.0",328
0.0,1,270,True,10.9,10.9,10.9,0.0039766,0.000573616,"270,269,'1',0.000573616,0.0039766,0.0,10.9,10.9,10.9,0.0,0.0,0.0,0.0,1,1,0.0,1,1.0,0,1.0,0,1.0,0,1.0",269
0.00621976,1,372,True,285.0,285.0,285.0,0.0192675,0.0020065,"372,112,'1',0.0020065,0.0192675,0.00621976,285.0,285.0,285.0,0.0,0.0,0.0,0.0,1,1,0.0,1,1.0,0,1.0,0,1.0,0,1.0",112
0.0123052,1,221,True,220.0,220.0,220.0,0.0381188,0.00396967,"221,447,'1',0.00396967,0.0381188,0.0123052,220.0,220.0,220.0,0.0,0.0,0.0,0.0,1,1,0.0,1,1.0,0,1.0,0,1.0,0,1.0",447
0.00767586,1,81,True,270.0,270.0,270.0,0.0216602,0.00236124,"81,42,'1',0.00236124,0.0216602,0.00767586,270.0,270.0,270.0,0.0,0.0,0.0,0.0,1,1,0.0,1,1.0,0,1.0,0,1.0,0,1.0",42
0.0155406,1,462,True,185.0,185.0,185.0,0.0481414,0.00501341,"462,477,'1',0.00501341,0.0481414,0.0155406,185.0,185.0,185.0,0.0,0.0,0.0,0.0,1,1,0.0,1,1.0,0,1.0,0,1.0,0,1.0",477
0.0,1,105,True,144.2,144.2,144.2,0.00375095,0.000672543,"105,104,'1',0.000672543,0.00375095,0.0,144.2,144.2,144.2,0.0,0.0,0.0,0.0,1,1,0.0,1,1.0,0,1.0,0,1.0,0,1.0",104
0.0,1,164,True,174.5,174.5,174.5,0.00398739,0.000650023,"164,163,'1',0.000650023,0.00398739,0.0,174.5,174.5,174.5,0.0,0.0,0.0,0.0,1,1,0.0,1,1.0,0,1.0,0,1.0,0,1.0",163
0.00854678,1,276,True,230.0,230.0,230.0,0.0241178,0.00262915,"276,485,'1',0.00262915,0.0241178,0.00854678,230.0,230.0,230.0,0.0,0.0,0.0,0.0,1,1,0.0,1,1.0,0,1.0,0,1.0,0,1.0",485
0.0111166,1,295,True,185.0,185.0,185.0,0.0313694,0.00341966,"295,447,'1',0.00341966,0.0313694,0.0111166,185.0,185.0,185.0,0.0,0.0,0.0,0.0,1,1,0.0,1,1.0,0,1.0,0,1.0,0,1.0",447
0.0,1,234,True,95.7,95.7,95.7,0.00341483,0.000551109,"234,233,'1',0.000551109,0.00341483,0.0,95.7,95.7,95.7,0.0,0.0,0.0,0.0,1,1,0.0,1,1.0,0,1.0,0,1.0,0,1.0",233
0.0106607,1,110,True,145.0,145.0,145.0,0.0330245,0.00343915,"110,316,'1',0.00343915,0.0330245,0.0106607,145.0,145.0,145.0,0.0,0.0,0.0,0.0,1,1,0.0,1,1.0,0,1.0,0,1.0,0,1.0",316
0.017379,1,29,True,145.0,145.0,145.0,0.053837,0.005607,"29,491,'1',0.005607,0.053837,0.017379,145.0,145.0,145.0,0.0,0.0,0.0,0.0,1,1,0.0,1,1.0,0,1.0,0,1.0,0,1.0",491
0.00879059,1,365,True,220.0,220.0,220.0,0.0272314,0.00283585,"365,374,'1',0.00283585,0.0272314,0.00879059,220.0,220.0,220.0,0.0,0.0,0.0,0.0,1,1,0.0,1,1.0,0,1.0,0,1.0,0,1.0",374
0.0,1,136,True,45.6,45.6,45.6,0.0036604,0.000548777,"136,135,'1',0.000548777,0.0036604,0.0,45.6,45.6,45.6,0.0,0.0,0.0,0.0,1,1,0.0,1,1.0,0,1.0,0,1.0,0,1.0",135
0.0188368,1,336,True,270.0,270.0,270.0,0.0531548,0.00579454,"336,93,'1',0.00579454,0.0531548,0.0188368,270.0,270.0,270.0,0.0,0.0,0.0,0.0,1,1,0.0,1,1.0,0,1.0,0,1.0,0,1.0",93
0.02197,1,121,True,145.0,145.0,145.0,0.0680583,0.00708754,"121,287,'1',0.00708754,0.0680583,0.02197,145.0,145.0,145.0,0.0,0.0,0.0,0.0,1,1,0.0,1,1.0,0,1.0,0,1.0,0,1.0",287
0.0,1,219,True,0.6,0.6,0.6,0.00365749,0.000580603,"219,218,'1',0.000580603,0.00365749,0.0,0.6,0.6,0.6,0.0,0.0,0.0,0.0,1,1,0.0,1,1.0,0,1.0,0,1.0,0,1.0",218
0.0,1,294,True,35.7,35.7,35.7,0.00329026,0.000645158,"294,293,'1',0.000645158,0.00329026,0.0,35.7,35.7,35.7,0.0,0.0,0.0,0.0,1,1,0.0,1,1.0,0,1.0,0,1.0,0,1.0",293
0.0,1,290,True,5.9,5.9,5.9,0.00380663,0.000542556,"290,289,'1',0.000542556,0.00380663,0.0,5.9,5.9,5.9,0.0,0.0,0.0,0.0,1,1,0.0,1,1.0,0,1.0,0,1.0,0,1.0",289
0.0102424,1,387,True,220.0,220.0,220.0,0.0289026,0.00315075,"387,467,'1',0.00315075,0.0289026,0.0102424,220.0,220.0,220.0,0.0,0.0,0.0,0.0,1,1,0.0,1,1.0,0,1.0,0,1.0,0,1.0",467
0.0219967,1,205,False,145.0,145.0,145.0,0.0620715,0.00676658,"205,312,'1',0.00676658,0.0620715,0.0219967,145.0,145.0,145.0,0.0,0.0,0.0,0.0,0,1,0.0,1,1.0,0,1.0,0,1.0,0,1.0",312
0.00740628,1,491,True,145.0,145.0,145.0,0.0229431,0.00238927,"491,326,'1',0.00238927,0.0229431,0.00740628,145.0,145.0,145.0,0.0,0.0,0.0,0.0,1,1,0.0,1,1.0,0,1.0,0,1.0,0,1.0",326
0.0157843,1,21,True,270.0,270.0,270.0,0.0488965,0.00509204,"21,112,'1',0.00509204,0.0488965,0.0157843,270.0,270.0,270.0,0.0,0.0,0.0,0.0,1,1,0.0,1,1.0,0,1.0,0,1.0,0,1.0",112
0.0,1,171,True,20.9,20.9,20.9,0.00377412,0.000512598,"171,170,'1',0.000512598,0.00377412,0.0,20.9,20.9,20.9,0.0,0.0,0.0,0.0,1,1,0.0,1,1.0,0,1.0,0,1.0,0,1.0",170
0.00684347,1,44,True,250.0,250.0,250.0,0.0193113,0.00210518,"44,200,'1',0.00210518,0.0193113,0.00684347,250.0,250.0,250.0,0.0,0.0,0.0,0.0,1,1,0.0,1,1.0,0,1.0,0,1.0,0,1.0",200
0.0,1,209,True,141.4,141.4,141.4,0.00360087,0.000513638,"209,208,'1',0.000513638,0.00360087,0.0,141.4,141.4,141.4,0.0,0.0,0.0,0.0,1,1,0.0,1,1.0,0,1.0,0,1.0,0,1.0",208
0.021889,1,112,True,220.0,220.0,220.0,0.0678076,0.00706143,"112,33,'1',0.00706143,0.0678076,0.021889,220.0,220.0,220.0,0.0,0.0,0.0,0.0,1,1,0.0,1,1.0,0,1.0,0,1.0,0,1.0",33
0.0,1,207,True,30.4,30.4,30.4,0.00370043,0.000653174,"207,205,'1',0.000653174,0.00370043,0.0,30.4,30.4,30.4,0.0,0.0,0.0,0.0,1,1,0.0,1,1.0,0,1.0,0,1.0,0,1.0",205
0.00875548,1,342,True,145.0,145.0,145.0,0.0271226,0.00282453,"342,10,'1',0.00282453,0.0271226,0.00875548,145.0,145.0,145.0,0.0,0.0,0.0,0.0,1,1,0.0,1,1.0,0,1.0,0,1.0,0,1.0",10
0.00929,2,137,True,320.3,320.3,320.3,0.02879,0.003,"137,426,'2',0.003,0.02879,0.00929,320.3,320.3,320.3,0.0,0.0,0.0,0.0,1,1,0.0,1,1.0,0,1.0,0,1.0,0,1.0",426
0.00465621,1,53,True,200.0,200.0,200.0,0.0144239,0.0015021,"53,276,'1',0.0015021,0.0144239,0.00465621,200.0,200.0,200.0,0.0,0.0,0.0,0.0,1,1,0.0,1,1.0,0,1.0,0,1.0,0,1.0",276
0.0,1,142,True,209.8,209.8,209.8,0.00341671,0.000686707,"142,141,'1',0.000686707,0.00341671,0.0,209.8,209.8,209.8,0.0,0.0,0.0,0.0,1,1,0.0,1,1.0,0,1.0,0,1.0,0,1.0",141
0.0184902,1,279,True,145.0,145.0,145.0,0.0572788,0.00596497,"279,340,'1',0.00596497,0.0572788,0.0184902,145.0,145.0,145.0,0.0,0.0,0.0,0.0,1,1,0.0,1,1.0,0,1.0,0,1.0,0,1.0",340
0.017472,1,35,True,270.0,270.0,270.0,0.054123,0.005636,"35,399,'1',0.005636,0.054123,0.017472,270.0,270.0,270.0,0.0,0.0,0.0,0.0,1,1,0.0,1,1.0,0,1.0,0,1.0,0,1.0",399
0.0547534,1,165,True,900.0,900.0,900.0,0.00313758,0.000216027,"165,123,'1',0.000216027,0.00313758,0.0547534,900.0,900.0,900.0,0.0,0.0,0.0,0.0,1,1,0.0,1,1.0,0,1.0,0,1.0,0,1.0",123
0.0337685,1,15,True,220.0,220.0,220.0,0.104607,0.0108937,"15,230,'1',0.0108937,0.104607,0.0337685,220.0,220.0,220.0,0.0,0.0,0.0,0.0,1,1,0.0,1,1.0,0,1.0,0,1.0,0,1.0",230
0.0697568,1,425,True,900.0,900.0,900.0,0.00399733,0.000275222,"425,297,'1',0.000275222,0.00399733,0.0697568,900.0,900.0,900.0,0.0,0.0,0.0,0.0,1,1,0.0,1,1.0,0,1.0,0,1.0,0,1.0",297
0.416226,1,23,True,1000.0,1000.0,1000.0,0.023851,0.001642,"23,386,'1',0.001642,0.023851,0.416226,1000.0,1000.0,1000.0,0.0,0.0,0.0,0.0,1,1,0.0,1,1.0,0,1.0,0,1.0,0,1.0",386
0.0148768,1,15,True,160.0,160.0,160.0,0.0460852,0.00479928,"15,91,'1',0.00479928,0.0460852,0.0148768,160.0,160.0,160.0,0.0,0.0,0.0,0.0,1,1,0.0,1,1.0,0,1.0,0,1.0,0,1.0",91
0.00470462,1,333,True,185.0,185.0,185.0,0.0145739,0.00151771,"333,330,'1',0.00151771,0.0145739,0.00470462,185.0,185.0,185.0,0.0,0.0,0.0,0.0,1,1,0.0,1,1.0,0,1.0,0,1.0,0,1.0",330
0.0,1,243,True,130.7,130.7,130.7,0.00370239,0.000605884,"243,242,'1',0.000605884,0.00370239,0.0,130.7,130.7,130.7,0.0,0.0,0.0,0.0,1,1,0.0,1,1.0,0,1.0,0,1.0,0,1.0",242
0.00626,2,322,True,320.3,320.3,320.3,0.01939,0.00202,"322,58,'2',0.00202,0.01939,0.00626,320.3,320.3,320.3,0.0,0.0,0.0,0.0,1,1,0.0,1,1.0,0,1.0,0,1.0,0,1.0",58
0.0,1,377,True,162.4,162.4,162.4,0.0033547,0.000501927,"377,376,'1',0.000501927,0.0033547,0.0,162.4,162.4,162.4,0.0,0.0,0.0,0.0,1,1,0.0,1,1.0,0,1.0,0,1.0,0,1.0",376
0.00852136,1,285,True,220.0,220.0,220.0,0.0263974,0.002749,"285,230,'1',0.002749,0.0263974,0.00852136,220.0,220.0,220.0,0.0,0.0,0.0,0.0,1,1,0.0,1,1.0,0,1.0,0,1.0,0,1.0",230
0.0,1,296,True,10.8,10.8,10.8,0.00343349,0.000531059,"296,295,'1',0.000531059,0.00343349,0.0,10.8,10.8,10.8,0.0,0.0,0.0,0.0,1,1,0.0,1,1.0,0,1.0,0,1.0,0,1.0",295
0.00688319,1,193,True,270.0,270.0,270.0,0.0213226,0.00222052,"193,19,'1',0.00222052,0.0213226,0.00688319,270.0,270.0,270.0,0.0,0.0,0.0,0.0,1,1,0.0,1,1.0,0,1.0,0,1.0,0,1.0",19
0.0171289,1,104,True,145.0,145.0,145.0,0.0530617,0.00552581,"104,31,'1',0.00552581,0.0530617,0.0171289,145.0,145.0,145.0,0.0,0.0,0.0,0.0,1,1,0.0,1,1.0,0,1.0,0,1.0,0,1.0",31
0.0200088,1,133,True,300.0,300.0,300.0,0.056462,0.00615507,"133,369,'1',0.00615507,0.056462,0.0200088,300.0,300.0,300.0,0.0,0.0,0.0,0.0,1,1,0.0,1,1.0,0,1.0,0,1.0,0,1.0",369
0.0138757,1,312,True,145.0,145.0,145.0,0.0429839,0.00447631,"312,267,'1',0.00447631,0.0429839,0.0138757,145.0,145.0,145.0,0.0,0.0,0.0,0.0,1,1,0.0,1,1.0,0,1.0,0,1.0,0,1.0",267
0.00634393,1,338,True,220.0,220.0,220.0,0.0179017,0.00195151,"338,459,'1',0.00195151,0.0179017,0.00634393,220.0,220.0,220.0,0.0,0.0,0.0,0.0,1,1,0.0,1,1.0,0,1.0,0,1.0,0,1.0",459
0.0,1,204,True,72.7,72.7,72.7,0.00388927,0.000553104,"204,202,'1',0.000553104,0.00388927,0.0,72.7,72.7,72.7,0.0,0.0,0.0,0.0,1,1,0.0,1,1.0,0,1.0,0,1.0,0,1.0",202
0.0133953,1,492,True,170.0,170.0,170.0,0.0414957,0.00432133,"492,405,'1',0.00432133,0.0414957,0.0133953,170.0,170.0,170.0,0.0,0.0,0.0,0.0,1,1,0.0,1,1.0,0,1.0,0,1.0,0,1.0",405
0.0,1,245,True,15.8,15.8,15.8,0.00315264,0.000597782,"245,244,'1',0.000597782,0.00315264,0.0,15.8,15.8,15.8,0.0,0.0,0.0,0.0,1,1,0.0,1,1.0,0,1.0,0,1.0,0,1.0",244
0.00645249,1,60,True,185.0,185.0,185.0,0.018208,0.0019849,"60,131,'1',0.0019849,0.018208,0.00645249,185.0,185.0,185.0,0.0,0.0,0.0,0.0,1,1,0.0,1,1.0,0,1.0,0,1.0,0,1.0",131
0.0149459,1,399,True,145.0,145.0,145.0,0.0462991,0.00482155,"399,312,'1',0.00482155,0.0462991,0.0149459,145.0,145.0,145.0,0.0,0.0,0.0,0.0,1,1,0.0,1,1.0,0,1.0,0,1.0,0,1.0",312
0.00868044,1,300,True,430.0,430.0,430.0,0.024495,0.00267026,"300,141,'1',0.00267026,0.024495,0.00868044,430.0,430.0,430.0,0.0,0.0,0.0,0.0,1,1,0.0,1,1.0,0,1.0,0,1.0,0,1.0",141
0.0,1,138,True,122.9,122.9,122.9,0.00378798,0.000555555,"138,137,'1',0.000555555,0.00378798,0.0,122.9,122.9,122.9,0.0,0.0,0.0,0.0,1,1,0.0,1,1.0,0,1.0,0,1.0,0,1.0",137
0.0730692,1,146,True,1100.0,1100.0,1100.0,0.00408307,0.000284645,"146,162,'1',0.000284645,0.00408307,0.0730692,1100.0,1100.0,1100.0,0.0,0.0,0.0,0.0,1,1,0.0,1,1.0,0,1.0,0,1.0,0,1.0",162
0.0,1,315,True,0.7,0.7,0.7,0.003143,0.000535865,"315,314,'1',0.000535865,0.003143,0.0,0.7,0.7,0.7,0.0,0.0,0.0,0.0,1,1,0.0,1,1.0,0,1.0,0,1.0,0,1.0",314
0.0241686,1,31,True,145.0,145.0,145.0,0.0748692,0.00779682,"31,205,'1',0.00779682,0.0748692,0.0241686,145.0,145.0,145.0,0.0,0.0,0.0,0.0,1,1,0.0,1,1.0,0,1.0,0,1.0,0,1.0",205
0.00434489,1,10,True,145.0,145.0,145.0,0.0134595,0.00140166,"10,349,'1',0.00140166,0.0134595,0.00434489,145.0,145.0,145.0,0.0,0.0,0.0,0.0,1,1,0.0,1,1.0,0,1.0,0,1.0,0,1.0",349
0.00993172,1,279,True,145.0,145.0,145.0,0.0307663,0.00320398,"279,468,'1',0.00320398,0.0307663,0.00993172,145.0,145.0,145.0,0.0,0.0,0.0,0.0,1,1,0.0,1,1.0,0,1.0,0,1.0,0,1.0",468
0.0060508,1,488,True,280.0,280.0,280.0,0.0170745,0.00186134,"488,156,'1',0.00186134,0.0170745,0.0060508,280.0,280.0,280.0,0.0,0.0,0.0,0.0,1,1,0.0,1,1.0,0,1.0,0,1.0,0,1.0",156
0.00717509,1,21,True,365.0,365.0,365.0,0.0202471,0.00220719,"21,196,'1',0.00220719,0.0202471,0.00717509,365.0,365.0,365.0,0.0,0.0,0.0,0.0,1,1,0.0,1,1.0,0,1.0,0,1.0,0,1.0",196
0.0,1,51,True,0.6,0.6,0.6,0.00367224,0.000657783,"51,48,'1',0.000657783,0.00367224,0.0,0.6,0.6,0.6,0.0,0.0,0.0,0.0,1,1,0.0,1,1.0,0,1.0,0,1.0,0,1.0",48
0.0114636,1,460,True,145.0,145.0,145.0,0.0355118,0.00369817,"460,340,'1',0.00369817,0.0355118,0.0114636,145.0,145.0,145.0,0.0,0.0,0.0,0.0,1,1,0.0,1,1.0,0,1.0,0,1.0,0,1.0",340
0.0,1,64,True,45.6,45.6,45.6,0.00327389,0.000661196,"64,62,'1',0.000661196,0.00327389,0.0,45.6,45.6,45.6,0.0,0.0,0.0,0.0,1,1,0.0,1,1.0,0,1.0,0,1.0,0,1.0",62
0.0,1,215,True,124.1,124.1,124.1,0.00381322,0.000578396,"215,214,'1',0.000578396,0.00381322,0.0,124.1,124.1,124.1,0.0,0.0,0.0,0.0,1,1,0.0,1,1.0,0,1.0,0,1.0,0,1.0",214
0.0,1,92,True,104.2,104.2,104.2,0.00361724,0.0005717,"92,91,'1',0.0005717,0.00361724,0.0,104.2,104.2,104.2,0.0,0.0,0.0,0.0,1,1,0.0,1,1.0,0,1.0,0,1.0,0,1.0",91
0.0,1,303,True,139.2,139.2,139.2,0.00399684,0.000645747,"303,300,'1',0.000645747,0.00399684,0.0,139.2,139.2,139.2,0.0,0.0,0.0,0.0,1,1,0.0,1,1.0,0,1.0,0,1.0,0,1.0",300
0.0,1,28,True,108.6,108.6,108.6,0.00396302,0.000686715,"28,27,'1',0.000686715,0.00396302,0.0,108.6,108.6,108.6,0.0,0.0,0.0,0.0,1,1,0.0,1,1.0,0,1.0,0,1.0,0,1.0",27
0.0111926,1,108,True,220.0,220.0,220.0,0.0346724,0.00361075,"108,495,'1',0.00361075,0.0346724,0.0111926,220.0,220.0,220.0,0.0,0.0,0.0,0.0,1,1,0.0,1,1.0,0,1.0,0,1.0,0,1.0",495
0.0104588,1,405,True,170.0,170.0,170.0,0.0323992,0.00337403,"405,300,'1',0.00337403,0.0323992,0.0104588,170.0,170.0,170.0,0.0,0.0,0.0,0.0,1,1,0.0,1,1.0,0,1.0,0,1.0,0,1.0",300
0.0,1,54,True,51.3,51.3,51.3,0.00306134,0.000680462,"54,53,'1',0.000680462,0.00306134,0.0,51.3,51.3,51.3,0.0,0.0,0.0,0.0,1,1,0.0,1,1.0,0,1.0,0,1.0,0,1.0",53
0.15227,1,440,True,900.0,900.0,900.0,0.00872563,0.000600772,"440,57,'1',0.000600772,0.00872563,0.15227,900.0,900.0,900.0,0.0,0.0,0.0,0.0,1,1,0.0,1,1.0,0,1.0,0,1.0,0,1.0",57
0.0151462,1,401,True,145.0,145.0,145.0,0.0469198,0.00488619,"401,5,'1',0.00488619,0.0469198,0.0151462,145.0,145.0,145.0,0.0,0.0,0.0,0.0,1,1,0.0,1,1.0,0,1.0,0,1.0,0,1.0",5
0.0,1,259,True,11.9,11.9,11.9,0.00357883,0.000651994,"259,253,'1',0.000651994,0.00357883,0.0,11.9,11.9,11.9,0.0,0.0,0.0,0.0,1,1,0.0,1,1.0,0,1.0,0,1.0,0,1.0",253
0.00602214,1,429,True,145.0,145.0,145.0,0.0169936,0.00185252,"429,466,'1',0.00185252,0.0169936,0.00602214,145.0,145.0,145.0,0.0,0.0,0.0,0.0,1,1,0.0,1,1.0,0,1.0,0,1.0,0,1.0",466
0.00791693,1,356,True,270.0,270.0,270.0,0.0245249,0.00255401,"356,208,'1',0.00255401,0.0245249,0.00791693,270.0,270.0,270.0,0.0,0.0,0.0,0.0,1,1,0.0,1,1.0,0,1.0,0,1.0,0,1.0",208
0.387505,1,162,True,1100.0,1100.0,1100.0,0.018388,0.00139,"162,220,'1',0.00139,0.018388,0.387505,1100.0,1100.0,1100.0,0.0,0.0,0.0,0.0,1,1,0.0,1,1.0,0,1.0,0,1.0,0,1.0",220
0.0138498,1,106,True,270.0,270.0,270.0,0.0429036,0.00446795,"106,191,'1',0.00446795,0.0429036,0.0138498,270.0,270.0,270.0,0.0,0.0,0.0,0.0,1,1,0.0,1,1.0,0,1.0,0,1.0,0,1.0",191
0.00572937,1,495,True,270.0,270.0,270.0,0.0161675,0.00176246,"495,449,'1',0.00176246,0.0161675,0.00572937,270.0,270.0,270.0,0.0,0.0,0.0,0.0,1,1,0.0,1,1.0,0,1.0,0,1.0,0,1.0",449
0.00789698,1,121,True,145.0,145.0,145.0,0.0244631,0.00254757,"121,276,'1',0.00254757,0.0244631,0.00789698,145.0,145.0,145.0,0.0,0.0,0.0,0.0,1,1,0.0,1,1.0,0,1.0,0,1.0,0,1.0",276
0.012028,1,244,True,145.0,145.0,145.0,0.0339415,0.00370005,"244,426,'1',0.00370005,0.0339415,0.012028,145.0,145.0,145.0,0.0,0.0,0.0,0.0,1,1,0.0,1,1.0,0,1.0,0,1.0,0,1.0",426
0.00795729,1,160,True,145.0,145.0,145.0,0.02465,0.00256703,"160,212,'1',0.00256703,0.02465,0.00795729,145.0,145.0,145.0,0.0,0.0,0.0,0.0,1,1,0.0,1,1.0,0,1.0,0,1.0,0,1.0",212
0.0,1,355,True,28.3,28.3,28.3,0.00376008,0.00068847,"355,354,'1',0.00068847,0.00376008,0.0,28.3,28.3,28.3,0.0,0.0,0.0,0.0,1,1,0.0,1,1.0,0,1.0,0,1.0,0,1.0",354
0.0,1,286,True,13.4,13.4,13.4,0.00326582,0.0006672,"286,285,'1',0.0006672,0.00326582,0.0,13.4,13.4,13.4,0.0,0.0,0.0,0.0,1,1,0.0,1,1.0,0,1.0,0,1.0,0,1.0",285
0.278508,1,175,True,1050.0,1050.0,1050.0,0.0159595,0.00109884,"175,220,'1',0.00109884,0.0159595,0.278508,1050.0,1050.0,1050.0,0.0,0.0,0.0,0.0,1,1,0.0,1,1.0,0,1.0,0,1.0,0,1.0",220
0.0126257,1,202,True,145.0,145.0,145.0,0.0391117,0.00407306,"202,172,'1',0.00407306,0.0391117,0.0126257,145.0,145.0,145.0,0.0,0.0,0.0,0.0,1,1,0.0,1,1.0,0,1.0,0,1.0,0,1.0",172
0.0108046,1,477,True,300.0,300.0,300.0,0.0334702,0.00348556,"477,295,'1',0.00348556,0.0334702,0.0108046,300.0,300.0,300.0,0.0,0.0,0.0,0.0,1,1,0.0,1,1.0,0,1.0,0,1.0,0,1.0",295
0.0068781,1,143,True,250.0,250.0,250.0,0.019409,0.00211583,"143,338,'1',0.00211583,0.019409,0.0068781,250.0,250.0,250.0,0.0,0.0,0.0,0.0,1,1,0.0,1,1.0,0,1.0,0,1.0,0,1.0",338
0.0,1,115,True,6.7,6.7,6.7,0.00336036,0.000506233,"115,114,'1',0.000506233,0.00336036,0.0,6.7,6.7,6.7,0.0,0.0,0.0,0.0,1,1,0.0,1,1.0,0,1.0,0,1.0,0,1.0",114
0.0,1,107,True,24.5,24.5,24.5,0.00320633,0.000574563,"107,106,'1',0.000574563,0.00320633,0.0,24.5,24.5,24.5,0.0,0.0,0.0,0.0,1,1,0.0,1,1.0,0,1.0,0,1.0,0,1.0",106
0.0,1,90,True,10.5,10.5,10.5,0.00386402,0.000554087,"90,89,'1',0.000554087,0.00386402,0.0,10.5,10.5,10.5,0.0,0.0,0.0,0.0,1,1,0.0,1,1.0,0,1.0,0,1.0,0,1.0",89
0.0,1,348,True,138.5,138.5,138.5,0.003119,0.000578713,"348,347,'1',0.000578713,0.003119,0.0,138.5,138.5,138.5,0.0,0.0,0.0,0.0,1,1,0.0,1,1.0,0,1.0,0,1.0,0,1.0",347
0.14837,1,23,True,1100.0,1100.0,1100.0,0.0070405,0.000532103,"23,471,'1',0.000532103,0.0070405,0.14837,1100.0,1100.0,1100.0,0.0,0.0,0.0,0.0,1,1,0.0,1,1.0,0,1.0,0,1.0,0,1.0",471
0.0,1,335,True,1.3,1.3,1.3,0.00355176,0.000626899,"335,333,'1',0.000626899,0.00355176,0.0,1.3,1.3,1.3,0.0,0.0,0.0,0.0,1,1,0.0,1,1.0,0,1.0,0,1.0,0,1.0",333
0.0,1,86,True,30.0,30.0,30.0,0.00390108,0.00065231,"86,85,'1',0.00065231,0.00390108,0.0,30.0,30.0,30.0,0.0,0.0,0.0,0.0,1,1,0.0,1,1.0,0,1.0,0,1.0,0,1.0",85
0.0126918,1,95,True,270.0,270.0,270.0,0.0393163,0.00409437,"95,369,'1',0.00409437,0.0393163,0.0126918,270.0,270.0,270.0,0.0,0.0,0.0,0.0,1,1,0.0,1,1.0,0,1.0,0,1.0,0,1.0",369
0.0,1,103,True,64.6,64.6,64.6,0.00387398,0.000613984,"103,102,'1',0.000613984,0.00387398,0.0,64.6,64.6,64.6,0.0,0.0,0.0,0.0,1,1,0.0,1,1.0,0,1.0,0,1.0,0,1.0",102
0.0,1,61,True,0.3,0.3,0.3,0.00351793,0.000528782,"61,60,'1',0.000528782,0.00351793,0.0,0.3,0.3,0.3,0.0,0.0,0.0,0.0,1,1,0.0,1,1.0,0,1.0,0,1.0,0,1.0",60
0.00463231,1,253,True,250.0,250.0,250.0,0.0143499,0.00149439,"253,119,'1',0.00149439,0.0143499,0.00463231,250.0,250.0,250.0,0.0,0.0,0.0,0.0,1,1,0.0,1,1.0,0,1.0,0,1.0,0,1.0",119
0.0,1,450,True,1.5,1.5,1.5,0.00332782,0.000521353,"450,449,'1',0.000521353,0.00332782,0.0,1.5,1.5,1.5,0.0,0.0,0.0,0.0,1,1,0.0,1,1.0,0,1.0,0,1.0,0,1.0",449
0.125732,1,371,True,1350.0,1350.0,1350.0,0.0059663,0.000450918,"371,195,'1',0.000450918,0.0059663,0.125732,1350.0,1350.0,1350.0,0.0,0.0,0.0,0.0,1,1,0.0,1,1.0,0,1.0,0,1.0,0,1.0",195
0.009385,1,242,True,300.0,300.0,300.0,0.029073,0.003028,"242,320,'1',0.003028,0.029073,0.009385,300.0,300.0,300.0,0.0,0.0,0.0,0.0,1,1,0.0,1,1.0,0,1.0,0,1.0,0,1.0",320
0.0,1,6,True,4.5,4.5,4.5,0.00356302,0.000555857,"6,5,'1',0.000555857,0.00356302,0.0,4.5,4.5,4.5,0.0,0.0,0.0,0.0,1,1,0.0,1,1.0,0,1.0,0,1.0,0,1.0",5
0.0225277,1,62,True,200.0,200.0,200.0,0.069786,0.00726746,"62,457,'1',0.00726746,0.069786,0.0225277,200.0,200.0,200.0,0.0,0.0,0.0,0.0,1,1,0.0,1,1.0,0,1.0,0,1.0,0,1.0",457
0.0224998,1,3,True,145.0,145.0,145.0,0.0696995,0.00725845,"3,479,'1',0.00725845,0.0696995,0.0224998,145.0,145.0,145.0,0.0,0.0,0.0,0.0,1,1,0.0,1,1.0,0,1.0,0,1.0,0,1.0",479
0.00569025,1,423,True,270.0,270.0,270.0,0.0176272,0.00183568,"423,87,'1',0.00183568,0.0176272,0.00569025,270.0,270.0,270.0,0.0,0.0,0.0,0.0,1,1,0.0,1,1.0,0,1.0,0,1.0,0,1.0",87
0.00642694,1,449,True,145.0,145.0,145.0,0.0199093,0.00207334,"449,330,'1',0.00207334,0.0199093,0.00642694,145.0,145.0,145.0,0.0,0.0,0.0,0.0,1,1,0.0,1,1.0,0,1.0,0,1.0,0,1.0",330
0.00843787,1,216,True,170.0,170.0,170.0,0.0238105,0.00259564,"216,70,'1',0.00259564,0.0238105,0.00843787,170.0,170.0,170.0,0.0,0.0,0.0,0.0,1,1,0.0,1,1.0,0,1.0,0,1.0,0,1.0",70
0.264105,1,23,True,1000.0,1000.0,1000.0,0.0125324,0.000947169,"23,464,'1',0.000947169,0.0125324,0.264105,1000.0,1000.0,1000.0,0.0,0.0,0.0,0.0,1,1,0.0,1,1.0,0,1.0,0,1.0,0,1.0",464
0.0127451,1,269,True,270.0,270.0,270.0,0.035965,0.00392064,"269,93,'1',0.00392064,0.035965,0.0127451,270.0,270.0,270.0,0.0,0.0,0.0,0.0,1,1,0.0,1,1.0,0,1.0,0,1.0,0,1.0",93
0.0160089,1,191,True,270.0,270.0,270.0,0.0495921,0.00516448,"191,293,'1',0.00516448,0.0495921,0.0160089,270.0,270.0,270.0,0.0,0.0,0.0,0.0,1,1,0.0,1,1.0,0,1.0,0,1.0,0,1.0",293
0.0,1,203,True,6.6,6.6,6.6,0.00361759,0.000643509,"203,202,'1',0.000643509,0.00361759,0.0,6.6,6.6,6.6,0.0,0.0,0.0,0.0,1,1,0.0,1,1.0,0,1.0,0,1.0,0,1.0",202
0.0,1,309,True,13.6,13.6,13.6,0.00399544,0.000657742,"309,308,'1',0.000657742,0.00399544,0.0,13.6,13.6,13.6,0.0,0.0,0.0,0.0,1,1,0.0,1,1.0,0,1.0,0,1.0,0,1.0",308
0.0,1,155,True,90.0,90.0,90.0,0.00300512,0.000532627,"155,154,'1',0.000532627,0.00300512,0.0,90.0,90.0,90.0,0.0,0.0,0.0,0.0,1,1,0.0,1,1.0,0,1.0,0,1.0,0,1.0",154
0.0079052,1,253,True,145.0,145.0,145.0,0.0244886,0.00255022,"253,347,'1',0.00255022,0.0244886,0.0079052,145.0,145.0,145.0,0.0,0.0,0.0,0.0,1,1,0.0,1,1.0,0,1.0,0,1.0,0,1.0",347
0.00720941,1,210,True,270.0,270.0,270.0,0.020344,0.00221775,"210,24,'1',0.00221775,0.020344,0.00720941,270.0,270.0,270.0,0.0,0.0,0.0,0.0,1,1,0.0,1,1.0,0,1.0,0,1.0,0,1.0",24
0.0,1,120,True,46.6,46.6,46.6,0.00305904,0.000556147,"120,119,'1',0.000556147,0.00305904,0.0,46.6,46.6,46.6,0.0,0.0,0.0,0.0,1,1,0.0,1,1.0,0,1.0,0,1.0,0,1.0",119
0.0,1,13,True,65.5,65.5,65.5,0.00313413,0.000623092,"13,12,'1',0.000623092,0.00313413,0.0,65.5,65.5,65.5,0.0,0.0,0.0,0.0,1,1,0.0,1,1.0,0,1.0,0,1.0,0,1.0",12
0.0,1,109,True,62.9,62.9,62.9,0.00300957,0.000658007,"109,108,'1',0.000658007,0.00300957,0.0,62.9,62.9,62.9,0.0,0.0,0.0,0.0,1,1,0.0,1,1.0,0,1.0,0,1.0,0,1.0",108
0.0,1,398,True,24.4,24.4,24.4,0.00310551,0.00069213,"398,387,'1',0.00069213,0.00310551,0.0,24.4,24.4,24.4,0.0,0.0,0.0,0.0,1,1,0.0,1,1.0,0,1.0,0,1.0,0,1.0",387
0.219489,1,440,True,1000.0,1000.0,1000.0,0.0122649,0.00085503,"440,386,'1',0.00085503,0.0122649,0.219489,1000.0,1000.0,1000.0,0.0,0.0,0.0,0.0,1,1,0.0,1,1.0,0,1.0,0,1.0,0,1.0",386
0.0,1,111,True,87.0,87.0,87.0,0.00370826,0.000526841,"111,110,'1',0.000526841,0.00370826,0.0,87.0,87.0,87.0,0.0,0.0,0.0,0.0,1,1,0.0,1,1.0,0,1.0,0,1.0,0,1.0",110
0.0,1,122,True,70.4,70.4,70.4,0.00384643,0.000554934,"122,121,'1',0.000554934,0.00384643,0.0,70.4,70.4,70.4,0.0,0.0,0.0,0.0,1,1,0.0,1,1.0,0,1.0,0,1.0,0,1.0",121
0.00713588,1,365,True,150.0,150.0,150.0,0.0221054,0.00230204,"365,454,'1',0.00230204,0.0221054,0.00713588,150.0,150.0,150.0,0.0,0.0,0.0,0.0,1,1,0.0,1,1.0,0,1.0,0,1.0,0,1.0",454
0.181884,1,165,True,1000.0,1000.0,1000.0,0.0104226,0.000717614,"165,386,'1',0.000717614,0.0104226,0.181884,1000.0,1000.0,1000.0,0.0,0.0,0.0,0.0,1,1,0.0,1,1.0,0,1.0,0,1.0,0,1.0",386
0.0,1,406,True,8.2,8.2,8.2,0.00355107,0.000583485,"406,405,'1',0.000583485,0.00355107,0.0,8.2,8.2,8.2,0.0,0.0,0.0,0.0,1,1,0.0,1,1.0,0,1.0,0,1.0,0,1.0",405
0.0173818,1,27,True,300.0,300.0,300.0,0.053845,0.00560738,"27,68,'1',0.00560738,0.053845,0.0173818,300.0,300.0,300.0,0.0,0.0,0.0,0.0,1,1,0.0,1,1.0,0,1.0,0,1.0,0,1.0",68
0.011604,1,423,True,450.0,450.0,450.0,0.035945,0.003743,"423,496,'1',0.003743,0.035945,0.011604,450.0,450.0,450.0,0.0,0.0,0.0,0.0,1,1,0.0,1,1.0,0,1.0,0,1.0,0,1.0",496
0.0,1,379,True,20.3,20.3,20.3,0.00381889,0.000586551,"379,378,'1',0.000586551,0.00381889,0.0,20.3,20.3,20.3,0.0,0.0,0.0,0.0,1,1,0.0,1,1.0,0,1.0,0,1.0,0,1.0",378
0.0134209,1,55,True,145.0,145.0,145.0,0.041575,0.00432958,"55,66,'1',0.00432958,0.041575,0.0134209,145.0,145.0,145.0,0.0,0.0,0.0,0.0,1,1,0.0,1,1.0,0,1.0,0,1.0,0,1.0",66
0.0060281,1,15,True,220.0,220.0,220.0,0.0170105,0.00185435,"15,369,'1',0.00185435,0.0170105,0.0060281,220.0,220.0,220.0,0.0,0.0,0.0,0.0,1,1,0.0,1,1.0,0,1.0,0,1.0,0,1.0",369
0.00802886,1,454,True,300.0,300.0,300.0,0.0226563,0.00246982,"454,29,'1',0.00246982,0.0226563,0.00802886,300.0,300.0,300.0,0.0,0.0,0.0,0.0,1,1,0.0,1,1.0,0,1.0,0,1.0,0,1.0",29
0.0,1,343,True,3.7,3.7,3.7,0.00362776,0.000575653,"343,342,'1',0.000575653,0.00362776,0.0,3.7,3.7,3.7,0.0,0.0,0.0,0.0,1,1,0.0,1,1.0,0,1.0,0,1.0,0,1.0",342
0.0,1,100,True,22.7,22.7,22.7,0.00362034,0.000644448,"100,99,'1',0.000644448,0.00362034,0.0,22.7,22.7,22.7,0.0,0.0,0.0,0.0,1,1,0.0,1,1.0,0,1.0,0,1.0,0,1.0",99
0.0165088,1,191,True,270.0,270.0,270.0,0.0511408,0.00532577,"191,205,'1',0.00532577,0.0511408,0.0165088,270.0,270.0,270.0,0.0,0.0,0.0,0.0,1,1,0.0,1,1.0,0,1.0,0,1.0,0,1.0",205
0.00892502,1,408,True,260.0,260.0,260.0,0.0276478,0.00287922,"408,212,'1',0.00287922,0.0276478,0.00892502,260.0,260.0,260.0,0.0,0.0,0.0,0.0,1,1,0.0,1,1.0,0,1.0,0,1.0,0,1.0",212
0.0161452,1,281,True,220.0,220.0,220.0,0.0455596,0.00496657,"281,328,'1',0.00496657,0.0455596,0.0161452,220.0,220.0,220.0,0.0,0.0,0.0,0.0,1,1,0.0,1,1.0,0,1.0,0,1.0,0,1.0",328
0.00886423,1,322,True,270.0,270.0,270.0,0.0274595,0.00285961,"322,208,'1',0.00285961,0.0274595,0.00886423,270.0,270.0,270.0,0.0,0.0,0.0,0.0,1,1,0.0,1,1.0,0,1.0,0,1.0,0,1.0",208
0.00696141,1,376,True,145.0,145.0,145.0,0.0215649,0.00224576,"376,460,'1',0.00224576,0.0215649,0.00696141,145.0,145.0,145.0,0.0,0.0,0.0,0.0,1,1,0.0,1,1.0,0,1.0,0,1.0,0,1.0",460
0.0118731,1,281,True,200.0,200.0,200.0,0.0367805,0.00383029,"281,384,'1',0.00383029,0.0367805,0.0118731,200.0,200.0,200.0,0.0,0.0,0.0,0.0,1,1,0.0,1,1.0,0,1.0,0,1.0,0,1.0",384
0.0140487,1,58,True,200.0,200.0,200.0,0.04352,0.00453214,"58,253,'1',0.00453214,0.04352,0.0140487,200.0,200.0,200.0,0.0,0.0,0.0,0.0,1,1,0.0,1,1.0,0,1.0,0,1.0,0,1.0",253
0.0,1,20,True,7.5,7.5,7.5,0.00388582,0.000541213,"20,19,'1',0.000541213,0.00388582,0.0,7.5,7.5,7.5,0.0,0.0,0.0,0.0,1,1,0.0,1,1.0,0,1.0,0,1.0,0,1.0",19
0.0,1,227,True,8.9,8.9,8.9,0.00334733,0.000666804,"227,226,'1',0.000666804,0.00334733,0.0,8.9,8.9,8.9,0.0,0.0,0.0,0.0,1,1,0.0,1,1.0,0,1.0,0,1.0,0,1.0",226
0.0,1,94,True,8.2,8.2,8.2,0.00328149,0.000536047,"94,93,'1',0.000536047,0.00328149,0.0,8.2,8.2,8.2,0.0,0.0,0.0,0.0,1,1,0.0,1,1.0,0,1.0,0,1.0,0,1.0",93
0.302921,1,246,True,900.0,900.0,900.0,0.0143743,0.00108637,"246,471,'1',0.00108637,0.0143743,0.302921,900.0,900.0,900.0,0.0,0.0,0.0,0.0,1,1,0.0,1,1.0,0,1.0,0,1.0,0,1.0",471
0.0150551,1,170,True,145.0,145.0,145.0,0.0424835,0.00463124,"170,226,'1',0.00463124,0.0424835,0.0150551,145.0,145.0,145.0,0.0,0.0,0.0,0.0,1,1,0.0,1,1.0,0,1.0,0,1.0,0,1.0",226
0.0,1,43,True,7.7,7.7,7.7,0.00311887,0.000541641,"43,42,'1',0.000541641,0.00311887,0.0,7.7,7.7,7.7,0.0,0.0,0.0,0.0,1,1,0.0,1,1.0,0,1.0,0,1.0,0,1.0",42
0.0,1,47,True,63.0,63.0,63.0,0.00345412,0.000602161,"47,46,'1',0.000602161,0.00345412,0.0,63.0,63.0,63.0,0.0,0.0,0.0,0.0,1,1,0.0,1,1.0,0,1.0,0,1.0,0,1.0",46
0.0,1,26,True,29.5,29.5,29.5,0.00372943,0.000563017,"26,24,'1',0.000563017,0.00372943,0.0,29.5,29.5,29.5,0.0,0.0,0.0,0.0,1,1,0.0,1,1.0,0,1.0,0,1.0,0,1.0",24
0.00667889,1,238,True,200.0,200.0,200.0,0.0206898,0.00215462,"238,152,'1',0.00215462,0.0206898,0.00667889,200.0,200.0,200.0,0.0,0.0,0.0,0.0,1,1,0.0,1,1.0,0,1.0,0,1.0,0,1.0",152
0.0,1,182,True,145.7,145.7,145.7,0.00371534,0.000631056,"182,181,'1',0.000631056,0.00371534,0.0,145.7,145.7,145.7,0.0,0.0,0.0,0.0,1,1,0.0,1,1.0,0,1.0,0,1.0,0,1.0",181
0.0,1,25,True,3.6,3.6,3.6,0.00362887,0.000613052,"25,24,'1',0.000613052,0.00362887,0.0,3.6,3.6,3.6,0.0,0.0,0.0,0.0,1,1,0.0,1,1.0,0,1.0,0,1.0,0,1.0",24
0.015163,1,228,True,240.0,240.0,240.0,0.0469716,0.00489159,"228,468,'1',0.00489159,0.0469716,0.015163,240.0,240.0,240.0,0.0,0.0,0.0,0.0,1,1,0.0,1,1.0,0,1.0,0,1.0,0,1.0",468
0.0,1,416,True,8.7,8.7,8.7,0.00383368,0.00053033,"416,415,'1',0.00053033,0.00383368,0.0,8.7,8.7,8.7,0.0,0.0,0.0,0.0,1,1,0.0,1,1.0,0,1.0,0,1.0,0,1.0",415
0.0,1,67,True,6.7,6.7,6.7,0.00335859,0.000661357,"67,66,'1',0.000661357,0.00335859,0.0,6.7,6.7,6.7,0.0,0.0,0.0,0.0,1,1,0.0,1,1.0,0,1.0,0,1.0,0,1.0",66
0.0,1,206,True,4.4,4.4,4.4,0.00302814,0.00055441,"206,205,'1',0.00055441,0.00302814,0.0,4.4,4.4,4.4,0.0,0.0,0.0,0.0,1,1,0.0,1,1.0,0,1.0,0,1.0,0,1.0",205
0.0094946,1,304,True,195.0,195.0,195.0,0.0294122,0.00306297,"304,129,'1',0.00306297,0.0294122,0.0094946,195.0,195.0,195.0,0.0,0.0,0.0,0.0,1,1,0.0,1,1.0,0,1.0,0,1.0,0,1.0",129
0.0215265,1,308,True,145.0,145.0,145.0,0.0666846,0.00694448,"308,500,'1',0.00694448,0.0666846,0.0215265,145.0,145.0,145.0,0.0,0.0,0.0,0.0,1,1,0.0,1,1.0,0,1.0,0,1.0,0,1.0",500
0.00710827,1,19,True,205.0,205.0,205.0,0.0220199,0.00229314,"19,272,'1',0.00229314,0.0220199,0.00710827,205.0,205.0,205.0,0.0,0.0,0.0,0.0,1,1,0.0,1,1.0,0,1.0,0,1.0,0,1.0",272
0.0,1,201,True,14.8,14.8,14.8,0.00317423,0.000685961,"201,200,'1',0.000685961,0.00317423,0.0,14.8,14.8,14.8,0.0,0.0,0.0,0.0,1,1,0.0,1,1.0,0,1.0,0,1.0,0,1.0",200
0.00775314,1,476,True,300.0,300.0,300.0,0.0240175,0.00250117,"476,486,'1',0.00250117,0.0240175,0.00775314,300.0,300.0,300.0,0.0,0.0,0.0,0.0,1,1,0.0,1,1.0,0,1.0,0,1.0,0,1.0",486
0.0147228,1,251,True,300.0,300.0,300.0,0.0415456,0.00452899,"251,360,'1',0.00452899,0.0415456,0.0147228,300.0,300.0,300.0,0.0,0.0,0.0,0.0,1,1,0.0,1,1.0,0,1.0,0,1.0,0,1.0",360
0.0,1,101,True,1.4,1.4,1.4,0.00329389,0.000699472,"101,99,'1',0.000699472,0.00329389,0.0,1.4,1.4,1.4,0.0,0.0,0.0,0.0,1,1,0.0,1,1.0,0,1.0,0,1.0,0,1.0",99
0.0,1,383,True,44.5,44.5,44.5,0.00357322,0.000540888,"383,382,'1',0.000540888,0.00357322,0.0,44.5,44.5,44.5,0.0,0.0,0.0,0.0,1,1,0.0,1,1.0,0,1.0,0,1.0,0,1.0",382
0.0105794,1,221,True,270.0,270.0,270.0,0.0327726,0.00341291,"221,493,'1',0.00341291,0.0327726,0.0105794,270.0,270.0,270.0,0.0,0.0,0.0,0.0,1,1,0.0,1,1.0,0,1.0,0,1.0,0,1.0",493
0.0,1,451,True,3.3,3.3,3.3,0.00319305,0.000524807,"451,449,'1',0.000524807,0.00319305,0.0,3.3,3.3,3.3,0.0,0.0,0.0,0.0,1,1,0.0,1,1.0,0,1.0,0,1.0,0,1.0",449
0.0,1,427,True,18.8,18.8,18.8,0.00302658,0.000676161,"427,426,'1',0.000676161,0.00302658,0.0,18.8,18.8,18.8,0.0,0.0,0.0,0.0,1,1,0.0,1,1.0,0,1.0,0,1.0,0,1.0",426
0.0,1,337,True,9.7,9.7,9.7,0.00390403,0.000562775,"337,336,'1',0.000562775,0.00390403,0.0,9.7,9.7,9.7,0.0,0.0,0.0,0.0,1,1,0.0,1,1.0,0,1.0,0,1.0,0,1.0",336
0.0130718,1,214,True,145.0,145.0,145.0,0.0404935,0.00421696,"214,403,'1',0.00421696,0.0404935,0.0130718,145.0,145.0,145.0,0.0,0.0,0.0,0.0,1,1,0.0,1,1.0,0,1.0,0,1.0,0,1.0",403
0.00691444,1,70,True,170.0,170.0,170.0,0.0195116,0.00212701,"70,490,'1',0.00212701,0.0195116,0.00691444,170.0,170.0,170.0,0.0,0.0,0.0,0.0,1,1,0.0,1,1.0,0,1.0,0,1.0,0,1.0",490
0.00941948,1,37,True,275.0,275.0,275.0,0.0291795,0.00303873,"37,176,'1',0.00303873,0.0291795,0.00941948,275.0,275.0,275.0,0.0,0.0,0.0,0.0,1,1,0.0,1,1.0,0,1.0,0,1.0,0,1.0",176
0.0100375,1,285,True,200.0,200.0,200.0,0.0310941,0.00323811,"285,487,'1',0.00323811,0.0310941,0.0100375,200.0,200.0,200.0,0.0,0.0,0.0,0.0,1,1,0.0,1,1.0,0,1.0,0,1.0,0,1.0",487
0.0,1,422,True,65.4,65.4,65.4,0.00310568,0.000628214,"422,421,'1',0.000628214,0.00310568,0.0,65.4,65.4,65.4,0.0,0.0,0.0,0.0,1,1,0.0,1,1.0,0,1.0,0,1.0,0,1.0",421
0.00673377,1,459,True,185.0,185.0,185.0,0.0190018,0.00207143,"459,496,'1',0.00207143,0.0190018,0.00673377,185.0,185.0,185.0,0.0,0.0,0.0,0.0,1,1,0.0,1,1.0,0,1.0,0,1.0,0,1.0",496
0.0813632,1,386,True,900.0,900.0,900.0,0.00454654,0.000316955,"386,14,'1',0.000316955,0.00454654,0.0813632,900.0,900.0,900.0,0.0,0.0,0.0,0.0,1,1,0.0,1,1.0,0,1.0,0,1.0,0,1.0",14
0.0,1,132,True,41.6,41.6,41.6,0.00361521,0.000673258,"132,131,'1',0.000673258,0.00361521,0.0,41.6,41.6,41.6,0.0,0.0,0.0,0.0,1,1,0.0,1,1.0,0,1.0,0,1.0,0,1.0",131
0.00690355,1,131,True,300.0,300.0,300.0,0.0213857,0.00222709,"131,333,'1',0.00222709,0.0213857,0.00690355,300.0,300.0,300.0,0.0,0.0,0.0,0.0,1,1,0.0,1,1.0,0,1.0,0,1.0,0,1.0",333
0.0,1,11,True,4.0,4.0,4.0,0.00320079,0.000654968,"11,10,'1',0.000654968,0.00320079,0.0,4.0,4.0,4.0,0.0,0.0,0.0,0.0,1,1,0.0,1,1.0,0,1.0,0,1.0,0,1.0",10
0.126682,1,428,False,1100.0,1100.0,1100.0,0.00601139,0.000454325,"428,151,'1',0.000454325,0.00601139,0.126682,1100.0,1100.0,1100.0,0.0,0.0,0.0,0.0,0,1,0.0,1,1.0,0,1.0,0,1.0,0,1.0",151
0.0,1,273,True,15.4,15.4,15.4,0.00399735,0.000567396,"273,272,'1',0.000567396,0.00399735,0.0,15.4,15.4,15.4,0.0,0.0,0.0,0.0,1,1,0.0,1,1.0,0,1.0,0,1.0,0,1.0",272
0.246483,1,80,True,1350.0,1350.0,1350.0,0.0137734,0.000960188,"80,65,'1',0.000960188,0.0137734,0.246483,1350.0,1350.0,1350.0,0.0,0.0,0.0,0.0,1,1,0.0,1,1.0,0,1.0,0,1.0,0,1.0",65
0.0,1,448,True,76.1,76.1,76.1,0.0038421,0.000577707,"448,447,'1',0.000577707,0.0038421,0.0,76.1,76.1,76.1,0.0,0.0,0.0,0.0,1,1,0.0,1,1.0,0,1.0,0,1.0,0,1.0",447
0.0,1,69,True,27.6,27.6,27.6,0.00399823,0.00066883,"69,68,'1',0.00066883,0.00399823,0.0,27.6,27.6,27.6,0.0,0.0,0.0,0.0,1,1,0.0,1,1.0,0,1.0,0,1.0,0,1.0",68
0.0218587,1,242,True,250.0,250.0,250.0,0.0677134,0.00705162,"242,287,'1',0.00705162,0.0677134,0.0218587,250.0,250.0,250.0,0.0,0.0,0.0,0.0,1,1,0.0,1,1.0,0,1.0,0,1.0,0,1.0",287
0.0,1,364,True,40.2,40.2,40.2,0.00355785,0.000513363,"364,360,'1',0.000513363,0.00355785,0.0,40.2,40.2,40.2,0.0,0.0,0.0,0.0,1,1,0.0,1,1.0,0,1.0,0,1.0,0,1.0",360
0.00656993,1,154,True,250.0,250.0,250.0,0.0203522,0.00211946,"154,429,'1',0.00211946,0.0203522,0.00656993,250.0,250.0,250.0,0.0,0.0,0.0,0.0,1,1,0.0,1,1.0,0,1.0,0,1.0,0,1.0",429
0.0,1,278,True,8.4,8.4,8.4,0.0038501,0.000529238,"278,276,'1',0.000529238,0.0038501,0.0,8.4,8.4,8.4,0.0,0.0,0.0,0.0,1,1,0.0,1,1.0,0,1.0,0,1.0,0,1.0",276
0.103547,1,39,False,900.0,900.0,900.0,0.00578618,0.000403375,"39,332,'1',0.000403375,0.00578618,0.103547,900.0,900.0,900.0,0.0,0.0,0.0,0.0,0,1,0.0,1,1.0,0,1.0,0,1.0,0,1.0",332
0.0,1,186,True,76.9,76.9,76.9,0.00306568,0.000561786,"186,185,'1',0.000561786,0.00306568,0.0,76.9,76.9,76.9,0.0,0.0,0.0,0.0,1,1,0.0,1,1.0,0,1.0,0,1.0,0,1.0",185
0.0122672,1,485,True,330.0,330.0,330.0,0.0346162,0.00377361,"485,499,'1',0.00377361,0.0346162,0.0122672,330.0,330.0,330.0,0.0,0.0,0.0,0.0,1,1,0.0,1,1.0,0,1.0,0,1.0,0,1.0",499
0.0,1,88,True,7.7,7.7,7.7,0.00356856,0.000622526,"88,87,'1',0.000622526,0.00356856,0.0,7.7,7.7,7.7,0.0,0.0,0.0,0.0,1,1,0.0,1,1.0,0,1.0,0,1.0,0,1.0",87
0.0,1,36,True,62.9,62.9,62.9,0.00303006,0.000582978,"36,35,'1',0.000582978,0.00303006,0.0,62.9,62.9,62.9,0.0,0.0,0.0,0.0,1,1,0.0,1,1.0,0,1.0,0,1.0,0,1.0",35
0.00702395,1,233,True,200.0,200.0,200.0,0.0217587,0.00226593,"233,486,'1',0.00226593,0.0217587,0.00702395,200.0,200.0,200.0,0.0,0.0,0.0,0.0,1,1,0.0,1,1.0,0,1.0,0,1.0,0,1.0",486
0.00870064,1,358,True,270.0,270.0,270.0,0.024552,0.00267648,"358,97,'1',0.00267648,0.024552,0.00870064,270.0,270.0,270.0,0.0,0.0,0.0,0.0,1,1,0.0,1,1.0,0,1.0,0,1.0,0,1.0",97
0.0144125,1,240,True,220.0,220.0,220.0,0.04067,0.00443354,"240,74,'1',0.00443354,0.04067,0.0144125,220.0,220.0,220.0,0.0,0.0,0.0,0.0,1,1,0.0,1,1.0,0,1.0,0,1.0,0,1.0",74
0.0,1,404,True,26.2,26.2,26.2,0.00346628,0.000615857,"404,403,'1',0.000615857,0.00346628,0.0,26.2,26.2,26.2,0.0,0.0,0.0,0.0,1,1,0.0,1,1.0,0,1.0,0,1.0,0,1.0",403
0.0101407,1,462,True,185.0,185.0,185.0,0.0314136,0.00327139,"462,465,'1',0.00327139,0.0314136,0.0101407,185.0,185.0,185.0,0.0,0.0,0.0,0.0,1,1,0.0,1,1.0,0,1.0,0,1.0,0,1.0",465
0.0,1,30,True,157.0,157.0,157.0,0.00329848,0.000616364,"30,29,'1',0.000616364,0.00329848,0.0,157.0,157.0,157.0,0.0,0.0,0.0,0.0,1,1,0.0,1,1.0,0,1.0,0,1.0,0,1.0",29
0.0913117,1,146,True,900.0,900.0,900.0,0.00433296,0.000327474,"146,195,'1',0.000327474,0.00433296,0.0913117,900.0,900.0,900.0,0.0,0.0,0.0,0.0,1,1,0.0,1,1.0,0,1.0,0,1.0,0,1.0",195
0.0719602,1,332,True,1350.0,1350.0,1350.0,0.00341468,0.000258073,"332,471,'1',0.000258073,0.00341468,0.0719602,1350.0,1350.0,1350.0,0.0,0.0,0.0,0.0,1,1,0.0,1,1.0,0,1.0,0,1.0,0,1.0",471
0.00611875,1,8,True,200.0,200.0,200.0,0.0189546,0.00197391,"8,457,'1',0.00197391,0.0189546,0.00611875,200.0,200.0,200.0,0.0,0.0,0.0,0.0,1,1,0.0,1,1.0,0,1.0,0,1.0,0,1.0",457
0.00971433,1,238,True,185.0,185.0,185.0,0.0300929,0.00313385,"238,46,'1',0.00313385,0.0300929,0.00971433,185.0,185.0,185.0,0.0,0.0,0.0,0.0,1,1,0.0,1,1.0,0,1.0,0,1.0,0,1.0",46
0.0113841,1,183,True,145.0,145.0,145.0,0.0352655,0.00367252,"183,274,'1',0.00367252,0.0352655,0.0113841,145.0,145.0,145.0,0.0,0.0,0.0,0.0,1,1,0.0,1,1.0,0,1.0,0,1.0,0,1.0",274
0.0,1,277,True,0.7,0.7,0.7,0.00366253,0.000538939,"277,276,'1',0.000538939,0.00366253,0.0,0.7,0.7,0.7,0.0,0.0,0.0,0.0,1,1,0.0,1,1.0,0,1.0,0,1.0,0,1.0",276
0.0,1,113,True,73.0,73.0,73.0,0.00311935,0.000644371,"113,112,'1',0.000644371,0.00311935,0.0,73.0,73.0,73.0,0.0,0.0,0.0,0.0,1,1,0.0,1,1.0,0,1.0,0,1.0,0,1.0",112
0.00454964,1,429,True,185.0,185.0,185.0,0.0140938,0.00146772,"429,139,'1',0.00146772,0.0140938,0.00454964,185.0,185.0,185.0,0.0,0.0,0.0,0.0,1,1,0.0,1,1.0,0,1.0,0,1.0,0,1.0",139
0.0,1,381,True,14.4,14.4,14.4,0.00359032,0.000528791,"381,380,'1',0.000528791,0.00359032,0.0,14.4,14.4,14.4,0.0,0.0,0.0,0.0,1,1,0.0,1,1.0,0,1.0,0,1.0,0,1.0",380
0.0,1,153,True,130.1,130.1,130.1,0.00311241,0.000529458,"153,152,'1',0.000529458,0.00311241,0.0,130.1,130.1,130.1,0.0,0.0,0.0,0.0,1,1,0.0,1,1.0,0,1.0,0,1.0,0,1.0",152
0.0,1,32,True,15.7,15.7,15.7,0.00342917,0.000625228,"32,31,'1',0.000625228,0.00342917,0.0,15.7,15.7,15.7,0.0,0.0,0.0,0.0,1,1,0.0,1,1.0,0,1.0,0,1.0,0,1.0",31
0.0,1,194,True,49.3,49.3,49.3,0.00380213,0.000695708,"194,193,'1',0.000695708,0.00380213,0.0,49.3,49.3,49.3,0.0,0.0,0.0,0.0,1,1,0.0,1,1.0,0,1.0,0,1.0,0,1.0",193
0.0259264,1,300,True,220.0,220.0,220.0,0.0803145,0.00836389,"300,478,'1',0.00836389,0.0803145,0.0259264,220.0,220.0,220.0,0.0,0.0,0.0,0.0,1,1,0.0,1,1.0,0,1.0,0,1.0,0,1.0",478
0.0107152,1,417,True,270.0,270.0,270.0,0.0331934,0.00345673,"417,474,'1',0.00345673,0.0331934,0.0107152,270.0,270.0,270.0,0.0,0.0,0.0,0.0,1,1,0.0,1,1.0,0,1.0,0,1.0,0,1.0",474
0.0,1,375,True,43.2,43.2,43.2,0.00300739,0.000501141,"375,374,'1',0.000501141,0.00300739,0.0,43.2,43.2,43.2,0.0,0.0,0.0,0.0,1,1,0.0,1,1.0,0,1.0,0,1.0,0,1.0",374
0.0,1,4,True,225.1,225.1,225.1,0.00351835,0.000692061,"4,3,'1',0.000692061,0.00351835,0.0,225.1,225.1,225.1,0.0,0.0,0.0,0.0,1,1,0.0,1,1.0,0,1.0,0,1.0,0,1.0",3
0.344895,1,235,True,1350.0,1350.0,1350.0,0.016366,0.001237,"235,407,'1',0.001237,0.016366,0.344895,1350.0,1350.0,1350.0,0.0,0.0,0.0,0.0,1,1,0.0,1,1.0,0,1.0,0,1.0,0,1.0",407
0.0147385,1,473,True,145.0,145.0,145.0,0.0456568,0.00475466,"473,133,'1',0.00475466,0.0456568,0.0147385,145.0,145.0,145.0,0.0,0.0,0.0,0.0,1,1,0.0,1,1.0,0,1.0,0,1.0,0,1.0",133
0.236073,1,65,False,900.0,900.0,900.0,0.0131916,0.000919634,"65,297,'1',0.000919634,0.0131916,0.236073,900.0,900.0,900.0,0.0,0.0,0.0,0.0,0,1,0.0,1,1.0,0,1.0,0,1.0,0,1.0",297
0.0,1,331,True,77.4,77.4,77.4,0.00388179,0.000570295,"331,330,'1',0.000570295,0.00388179,0.0,77.4,77.4,77.4,0.0,0.0,0.0,0.0,1,1,0.0,1,1.0,0,1.0,0,1.0,0,1.0",330
0.011577,1,417,True,260.0,260.0,260.0,0.0326687,0.0035613,"417,468,'1',0.0035613,0.0326687,0.011577,260.0,260.0,260.0,0.0,0.0,0.0,0.0,1,1,0.0,1,1.0,0,1.0,0,1.0,0,1.0",468
0.0131267,1,191,True,145.0,145.0,145.0,0.0370417,0.00403801,"191,35,'1',0.00403801,0.0370417,0.0131267,145.0,145.0,145.0,0.0,0.0,0.0,0.0,1,1,0.0,1,1.0,0,1.0,0,1.0,0,1.0",35
0.00655123,1,166,True,270.0,270.0,270.0,0.0202943,0.00211343,"166,289,'1',0.00211343,0.0202943,0.00655123,270.0,270.0,270.0,0.0,0.0,0.0,0.0,1,1,0.0,1,1.0,0,1.0,0,1.0,0,1.0",289
0.0,1,180,True,25.2,25.2,25.2,0.00330225,0.000694046,"180,179,'1',0.000694046,0.00330225,0.0,25.2,25.2,25.2,0.0,0.0,0.0,0.0,1,1,0.0,1,1.0,0,1.0,0,1.0,0,1.0",179
0.00646752,1,260,True,270.0,270.0,270.0,0.0182504,0.00198953,"260,166,'1',0.00198953,0.0182504,0.00646752,270.0,270.0,270.0,0.0,0.0,0.0,0.0,1,1,0.0,1,1.0,0,1.0,0,1.0,0,1.0",166
0.0096902,1,274,True,220.0,220.0,220.0,0.0300181,0.00312607,"274,110,'1',0.00312607,0.0300181,0.0096902,220.0,220.0,220.0,0.0,0.0,0.0,0.0,1,1,0.0,1,1.0,0,1.0,0,1.0,0,1.0",110
0.0076382,1,119,True,270.0,270.0,270.0,0.0215539,0.00234965,"119,129,'1',0.00234965,0.0215539,0.0076382,270.0,270.0,270.0,0.0,0.0,0.0,0.0,1,1,0.0,1,1.0,0,1.0,0,1.0,0,1.0",129
0.0180454,1,347,True,270.0,270.0,270.0,0.0509217,0.00555111,"347,417,'1',0.00555111,0.0509217,0.0180454,270.0,270.0,270.0,0.0,0.0,0.0,0.0,1,1,0.0,1,1.0,0,1.0,0,1.0,0,1.0",417
0.00965689,1,236,True,270.0,270.0,270.0,0.029915,0.00311532,"236,106,'1',0.00311532,0.029915,0.00965689,270.0,270.0,270.0,0.0,0.0,0.0,0.0,1,1,0.0,1,1.0,0,1.0,0,1.0,0,1.0",106
0.0163871,1,83,True,220.0,220.0,220.0,0.0507639,0.00528651,"83,33,'1',0.00528651,0.0507639,0.0163871,220.0,220.0,220.0,0.0,0.0,0.0,0.0,1,1,0.0,1,1.0,0,1.0,0,1.0,0,1.0",33
0.0,1,174,True,12.3,12.3,12.3,0.00303893,0.000585944,"174,172,'1',0.000585944,0.00303893,0.0,12.3,12.3,12.3,0.0,0.0,0.0,0.0,1,1,0.0,1,1.0,0,1.0,0,1.0,0,1.0",172
0.00967175,1,137,True,200.0,200.0,200.0,0.029961,0.00312011,"137,214,'1',0.00312011,0.029961,0.00967175,200.0,200.0,200.0,0.0,0.0,0.0,0.0,1,1,0.0,1,1.0,0,1.0,0,1.0,0,1.0",214
0.0,1,339,True,98.2,98.2,98.2,0.00362926,0.000558098,"339,338,'1',0.000558098,0.00362926,0.0,98.2,98.2,98.2,0.0,0.0,0.0,0.0,1,1,0.0,1,1.0,0,1.0,0,1.0,0,1.0",338
0.00829519,1,139,True,185.0,185.0,185.0,0.0256967,0.00267603,"139,376,'1',0.00267603,0.0256967,0.00829519,185.0,185.0,185.0,0.0,0.0,0.0,0.0,1,1,0.0,1,1.0,0,1.0,0,1.0,0,1.0",376
0.00656004,1,89,True,145.0,145.0,145.0,0.0203216,0.00211627,"89,187,'1',0.00211627,0.0203216,0.00656004,145.0,145.0,145.0,0.0,0.0,0.0,0.0,1,1,0.0,1,1.0,0,1.0,0,1.0,0,1.0",187
0.0115523,1,8,True,300.0,300.0,300.0,0.0357864,0.00372677,"8,287,'1',0.00372677,0.0357864,0.0115523,300.0,300.0,300.0,0.0,0.0,0.0,0.0,1,1,0.0,1,1.0,0,1.0,0,1.0,0,1.0",287
0.0,1,161,True,44.8,44.8,44.8,0.00356777,0.000555543,"161,160,'1',0.000555543,0.00356777,0.0,44.8,44.8,44.8,0.0,0.0,0.0,0.0,1,1,0.0,1,1.0,0,1.0,0,1.0,0,1.0",160
0.0,1,150,True,2.4,2.4,2.4,0.00369307,0.000679998,"150,149,'1',0.000679998,0.00369307,0.0,2.4,2.4,2.4,0.0,0.0,0.0,0.0,1,1,0.0,1,1.0,0,1.0,0,1.0,0,1.0",149
0.0,1,217,True,71.7,71.7,71.7,0.0031293,0.000600023,"217,216,'1',0.000600023,0.0031293,0.0,71.7,71.7,71.7,0.0,0.0,0.0,0.0,1,1,0.0,1,1.0,0,1.0,0,1.0,0,1.0",216
0.0649037,1,262,True,1000.0,1000.0,1000.0,0.00362679,0.000252836,"262,232,'1',0.000252836,0.00362679,0.0649037,1000.0,1000.0,1000.0,0.0,0.0,0.0,0.0,1,1,0.0,1,1.0,0,1.0,0,1.0,0,1.0",232
0.0106188,1,200,True,250.0,250.0,250.0,0.0299647,0.00326654,"200,163,'1',0.00326654,0.0299647,0.0106188,250.0,250.0,250.0,0.0,0.0,0.0,0.0,1,1,0.0,1,1.0,0,1.0,0,1.0,0,1.0",163
0.0,1,370,True,62.2,62.2,62.2,0.00306343,0.000569137,"370,369,'1',0.000569137,0.00306343,0.0,62.2,62.2,62.2,0.0,0.0,0.0,0.0,1,1,0.0,1,1.0,0,1.0,0,1.0,0,1.0",369
0.0151789,1,267,True,220.0,220.0,220.0,0.0470211,0.00489674,"267,31,'1',0.00489674,0.0470211,0.0151789,220.0,220.0,220.0,0.0,0.0,0.0,0.0,1,1,0.0,1,1.0,0,1.0,0,1.0,0,1.0",31
0.167256,1,297,True,900.0,900.0,900.0,0.00934618,0.000651554,"297,440,'1',0.000651554,0.00934618,0.167256,900.0,900.0,900.0,0.0,0.0,0.0,0.0,1,1,0.0,1,1.0,0,1.0,0,1.0,0,1.0",440
0.0246013,1,135,True,300.0,300.0,300.0,0.0694215,0.00756782,"135,287,'1',0.00756782,0.0694215,0.0246013,300.0,300.0,300.0,0.0,0.0,0.0,0.0,1,1,0.0,1,1.0,0,1.0,0,1.0,0,1.0",287
0.00927578,1,181,True,145.0,145.0,145.0,0.0287344,0.00299237,"181,97,'1',0.00299237,0.0287344,0.00927578,145.0,145.0,145.0,0.0,0.0,0.0,0.0,1,1,0.0,1,1.0,0,1.0,0,1.0,0,1.0",97
0.0097482,1,490,True,300.0,300.0,300.0,0.0275081,0.00299873,"490,117,'1',0.00299873,0.0275081,0.0097482,300.0,300.0,300.0,0.0,0.0,0.0,0.0,1,1,0.0,1,1.0,0,1.0,0,1.0,0,1.0",117
0.00630167,1,108,True,185.0,185.0,185.0,0.0195212,0.00203292,"108,472,'1',0.00203292,0.0195212,0.00630167,185.0,185.0,185.0,0.0,0.0,0.0,0.0,1,1,0.0,1,1.0,0,1.0,0,1.0,0,1.0",472
0.00888817,1,193,True,175.0,175.0,175.0,0.0275336,0.00286733,"193,112,'1',0.00286733,0.0275336,0.00888817,175.0,175.0,175.0,0.0,0.0,0.0,0.0,1,1,0.0,1,1.0,0,1.0,0,1.0,0,1.0",112
0.0,1,280,True,24.6,24.6,24.6,0.00308134,0.00069102,"280,279,'1',0.00069102,0.00308134,0.0,24.6,24.6,24.6,0.0,0.0,0.0,0.0,1,1,0.0,1,1.0,0,1.0,0,1.0,0,1.0",279
0.0,1,241,True,27.2,27.2,27.2,0.00398311,0.000540252,"241,240,'1',0.000540252,0.00398311,0.0,27.2,27.2,27.2,0.0,0.0,0.0,0.0,1,1,0.0,1,1.0,0,1.0,0,1.0,0,1.0",240
0.00654275,1,95,True,145.0,145.0,145.0,0.020268,0.0021107,"95,170,'1',0.0021107,0.020268,0.00654275,145.0,145.0,145.0,0.0,0.0,0.0,0.0,1,1,0.0,1,1.0,0,1.0,0,1.0,0,1.0",170
0.0116975,1,179,True,145.0,145.0,145.0,0.0362363,0.00377362,"179,374,'1',0.00377362,0.0362363,0.0116975,145.0,145.0,145.0,0.0,0.0,0.0,0.0,1,1,0.0,1,1.0,0,1.0,0,1.0,0,1.0",374
0.0178855,1,468,True,220.0,220.0,220.0,0.0554055,0.00576989,"468,289,'1',0.00576989,0.0554055,0.0178855,220.0,220.0,220.0,0.0,0.0,0.0,0.0,1,1,0.0,1,1.0,0,1.0,0,1.0,0,1.0",289
0.00945527,1,40,True,145.0,145.0,145.0,0.0266814,0.00290861,"40,131,'1',0.00290861,0.0266814,0.00945527,145.0,145.0,145.0,0.0,0.0,0.0,0.0,1,1,0.0,1,1.0,0,1.0,0,1.0,0,1.0",131
0.0,1,34,True,43.4,43.4,43.4,0.00328363,0.000624403,"34,33,'1',0.000624403,0.00328363,0.0,43.4,43.4,43.4,0.0,0.0,0.0,0.0,1,1,0.0,1,1.0,0,1.0,0,1.0,0,1.0",33
0.016615,1,380,True,270.0,270.0,270.0,0.05147,0.00536,"380,202,'1',0.00536,0.05147,0.016615,270.0,270.0,270.0,0.0,0.0,0.0,0.0,1,1,0.0,1,1.0,0,1.0,0,1.0,0,1.0",202
0.014775,1,421,True,145.0,145.0,145.0,0.0457697,0.00476642,"421,354,'1',0.00476642,0.0457697,0.014775,145.0,145.0,145.0,0.0,0.0,0.0,0.0,1,1,0.0,1,1.0,0,1.0,0,1.0,0,1.0",354
0.0267158,1,112,True,145.0,145.0,145.0,0.0827597,0.00861853,"112,283,'1',0.00861853,0.0827597,0.0267158,145.0,145.0,145.0,0.0,0.0,0.0,0.0,1,1,0.0,1,1.0,0,1.0,0,1.0,0,1.0",283
0.00842465,1,62,True,250.0,250.0,250.0,0.0260978,0.0027178,"62,3,'1',0.0027178,0.0260978,0.00842465,250.0,250.0,250.0,0.0,0.0,0.0,0.0,1,1,0.0,1,1.0,0,1.0,0,1.0,0,1.0",3
0.00663005,1,124,True,220.0,220.0,220.0,0.0187091,0.00203952,"124,260,'1',0.00203952,0.0187091,0.00663005,220.0,220.0,220.0,0.0,0.0,0.0,0.0,1,1,0.0,1,1.0,0,1.0,0,1.0,0,1.0",260
0.0,1,116,True,5.3,5.3,5.3,0.00341051,0.000505013,"116,114,'1',0.000505013,0.00341051,0.0,5.3,5.3,5.3,0.0,0.0,0.0,0.0,1,1,0.0,1,1.0,0,1.0,0,1.0,0,1.0",114
0.0109553,1,475,True,190.0,190.0,190.0,0.0339371,0.00353418,"475,269,'1',0.00353418,0.0339371,0.0109553,190.0,190.0,190.0,0.0,0.0,0.0,0.0,1,1,0.0,1,1.0,0,1.0,0,1.0,0,1.0",269
0.0198185,1,158,True,145.0,145.0,145.0,0.0559252,0.00609655,"158,233,'1',0.00609655,0.0559252,0.0198185,145.0,145.0,145.0,0.0,0.0,0.0,0.0,1,1,0.0,1,1.0,0,1.0,0,1.0,0,1.0",233
0.0,1,184,True,40.4,40.4,40.4,0.00300825,0.000541818,"184,183,'1',0.000541818,0.00300825,0.0,40.4,40.4,40.4,0.0,0.0,0.0,0.0,1,1,0.0,1,1.0,0,1.0,0,1.0,0,1.0",183
0.0,1,341,True,43.3,43.3,43.3,0.00384749,0.000617728,"341,340,'1',0.000617728,0.00384749,0.0,43.3,43.3,43.3,0.0,0.0,0.0,0.0,1,1,0.0,1,1.0,0,1.0,0,1.0,0,1.0",340
0.00989656,1,314,True,270.0,270.0,270.0,0.0306574,0.00319264,"314,295,'1',0.00319264,0.0306574,0.00989656,270.0,270.0,270.0,0.0,0.0,0.0,0.0,1,1,0.0,1,1.0,0,1.0,0,1.0,0,1.0",295
0.045018,1,187,True,270.0,270.0,270.0,0.127035,0.013848,"187,454,'1',0.013848,0.127035,0.045018,270.0,270.0,270.0,0.0,0.0,0.0,0.0,1,1,0.0,1,1.0,0,1.0,0,1.0,0,1.0",454
0.135892,1,162,True,900.0,900.0,900.0,0.00759357,0.000529374,"162,232,'1',0.000529374,0.00759357,0.135892,900.0,900.0,900.0,0.0,0.0,0.0,0.0,1,1,0.0,1,1.0,0,1.0,0,1.0,0,1.0",232
0.0,1,159,True,31.4,31.4,31.4,0.0038732,0.000600829,"159,158,'1',0.000600829,0.0038732,0.0,31.4,31.4,31.4,0.0,0.0,0.0,0.0,1,1,0.0,1,1.0,0,1.0,0,1.0,0,1.0",158
0.0209355,1,133,True,145.0,145.0,145.0,0.0590771,0.00644015,"133,226,'1',0.00644015,0.0590771,0.0209355,145.0,145.0,145.0,0.0,0.0,0.0,0.0,1,1,0.0,1,1.0,0,1.0,0,1.0,0,1.0",226
0.00757958,1,316,True,145.0,145.0,145.0,0.0234799,0.00244518,"316,5,'1',0.00244518,0.0234799,0.00757958,145.0,145.0,145.0,0.0,0.0,0.0,0.0,1,1,0.0,1,1.0,0,1.0,0,1.0,0,1.0",5
0.0127576,1,83,True,145.0,145.0,145.0,0.0395203,0.00411562,"83,342,'1',0.00411562,0.0395203,0.0127576,145.0,145.0,145.0,0.0,0.0,0.0,0.0,1,1,0.0,1,1.0,0,1.0,0,1.0,0,1.0",342
0.00485023,1,12,True,280.0,280.0,280.0,0.015025,0.00156469,"12,441,'1',0.00156469,0.015025,0.00485023,280.0,280.0,280.0,0.0,0.0,0.0,0.0,1,1,0.0,1,1.0,0,1.0,0,1.0,0,1.0",441
0.0103092,1,376,True,145.0,145.0,145.0,0.0319357,0.00332576,"376,495,'1',0.00332576,0.0319357,0.0103092,145.0,145.0,145.0,0.0,0.0,0.0,0.0,1,1,0.0,1,1.0,0,1.0,0,1.0,0,1.0",495
0.0145655,1,55,True,145.0,145.0,145.0,0.0411018,0.00448061,"55,500,'1',0.00448061,0.0411018,0.0145655,145.0,145.0,145.0,0.0,0.0,0.0,0.0,1,1,0.0,1,1.0,0,1.0,0,1.0,0,1.0",500
0.0165167,1,345,True,145.0,145.0,145.0,0.0466079,0.00508085,"345,179,'1',0.00508085,0.0466079,0.0165167,145.0,145.0,145.0,0.0,0.0,0.0,0.0,1,1,0.0,1,1.0,0,1.0,0,1.0,0,1.0",179
0.0156245,1,91,True,270.0,270.0,270.0,0.0484015,0.00504049,"91,133,'1',0.00504049,0.0484015,0.0156245,270.0,270.0,270.0,0.0,0.0,0.0,0.0,1,1,0.0,1,1.0,0,1.0,0,1.0,0,1.0",133
0.0159123,1,158,True,220.0,220.0,220.0,0.0492927,0.00513331,"158,291,'1',0.00513331,0.0492927,0.0159123,220.0,220.0,220.0,0.0,0.0,0.0,0.0,1,1,0.0,1,1.0,0,1.0,0,1.0,0,1.0",291
0.0205637,1,367,True,250.0,250.0,250.0,0.058028,0.00632579,"367,461,'1',0.00632579,0.058028,0.0205637,250.0,250.0,250.0,0.0,0.0,0.0,0.0,1,1,0.0,1,1.0,0,1.0,0,1.0,0,1.0",461
0.0175137,1,102,True,270.0,270.0,270.0,0.0542537,0.00564993,"102,308,'1',0.00564993,0.0542537,0.0175137,270.0,270.0,270.0,0.0,0.0,0.0,0.0,1,1,0.0,1,1.0,0,1.0,0,1.0,0,1.0",308
0.017459,1,74,True,220.0,220.0,220.0,0.0540843,0.00563229,"74,189,'1',0.00563229,0.0540843,0.017459,220.0,220.0,220.0,0.0,0.0,0.0,0.0,1,1,0.0,1,1.0,0,1.0,0,1.0,0,1.0",189
0.012419,1,87,True,515.0,515.0,515.0,0.035043,0.00382,"87,143,'1',0.00382,0.035043,0.012419,515.0,515.0,515.0,0.0,0.0,0.0,0.0,1,1,0.0,1,1.0,0,1.0,0,1.0,0,1.0",143
0.046646,1,151,True,1050.0,1050.0,1050.0,0.00260656,0.000181712,"151,23,'1',0.000181712,0.00260656,0.046646,1050.0,1050.0,1050.0,0.0,0.0,0.0,0.0,1,1,0.0,1,1.0,0,1.0,0,1.0,0,1.0",23
0.00995059,1,276,True,230.0,230.0,230.0,0.0308248,0.00321007,"276,320,'1',0.00321007,0.0308248,0.00995059,230.0,230.0,230.0,0.0,0.0,0.0,0.0,1,1,0.0,1,1.0,0,1.0,0,1.0,0,1.0",320
0.0,1,327,True,159.8,159.8,159.8,0.00319318,0.00057086,"327,326,'1',0.00057086,0.00319318,0.0,159.8,159.8,159.8,0.0,0.0,0.0,0.0,1,1,0.0,1,1.0,0,1.0,0,1.0,0,1.0",326
0.00833507,1,99,True,145.0,145.0,145.0,0.0258203,0.0026889,"99,465,'1',0.0026889,0.0258203,0.00833507,145.0,145.0,145.0,0.0,0.0,0.0,0.0,1,1,0.0,1,1.0,0,1.0,0,1.0,0,1.0",465
0.00882968,1,356,True,180.0,180.0,180.0,0.0273525,0.00284846,"356,382,'1',0.00284846,0.0273525,0.00882968,180.0,180.0,180.0,0.0,0.0,0.0,0.0,1,1,0.0,1,1.0,0,1.0,0,1.0,0,1.0",382
0.025646,1,31,True,145.0,145.0,145.0,0.0794458,0.00827343,"31,218,'1',0.00827343,0.0794458,0.025646,145.0,145.0,145.0,0.0,0.0,0.0,0.0,1,1,0.0,1,1.0,0,1.0,0,1.0,0,1.0",218
0.0270499,1,367,True,240.0,240.0,240.0,0.0763309,0.00832104,"367,468,'1',0.00832104,0.0763309,0.0270499,240.0,240.0,240.0,0.0,0.0,0.0,0.0,1,1,0.0,1,1.0,0,1.0,0,1.0,0,1.0",468
0.0,1,292,True,12.6,12.6,12.6,0.00322124,0.000581699,"292,291,'1',0.000581699,0.00322124,0.0,12.6,12.6,12.6,0.0,0.0,0.0,0.0,1,1,0.0,1,1.0,0,1.0,0,1.0,0,1.0",291
0.0107338,1,263,True,300.0,300.0,300.0,0.0332509,0.00346273,"263,491,'1',0.00346273,0.0332509,0.0107338,300.0,300.0,300.0,0.0,0.0,0.0,0.0,1,1,0.0,1,1.0,0,1.0,0,1.0,0,1.0",491
0.0299878,1,15,True,145.0,145.0,145.0,0.0846215,0.00922481,"15,473,'1',0.00922481,0.0846215,0.0299878,145.0,145.0,145.0,0.0,0.0,0.0,0.0,1,1,0.0,1,1.0,0,1.0,0,1.0,0,1.0",473
0.0,1,211,True,54.3,54.3,54.3,0.00378291,0.000678824,"211,210,'1',0.000678824,0.00378291,0.0,54.3,54.3,54.3,0.0,0.0,0.0,0.0,1,1,0.0,1,1.0,0,1.0,0,1.0,0,1.0",210
0.01769,1,31,True,145.0,145.0,145.0,0.0547997,0.0057068,"31,189,'1',0.0057068,0.0547997,0.01769,145.0,145.0,145.0,0.0,0.0,0.0,0.0,1,1,0.0,1,1.0,0,1.0,0,1.0,0,1.0",189
0.0075752,1,489,True,145.0,145.0,145.0,0.0234663,0.00244377,"489,149,'1',0.00244377,0.0234663,0.0075752,145.0,145.0,145.0,0.0,0.0,0.0,0.0,1,1,0.0,1,1.0,0,1.0,0,1.0,0,1.0",149
0.0,1,118,True,12.8,12.8,12.8,0.00385096,0.000633836,"118,117,'1',0.000633836,0.00385096,0.0,12.8,12.8,12.8,0.0,0.0,0.0,0.0,1,1,0.0,1,1.0,0,1.0,0,1.0,0,1.0",117
0.0,1,299,True,20.0,20.0,20.0,0.00363407,0.000540119,"299,298,'1',0.000540119,0.00363407,0.0,20.0,20.0,20.0,0.0,0.0,0.0,0.0,1,1,0.0,1,1.0,0,1.0,0,1.0,0,1.0",298
0.0,1,192,True,27.2,27.2,27.2,0.00376368,0.000683791,"192,191,'1',0.000683791,0.00376368,0.0,27.2,27.2,27.2,0.0,0.0,0.0,0.0,1,1,0.0,1,1.0,0,1.0,0,1.0,0,1.0",191
0.0,1,59,True,252.9,252.9,252.9,0.00384844,0.000620439,"59,58,'1',0.000620439,0.00384844,0.0,252.9,252.9,252.9,0.0,0.0,0.0,0.0,1,1,0.0,1,1.0,0,1.0,0,1.0,0,1.0",58
0.0,1,346,True,72.4,72.4,72.4,0.00318623,0.000556637,"346,345,'1',0.000556637,0.00318623,0.0,72.4,72.4,72.4,0.0,0.0,0.0,0.0,1,1,0.0,1,1.0,0,1.0,0,1.0,0,1.0",345
0.0,1,130,True,166.0,166.0,166.0,0.00322102,0.000698008,"130,129,'1',0.000698008,0.00322102,0.0,166.0,166.0,166.0,0.0,0.0,0.0,0.0,1,1,0.0,1,1.0,0,1.0,0,1.0,0,1.0",129
0.0103666,1,212,True,145.0,145.0,145.0,0.0321135,0.00334427,"212,399,'1',0.00334427,0.0321135,0.0103666,145.0,145.0,145.0,0.0,0.0,0.0,0.0,1,1,0.0,1,1.0,0,1.0,0,1.0,0,1.0",399
0.00501593,1,408,True,310.0,310.0,310.0,0.0155383,0.00161814,"408,399,'1',0.00161814,0.0155383,0.00501593,310.0,310.0,310.0,0.0,0.0,0.0,0.0,1,1,0.0,1,1.0,0,1.0,0,1.0,0,1.0",399
0.0,1,307,True,122.2,122.2,122.2,0.00346655,0.000546892,"307,304,'1',0.000546892,0.00346655,0.0,122.2,122.2,122.2,0.0,0.0,0.0,0.0,1,1,0.0,1,1.0,0,1.0,0,1.0,0,1.0",304
0.0,1,41,True,97.5,97.5,97.5,0.00392265,0.000631179,"41,40,'1',0.000631179,0.00392265,0.0,97.5,97.5,97.5,0.0,0.0,0.0,0.0,1,1,0.0,1,1.0,0,1.0,0,1.0,0,1.0",40
0.0,1,400,True,31.7,31.7,31.7,0.00396617,0.000694388,"400,399,'1',0.000694388,0.00396617,0.0,31.7,31.7,31.7,0.0,0.0,0.0,0.0,1,1,0.0,1,1.0,0,1.0,0,1.0,0,1.0",399
0.306892,1,428,True,1100.0,1100.0,1100.0,0.0145628,0.00110062,"428,246,'1',0.00110062,0.0145628,0.306892,1100.0,1100.0,1100.0,0.0,0.0,0.0,0.0,1,1,0.0,1,1.0,0,1.0,0,1.0,0,1.0",246
0.00729845,1,78,True,260.0,260.0,260.0,0.022609,0.00235449,"78,387,'1',0.00235449,0.022609,0.00729845,260.0,260.0,260.0,0.0,0.0,0.0,0.0,1,1,0.0,1,1.0,0,1.0,0,1.0,0,1.0",387
0.0,1,177,True,12.9,12.9,12.9,0.00364908,0.000557183,"177,176,'1',0.000557183,0.00364908,0.0,12.9,12.9,12.9,0.0,0.0,0.0,0.0,1,1,0.0,1,1.0,0,1.0,0,1.0,0,1.0",176
0.00623481,1,466,True,185.0,185.0,185.0,0.0193141,0.00201135,"466,60,'1',0.00201135,0.0193141,0.00623481,185.0,185.0,185.0,0.0,0.0,0.0,0.0,1,1,0.0,1,1.0,0,1.0,0,1.0,0,1.0",60
0.0122823,1,12,True,270.0,270.0,270.0,0.038048,0.00396229,"12,216,'1',0.00396229,0.038048,0.0122823,270.0,270.0,270.0,0.0,0.0,0.0,0.0,1,1,0.0,1,1.0,0,1.0,0,1.0,0,1.0",216
0.0,1,45,True,2.8,2.8,2.8,0.00387643,0.000636537,"45,44,'1',0.000636537,0.00387643,0.0,2.8,2.8,2.8,0.0,0.0,0.0,0.0,1,1,0.0,1,1.0,0,1.0,0,1.0,0,1.0",44
0.0,1,140,True,0.4,0.4,0.4,0.00318213,0.000600197,"140,139,'1',0.000600197,0.00318213,0.0,0.4,0.4,0.4,0.0,0.0,0.0,0.0,1,1,0.0,1,1.0,0,1.0,0,1.0,0,1.0",139
0.0211737,1,228,True,200.0,200.0,200.0,0.0597492,0.00651342,"228,474,'1',0.00651342,0.0597492,0.0211737,200.0,200.0,200.0,0.0,0.0,0.0,0.0,1,1,0.0,1,1.0,0,1.0,0,1.0,0,1.0",474
0.0,1,157,True,164.3,164.3,164.3,0.00357888,0.000597448,"157,156,'1',0.000597448,0.00357888,0.0,164.3,164.3,164.3,0.0,0.0,0.0,0.0,1,1,0.0,1,1.0,0,1.0,0,1.0,0,1.0",156
0.0115053,1,488,True,270.0,270.0,270.0,0.035641,0.00371163,"488,210,'1',0.00371163,0.035641,0.0115053,270.0,270.0,270.0,0.0,0.0,0.0,0.0,1,1,0.0,1,1.0,0,1.0,0,1.0,0,1.0",210
0.00935925,1,149,True,145.0,145.0,145.0,0.0264105,0.00287908,"149,81,'1',0.00287908,0.0264105,0.00935925,145.0,145.0,145.0,0.0,0.0,0.0,0.0,1,1,0.0,1,1.0,0,1.0,0,1.0,0,1.0",81
0.0157432,1,378,True,145.0,145.0,145.0,0.0487689,0.00507876,"378,336,'1',0.00507876,0.0487689,0.0157432,145.0,145.0,145.0,0.0,0.0,0.0,0.0,1,1,0.0,1,1.0,0,1.0,0,1.0,0,1.0",336
0.0,1,188,True,19.9,19.9,19.9,0.00314481,0.000669789,"188,187,'1',0.000669789,0.00314481,0.0,19.9,19.9,19.9,0.0,0.0,0.0,0.0,1,1,0.0,1,1.0,0,1.0,0,1.0,0,1.0",187
0.0145278,1,68,True,145.0,145.0,145.0,0.0409955,0.00446902,"68,295,'1',0.00446902,0.0409955,0.0145278,145.0,145.0,145.0,0.0,0.0,0.0,0.0,1,1,0.0,1,1.0,0,1.0,0,1.0,0,1.0",295
0.0143732,1,419,True,220.0,220.0,220.0,0.044525,0.0046368,"419,48,'1',0.0046368,0.044525,0.0143732,220.0,220.0,220.0,0.0,0.0,0.0,0.0,1,1,0.0,1,1.0,0,1.0,0,1.0,0,1.0",48
0.018128,1,112,True,220.0,220.0,220.0,0.0511546,0.0055765,"112,499,'1',0.0055765,0.0511546,0.018128,220.0,220.0,220.0,0.0,0.0,0.0,0.0,1,1,0.0,1,1.0,0,1.0,0,1.0,0,1.0",499
0.0184874,1,179,True,270.0,270.0,270.0,0.0572699,0.00596405,"179,291,'1',0.00596405,0.0572699,0.0184874,270.0,270.0,270.0,0.0,0.0,0.0,0.0,1,1,0.0,1,1.0,0,1.0,0,1.0,0,1.0",291
0.0,1,199,True,124.0,124.0,124.0,0.00331233,0.000693237,"199,196,'1',0.000693237,0.00331233,0.0,124.0,124.0,124.0,0.0,0.0,0.0,0.0,1,1,0.0,1,1.0,0,1.0,0,1.0,0,1.0",196
0.00941164,1,221,True,220.0,220.0,220.0,0.0291552,0.00303621,"221,478,'1',0.00303621,0.0291552,0.00941164,220.0,220.0,220.0,0.0,0.0,0.0,0.0,1,1,0.0,1,1.0,0,1.0,0,1.0,0,1.0",478
0.0871583,1,235,True,900.0,900.0,900.0,0.00413587,0.000312578,"235,271,'1',0.000312578,0.00413587,0.0871583,900.0,900.0,900.0,0.0,0.0,0.0,0.0,1,1,0.0,1,1.0,0,1.0,0,1.0,0,1.0",271
0.0176582,1,78,True,260.0,260.0,260.0,0.0498288,0.00543197,"78,328,'1',0.00543197,0.0498288,0.0176582,260.0,260.0,260.0,0.0,0.0,0.0,0.0,1,1,0.0,1,1.0,0,1.0,0,1.0,0,1.0",328
0.0207026,1,42,True,270.0,270.0,270.0,0.0584198,0.0063685,"42,191,'1',0.0063685,0.0584198,0.0207026,270.0,270.0,270.0,0.0,0.0,0.0,0.0,1,1,0.0,1,1.0,0,1.0,0,1.0,0,1.0",191
0.026029,1,154,True,185.0,185.0,185.0,0.0734503,0.008007,"154,488,'1',0.008007,0.0734503,0.026029,185.0,185.0,185.0,0.0,0.0,0.0,0.0,1,1,0.0,1,1.0,0,1.0,0,1.0,0,1.0",488
0.0157502,1,166,True,230.0,230.0,230.0,0.0444448,0.00484505,"166,228,'1',0.00484505,0.0444448,0.0157502,230.0,230.0,230.0,0.0,0.0,0.0,0.0,1,1,0.0,1,1.0,0,1.0,0,1.0,0,1.0",228
0.0,1,52,True,37.9,37.9,37.9,0.00334229,0.00062,"52,48,'1',0.00062,0.00334229,0.0,37.9,37.9,37.9,0.0,0.0,0.0,0.0,1,1,0.0,1,1.0,0,1.0,0,1.0,0,1.0",48
0.0,1,334,True,0.9,0.9,0.9,0.00319587,0.000662238,"334,333,'1',0.000662238,0.00319587,0.0,0.9,0.9,0.9,0.0,0.0,0.0,0.0,1,1,0.0,1,1.0,0,1.0,0,1.0,0,1.0",333
0.0164396,1,31,True,300.0,300.0,300.0,0.0509265,0.00530344,"31,85,'1',0.00530344,0.0509265,0.0164396,300.0,300.0,300.0,0.0,0.0,0.0,0.0,1,1,0.0,1,1.0,0,1.0,0,1.0,0,1.0",85
0.0146802,1,283,True,145.0,145.0,145.0,0.0414254,0.00451589,"283,236,'1',0.00451589,0.0414254,0.0146802,145.0,145.0,145.0,0.0,0.0,0.0,0.0,1,1,0.0,1,1.0,0,1.0,0,1.0,0,1.0",236
0.00811275,1,349,True,300.0,300.0,300.0,0.0251315,0.00261718,"349,403,'1',0.00261718,0.0251315,0.00811275,300.0,300.0,300.0,0.0,0.0,0.0,0.0,1,1,0.0,1,1.0,0,1.0,0,1.0,0,1.0",403
0.00594499,1,367,True,330.0,330.0,330.0,0.0184163,0.00191786,"367,15,'1',0.00191786,0.0184163,0.00594499,330.0,330.0,330.0,0.0,0.0,0.0,0.0,1,1,0.0,1,1.0,0,1.0,0,1.0,0,1.0",15
0.0,1,321,True,269.4,269.4,269.4,0.00361857,0.000625772,"321,320,'1',0.000625772,0.00361857,0.0,269.4,269.4,269.4,0.0,0.0,0.0,0.0,1,1,0.0,1,1.0,0,1.0,0,1.0,0,1.0",320
0.00999362,1,445,True,270.0,270.0,270.0,0.0282006,0.00307422,"445,185,'1',0.00307422,0.0282006,0.00999362,270.0,270.0,270.0,0.0,0.0,0.0,0.0,1,1,0.0,1,1.0,0,1.0,0,1.0,0,1.0",185
0.023362,1,143,True,400.0,400.0,400.0,0.07237,0.007537,"143,247,'1',0.007537,0.07237,0.023362,400.0,400.0,400.0,0.0,0.0,0.0,0.0,1,1,0.0,1,1.0,0,1.0,0,1.0,0,1.0",247
0.0,1,84,True,105.4,105.4,105.4,0.00365521,0.000637555,"84,83,'1',0.000637555,0.00365521,0.0,105.4,105.4,105.4,0.0,0.0,0.0,0.0,1,1,0.0,1,1.0,0,1.0,0,1.0,0,1.0",83
0.0,1,402,True,123.7,123.7,123.7,0.00371213,0.000511114,"402,401,'1',0.000511114,0.00371213,0.0,123.7,123.7,123.7,0.0,0.0,0.0,0.0,1,1,0.0,1,1.0,0,1.0,0,1.0,0,1.0",401
0.0,1,357,True,84.8,84.8,84.8,0.00342482,0.000552242,"357,356,'1',0.000552242,0.00342482,0.0,84.8,84.8,84.8,0.0,0.0,0.0,0.0,1,1,0.0,1,1.0,0,1.0,0,1.0,0,1.0",356
0.426274,1,57,True,1000.0,1000.0,1000.0,0.024427,0.001682,"57,123,'1',0.001682,0.024427,0.426274,1000.0,1000.0,1000.0,0.0,0.0,0.0,0.0,1,1,0.0,1,1.0,0,1.0,0,1.0,0,1.0",123
0.0250077,1,124,True,225.0,225.0,225.0,0.0705683,0.00769284,"124,369,'1',0.00769284,0.0705683,0.0250077,225.0,225.0,225.0,0.0,0.0,0.0,0.0,1,1,0.0,1,1.0,0,1.0,0,1.0,0,1.0",369
0.016904,1,287,True,160.0,160.0,160.0,0.0523649,0.00545324,"287,62,'1',0.00545324,0.0523649,0.016904,160.0,160.0,160.0,0.0,0.0,0.0,0.0,1,1,0.0,1,1.0,0,1.0,0,1.0,0,1.0",62
0.0158865,1,417,True,270.0,270.0,270.0,0.0448294,0.00488697,"417,469,'1',0.00488697,0.0448294,0.0158865,270.0,270.0,270.0,0.0,0.0,0.0,0.0,1,1,0.0,1,1.0,0,1.0,0,1.0,0,1.0",469
0.00750976,1,12,True,290.0,290.0,290.0,0.0211915,0.00231014,"12,304,'1',0.00231014,0.0211915,0.00750976,290.0,290.0,290.0,0.0,0.0,0.0,0.0,1,1,0.0,1,1.0,0,1.0,0,1.0,0,1.0",304
0.0102861,1,472,True,145.0,145.0,145.0,0.0318642,0.00331831,"472,99,'1',0.00331831,0.0318642,0.0102861,145.0,145.0,145.0,0.0,0.0,0.0,0.0,1,1,0.0,1,1.0,0,1.0,0,1.0,0,1.0",99
0.00635559,1,485,True,330.0,330.0,330.0,0.0196883,0.00205032,"485,454,'1',0.00205032,0.0196883,0.00635559,330.0,330.0,330.0,0.0,0.0,0.0,0.0,1,1,0.0,1,1.0,0,1.0,0,1.0,0,1.0",454
0.0,1,368,True,17.6,17.6,17.6,0.00321429,0.0005166,"368,367,'1',0.0005166,0.00321429,0.0,17.6,17.6,17.6,0.0,0.0,0.0,0.0,1,1,0.0,1,1.0,0,1.0,0,1.0,0,1.0",367
0.0,1,75,True,8.8,8.8,8.8,0.0033391,0.00058441,"75,74,'1',0.00058441,0.0033391,0.0,8.8,8.8,8.8,0.0,0.0,0.0,0.0,1,1,0.0,1,1.0,0,1.0,0,1.0,0,1.0",74
0.0,1,22,True,254.2,254.2,254.2,0.00317397,0.000587223,"22,21,'1',0.000587223,0.00317397,0.0,254.2,254.2,254.2,0.0,0.0,0.0,0.0,1,1,0.0,1,1.0,0,1.0,0,1.0,0,1.0",21
0.0,1,261,True,31.4,31.4,31.4,0.00331579,0.000574129,"261,260,'1',0.000574129,0.00331579,0.0,31.4,31.4,31.4,0.0,0.0,0.0,0.0,1,1,0.0,1,1.0,0,1.0,0,1.0,0,1.0",260
0.0,1,366,True,101.5,101.5,101.5,0.00391544,0.000541044,"366,365,'1',0.000541044,0.00391544,0.0,101.5,101.5,101.5,0.0,0.0,0.0,0.0,1,1,0.0,1,1.0,0,1.0,0,1.0,0,1.0",365
0.025182,1,360,True,270.0,270.0,270.0,0.0780085,0.00812374,"360,417,'1',0.00812374,0.0780085,0.025182,270.0,270.0,270.0,0.0,0.0,0.0,0.0,1,1,0.0,1,1.0,0,1.0,0,1.0,0,1.0",417
0.00733228,1,24,True,240.0,240.0,240.0,0.0227138,0.0023654,"24,360,'1',0.0023654,0.0227138,0.00733228,240.0,240.0,240.0,0.0,0.0,0.0,0.0,1,1,0.0,1,1.0,0,1.0,0,1.0,0,1.0",360
0.010312,1,117,True,145.0,145.0,145.0,0.029099,0.00317216,"117,426,'1',0.00317216,0.029099,0.010312,145.0,145.0,145.0,0.0,0.0,0.0,0.0,1,1,0.0,1,1.0,0,1.0,0,1.0,0,1.0",426
0.01409,1,218,True,145.0,145.0,145.0,0.043647,0.004545,"218,399,'1',0.004545,0.043647,0.01409,145.0,145.0,145.0,0.0,0.0,0.0,0.0,1,1,0.0,1,1.0,0,1.0,0,1.0,0,1.0",399
0.0,1,178,True,10.7,10.7,10.7,0.00315566,0.000684427,"178,176,'1',0.000684427,0.00315566,0.0,10.7,10.7,10.7,0.0,0.0,0.0,0.0,1,1,0.0,1,1.0,0,1.0,0,1.0,0,1.0",176
0.0223162,1,135,True,220.0,220.0,220.0,0.0629732,0.00686487,"135,457,'1',0.00686487,0.0629732,0.0223162,220.0,220.0,220.0,0.0,0.0,0.0,0.0,1,1,0.0,1,1.0,0,1.0,0,1.0,0,1.0",457
0.0222579,1,66,True,270.0,270.0,270.0,0.0689503,0.00718043,"66,308,'1',0.00718043,0.0689503,0.0222579,270.0,270.0,270.0,0.0,0.0,0.0,0.0,1,1,0.0,1,1.0,0,1.0,0,1.0,0,1.0",308
0.00850997,1,376,True,220.0,220.0,220.0,0.0263621,0.00274532,"376,429,'1',0.00274532,0.0263621,0.00850997,220.0,220.0,220.0,0.0,0.0,0.0,0.0,1,1,0.0,1,1.0,0,1.0,0,1.0,0,1.0",429
0.0143414,1,272,True,270.0,270.0,270.0,0.0404695,0.00441169,"272,85,'1',0.00441169,0.0404695,0.0143414,270.0,270.0,270.0,0.0,0.0,0.0,0.0,1,1,0.0,1,1.0,0,1.0,0,1.0,0,1.0",85
0.00852888,1,181,True,270.0,270.0,270.0,0.0264206,0.00275142,"181,487,'1',0.00275142,0.0264206,0.00852888,270.0,270.0,270.0,0.0,0.0,0.0,0.0,1,1,0.0,1,1.0,0,1.0,0,1.0,0,1.0",487
0.0,1,268,True,206.9,206.9,206.9,0.00357461,0.000502331,"268,267,'1',0.000502331,0.00357461,0.0,206.9,206.9,206.9,0.0,0.0,0.0,0.0,1,1,0.0,1,1.0,0,1.0,0,1.0,0,1.0",267
0.00697728,1,310,True,300.0,300.0,300.0,0.0216141,0.00225088,"310,281,'1',0.00225088,0.0216141,0.00697728,300.0,300.0,300.0,0.0,0.0,0.0,0.0,1,1,0.0,1,1.0,0,1.0,0,1.0,0,1.0",281
0.0,1,418,True,109.4,109.4,109.4,0.0035167,0.000647791,"418,417,'1',0.000647791,0.0035167,0.0,109.4,109.4,109.4,0.0,0.0,0.0,0.0,1,1,0.0,1,1.0,0,1.0,0,1.0,0,1.0",417
0.08136,2,386,True,1200.0,1200.0,1200.0,0.00455,0.00032,"386,14,'2',0.00032,0.00455,0.08136,1200.0,1200.0,1200.0,0.0,0.0,0.0,0.0,1,1,0.0,1,1.0,0,1.0,0,1.0,0,1.0",14
0.00625775,1,322,True,220.0,220.0,220.0,0.0193852,0.00201876,"322,58,'1',0.00201876,0.0193852,0.00625775,220.0,220.0,220.0,0.0,0.0,0.0,0.0,1,1,0.0,1,1.0,0,1.0,0,1.0,0,1.0",58
0.00655453,1,185,True,270.0,270.0,270.0,0.018496,0.00201629,"185,467,'1',0.00201629,0.018496,0.00655453,270.0,270.0,270.0,0.0,0.0,0.0,0.0,1,1,0.0,1,1.0,0,1.0,0,1.0,0,1.0",467
0.0204863,1,114,True,145.0,145.0,145.0,0.0634622,0.0066089,"114,312,'1',0.0066089,0.0634622,0.0204863,145.0,145.0,145.0,0.0,0.0,0.0,0.0,1,1,0.0,1,1.0,0,1.0,0,1.0,0,1.0",312
