dataset,method_name,payload_name,scenario,patch,sample_count,repeat_count,expected_operating_cost_best,expected_operating_cost_median,expected_operating_cost_mean,expected_operating_cost_std,risk_adjusted_cost_best,risk_adjusted_cost_median,risk_adjusted_cost_mean,risk_adjusted_cost_std,runtime_seconds_median,runtime_seconds_mean,runtime_seconds_std,feasibility_rate,feasibility_after_repair_rate,critical_load_served_fraction_best,critical_load_served_fraction_median,critical_energy_not_served_best,energy_not_served_kwh_best,total_energy_not_served_best,max_fraction_customers_unserved_per_hour_best,total_critical_infrastructure_unserved_hours_proxy_best,pre_repair_violation_rate,post_repair_violation_rate,pre_repair_violation_median,post_repair_violation_median,decoded_objective_best,runtime_seconds_total,time_to_good_solution
pglib_case30_adapted,CMPO-local polynomial search,demand_surge_BUS12_MG.json,demand_surge,BUS12_MG,50,50,34.23279269158694,34.232792691586944,34.23279269158694,4.237123083577096e-14,34.23279269158694,34.232792691586944,34.23279269158694,4.237123083577096e-14,0.19452725001610816,0.23929116420214996,0.11023447947204076,1.0,1.0,1.0,1.0,0.0,0.0,0.0,0.0,0.0,0.0,0.0,0.0,0.0,26.99647180684433,11.964558210107498,0.13206262502353638
pglib_case30_adapted,CMPO-local polynomial search,demand_surge_BUS1_MG-BUS2_MG-BUS30_MG.json,demand_surge,BUS1_MG-BUS2_MG-BUS30_MG,50,50,118.40006510624211,118.43888319378127,118.4381068320305,0.005434532255481852,118.40006510624211,118.43888319378127,118.4381068320305,0.005434532255481852,1.9724075209815055,2.236525290000718,0.8347450170807628,1.0,1.0,1.0,1.0,0.0,0.0,0.0,0.0,0.0,0.0,0.0,0.0,0.0,96.77853315440989,111.8262645000359,1.2233295830665156
pglib_case30_adapted,CMPO-local polynomial search,demand_surge_BUS2_MG-BUS5_MG-BUS7_MG.json,demand_surge,BUS2_MG-BUS5_MG-BUS7_MG,50,50,247.08647317788817,247.08647317788817,247.08647317788814,1.4210854715202004e-13,247.08647317788817,247.08647317788817,247.08647317788814,1.4210854715202004e-13,2.049303062551189,2.2900621049897745,0.8065682763038668,1.0,1.0,1.0,1.0,0.0,62.95302000000003,62.95302000000003,0.04121250849807641,0.0,0.0,0.0,0.0,0.0,6210.357190412956,114.50310524948873,1.1389122500550002
pglib_case30_adapted,CMPO-local polynomial search,local_generator_failure_BUS12_MG.json,local_generator_failure,BUS12_MG,50,50,28.740404223639054,28.740404223639054,28.740404223639047,1.4210854715202004e-14,28.740404223639054,28.740404223639054,28.740404223639047,1.4210854715202004e-14,0.1967911875108257,0.23458971262210981,0.0992960798175762,1.0,1.0,1.0,1.0,0.0,0.0,0.0,0.0,0.0,0.0,0.0,0.0,0.0,21.504678945183333,11.72948563110549,0.1290904579218477
pglib_case30_adapted,CMPO-local polynomial search,local_generator_failure_BUS1_MG-BUS2_MG-BUS30_MG.json,local_generator_failure,BUS1_MG-BUS2_MG-BUS30_MG,50,50,64.49040106013085,64.49040106013085,64.49040106013085,2.842170943040401e-14,64.49040106013085,64.49040106013085,64.49040106013085,2.842170943040401e-14,2.002794354048092,2.23183205409674,0.8352615469687986,1.0,1.0,1.0,1.0,0.0,0.0,0.0,0.0,0.0,0.0,0.0,0.0,0.0,42.86340964842775,111.59160270483699,1.0919622919755057
pglib_case30_adapted,CMPO-local polynomial search,local_generator_failure_BUS2_MG-BUS5_MG-BUS7_MG.json,local_generator_failure,BUS2_MG-BUS5_MG-BUS7_MG,50,50,183.46173428017738,183.5036297568131,183.50226651827958,0.006858915942529223,183.46173428017738,183.5036297568131,183.50226651827958,0.006858915942529223,1.9584459164761938,2.180439406717196,0.8012271525265885,1.0,1.0,1.0,1.0,0.0,0.0,0.0,0.0,0.0,0.0,0.0,0.0,0.0,161.86746985826386,109.0219703358598,1.122593417065218
pglib_case30_adapted,CMPO-local polynomial search,normal_BUS12_MG.json,normal,BUS12_MG,50,50,27.182162498668063,27.182162498668063,27.18216249866806,1.0658141036401503e-14,27.182162498668063,27.182162498668063,27.18216249866806,1.0658141036401503e-14,0.1957387499860488,0.22807624496053905,0.09639883605116262,1.0,1.0,1.0,1.0,0.0,0.0,0.0,0.0,0.0,0.0,0.0,0.0,0.0,19.946628216356476,11.403812248026952,0.13018745800945908
pglib_case30_adapted,CMPO-local polynomial search,normal_BUS1_MG-BUS2_MG-BUS30_MG.json,normal,BUS1_MG-BUS2_MG-BUS30_MG,50,50,94.19719079892053,94.23550720375368,94.23474087565701,0.005364296676641519,94.19719079892053,94.23550720375368,94.23474087565701,0.005364296676641519,1.9961913750157692,2.262745705100242,0.8333003493791304,1.0,1.0,1.0,1.0,0.0,0.0,0.0,0.0,0.0,0.0,0.0,0.0,0.0,72.57670258772468,113.1372852550121,1.2089289169525728
pglib_case30_adapted,CMPO-local polynomial search,normal_BUS2_MG-BUS5_MG-BUS7_MG.json,normal,BUS2_MG-BUS5_MG-BUS7_MG,50,50,206.86784551441048,206.86784551441048,206.86784551441048,2.2737367544323206e-13,206.86784551441048,206.86784551441048,206.86784551441048,2.2737367544323206e-13,1.9432531039929017,2.1806621541711504,0.832155382391137,1.0,1.0,1.0,1.0,0.0,0.0,0.0,0.0,0.0,0.0,0.0,0.0,0.0,185.22737926576048,109.03310770855751,1.0800839579897001
pglib_case30_adapted,CMPO-local polynomial search,pcc_failure_BUS12_MG.json,pcc_failure,BUS12_MG,50,50,29.050851210937257,29.050851210937257,29.050851210937257,0.0,29.050851210937257,29.050851210937257,29.050851210937257,0.0,0.20418752101249993,0.24658208580920474,0.11491766524299213,1.0,1.0,1.0,1.0,0.0,0.0,0.0,0.0,0.0,0.0,0.0,0.0,0.0,21.81508934452204,12.329104290460236,0.1289095829706639
pglib_case30_adapted,CMPO-local polynomial search,pcc_failure_BUS1_MG-BUS2_MG-BUS30_MG.json,pcc_failure,BUS1_MG-BUS2_MG-BUS30_MG,50,50,100.4450519436521,100.476142376597,100.4751298316811,0.005093210611539003,100.4450519436521,100.476142376597,100.4751298316811,0.005093210611539003,1.8441094169975258,2.0833166433358565,0.7993425087132338,1.0,1.0,1.0,1.0,0.0,0.0,0.0,0.0,0.0,0.0,0.0,0.0,0.0,78.8304589313614,104.16583216679282,1.1535906670615077
pglib_case30_adapted,CMPO-local polynomial search,pcc_failure_BUS2_MG-BUS5_MG-BUS7_MG.json,pcc_failure,BUS2_MG-BUS5_MG-BUS7_MG,50,50,220.802757904234,220.802757904234,220.80275790423403,1.7053025658242404e-13,220.802757904234,220.802757904234,220.80275790423403,1.7053025658242404e-13,1.9746565840323456,2.2116422109445555,0.8060103807885004,1.0,1.0,1.0,1.0,0.0,0.0,0.0,0.0,0.0,0.0,0.0,0.0,0.0,199.1618748213885,110.58211054722778,1.1301672079134732
pglib_case30_adapted,CMPO-local polynomial search,renewable_shortfall_BUS12_MG.json,renewable_shortfall,BUS12_MG,50,50,29.651436434227662,29.651436434227662,29.651436434227662,0.0,29.651436434227662,29.651436434227662,29.651436434227662,0.0,0.19468554150080308,0.23744741921778767,0.11032126734259909,1.0,1.0,1.0,1.0,0.0,0.0,0.0,0.0,0.0,0.0,0.0,0.0,0.0,22.415568417328632,11.872370960889384,0.1303702499717474
pglib_case30_adapted,CMPO-local polynomial search,renewable_shortfall_BUS1_MG-BUS2_MG-BUS30_MG.json,renewable_shortfall,BUS1_MG-BUS2_MG-BUS30_MG,50,50,101.61546276388117,101.6539997319079,101.65322899254737,0.005395175523742635,101.61546276388117,101.6539997319079,101.65322899254737,0.005395175523742635,2.021996666502673,2.2949766440829262,0.8478256833716047,1.0,1.0,1.0,1.0,0.0,0.0,0.0,0.0,0.0,0.0,0.0,0.0,0.0,79.9948514671476,114.74883220414631,1.2238048750441521
pglib_case30_adapted,CMPO-local polynomial search,renewable_shortfall_BUS2_MG-BUS5_MG-BUS7_MG.json,renewable_shortfall,BUS2_MG-BUS5_MG-BUS7_MG,50,50,223.055414770215,223.055414770215,223.05541477021504,2.842170943040401e-14,223.055414770215,223.055414770215,223.05541477021504,2.842170943040401e-14,1.7889255629852414,2.084851987424772,0.8763023079176817,1.0,1.0,1.0,1.0,0.0,2.435480000000034,2.435480000000034,0.0019089403445090962,0.0,0.0,0.0,0.0,0.0,207.96620369074282,104.24259937123861,1.1172861669911072
pglib_case30_adapted,CMPO-local polynomial search,storm_forced_islanding_BUS12_MG.json,storm_forced_islanding,BUS12_MG,50,50,34.22585838311773,34.22585838311773,34.22585838311773,4.263256414560601e-14,34.22585838311773,34.22585838311773,34.22585838311773,4.263256414560601e-14,0.17543681245297194,0.21464972926769404,0.0911805859710682,1.0,1.0,1.0,1.0,0.0,0.0,0.0,0.0,0.0,0.0,0.0,0.0,0.0,26.999755095447473,10.732486463384703,0.11008845805190504
pglib_case30_adapted,CMPO-local polynomial search,storm_forced_islanding_BUS1_MG-BUS2_MG-BUS30_MG.json,storm_forced_islanding,BUS1_MG-BUS2_MG-BUS30_MG,50,50,117.62022392392595,117.6603431111359,117.65903767121385,0.006568111308631958,117.62022392392595,117.6603431111359,117.65903767121385,0.006568111308631958,1.7142120000207797,1.9161135633918456,0.7084042919775819,1.0,1.0,1.0,1.0,0.0,0.0,0.0,0.0,0.0,0.0,0.0,0.0,0.0,96.01997438526159,95.80567816959228,0.9095386669505388
pglib_case30_adapted,CMPO-local polynomial search,storm_forced_islanding_BUS2_MG-BUS5_MG-BUS7_MG.json,storm_forced_islanding,BUS2_MG-BUS5_MG-BUS7_MG,50,50,85.35185474184601,106.4227640454585,107.86053922183353,12.421900784751184,157.1929187967607,177.8825749264265,179.79953838768614,11.106821636030789,1.5870655835024081,1.7822491716197693,0.7437327619166824,1.0,1.0,0.44767639430148853,0.33667881531781857,239.33693235324077,598.8154363532408,598.8154363532408,0.40571301584405417,6.0,0.0,0.0,0.0,0.0,935568.9033900596,89.11245858098846,0.9455415830016136
pglib_case30_adapted,DifferentialEvolutionOptimizer,demand_surge_BUS12_MG.json,demand_surge,BUS12_MG,50,50,23.035409300090983,43.90978883058027,44.23334166759817,9.663437359967851,25.632282041777636,46.585734415995724,46.86043824699723,9.558242500095737,0.025816937966737896,0.03099096502410248,0.014814259579272957,1.0,1.0,0.9017474721504934,0.7650903312729521,4.385585370318478,13.10547557596105,13.10547557596105,0.008579564944551149,6.0,0.0,0.0,0.0,0.0,116026.2262477614,1.549548251205124,0.017899290891364217
pglib_case30_adapted,DifferentialEvolutionOptimizer,demand_surge_BUS1_MG-BUS2_MG-BUS30_MG.json,demand_surge,BUS1_MG-BUS2_MG-BUS30_MG,50,50,94.91772933716364,172.6511920347553,170.77163300111172,30.444320099080436,107.55460635318985,183.54564628899863,181.19952603473538,30.109594646580184,0.23707414598902687,0.279521192512475,0.1142042674445113,1.0,1.0,0.7355293020921871,0.6263282124675008,28.865131305896057,89.49877524751102,89.49877524751102,0.05859081955806849,6.0,0.0,0.0,0.0,0.0,681445.305978231,13.976059625623748,0.13841833302285522
pglib_case30_adapted,DifferentialEvolutionOptimizer,demand_surge_BUS2_MG-BUS5_MG-BUS7_MG.json,demand_surge,BUS2_MG-BUS5_MG-BUS7_MG,50,50,139.7967531031703,208.53321014984502,211.19581006986675,37.99020296621301,189.70610334812056,250.48859766292566,254.3824920096826,35.26697349400587,0.20447783352574334,0.24308832506183534,0.10342780826883456,1.0,1.0,0.7452797937227189,0.632206419528781,114.23337566638226,336.0397206049026,336.0397206049026,0.2199900789687415,6.0,0.0,0.0,0.0,0.0,1260883.410885803,12.154416253091767,0.13659050001297146
pglib_case30_adapted,DifferentialEvolutionOptimizer,local_generator_failure_BUS12_MG.json,local_generator_failure,BUS12_MG,50,50,20.716199338581497,42.598438382147805,42.852180544249265,9.636512639862849,22.818501655481757,44.85636174422691,45.220129635214626,9.584022944603644,0.029569437552709132,0.035967939272522925,0.015589159705069614,1.0,1.0,0.8981095772044451,0.7592491324024184,3.873067228587813,13.012622739286435,13.012622739286435,0.01000321171312226,6.0,0.0,0.0,0.0,0.0,100057.22084730878,1.7983969636261463,0.01708166708704084
pglib_case30_adapted,DifferentialEvolutionOptimizer,local_generator_failure_BUS1_MG-BUS2_MG-BUS30_MG.json,local_generator_failure,BUS1_MG-BUS2_MG-BUS30_MG,50,50,69.42502645343528,111.9682093536847,113.89427182802356,20.79156163542031,82.12663705423287,122.0848488616424,123.95743134158376,20.694608926729813,0.20933772955322638,0.24215815086616202,0.11223749089646379,1.0,1.0,0.6939488680254118,0.5751906552833774,28.446440544734312,77.78814969553844,77.78814969553844,0.05979819332095597,6.0,0.0,0.0,0.0,0.0,564731.9337366056,12.107907543308102,0.10362979106139392
pglib_case30_adapted,DifferentialEvolutionOptimizer,local_generator_failure_BUS2_MG-BUS5_MG-BUS7_MG.json,local_generator_failure,BUS2_MG-BUS5_MG-BUS7_MG,50,50,73.24462294577502,135.45936398799805,136.39401797087078,26.932395195523334,124.43637288546304,174.7935725673273,175.56403703001695,25.30523039807169,0.21380456199403852,0.2562181057524867,0.1040915784194997,1.0,1.0,0.7844494194894441,0.5892337645028102,82.32213859782235,244.48559479267243,244.48559479267243,0.18794375388568543,6.0,0.0,0.0,0.0,0.0,1130252.351777415,12.810905287624337,0.1369637920288369
pglib_case30_adapted,DifferentialEvolutionOptimizer,normal_BUS12_MG.json,normal,BUS12_MG,50,50,19.873600743258596,41.94341166610685,42.31703438257215,9.755467629352527,21.895045278739616,44.3914094429069,44.606999251863336,9.675333441673034,0.02672266645822674,0.031156293428502978,0.013499139371593395,1.0,1.0,0.8673164220715459,0.7536689550551483,4.849595387971231,15.09836830737926,15.09836830737926,0.012070853419522088,6.0,0.0,0.0,0.0,0.0,97509.9738718594,1.5578146714251488,0.017431291984394193
pglib_case30_adapted,DifferentialEvolutionOptimizer,normal_BUS1_MG-BUS2_MG-BUS30_MG.json,normal,BUS1_MG-BUS2_MG-BUS30_MG,50,50,87.66142982404634,159.40908988009232,162.06137265499277,29.095162115517656,98.06721092379303,168.5218945538922,171.17306464470653,28.768587064192356,0.23369766649557278,0.2815670508448966,0.11929080354674074,1.0,1.0,0.7308137516758131,0.6071334566174849,24.05766493170453,80.28193430104861,80.28193430104861,0.06418385360953414,6.0,0.0,0.0,0.0,0.0,608343.5452026754,14.07835254224483,0.1427090410143137
pglib_case30_adapted,DifferentialEvolutionOptimizer,normal_BUS2_MG-BUS5_MG-BUS7_MG.json,normal,BUS2_MG-BUS5_MG-BUS7_MG,50,50,121.65169977113696,181.8722169355416,184.31858621789763,31.32515673667783,163.23430819214735,213.37878304652412,218.93633882392749,30.005017592052035,0.21348668751306832,0.2625397041114047,0.11240731614693393,1.0,1.0,0.732684460150073,0.6413058268493617,98.16537147994237,273.1358021050848,273.1358021050848,0.21836679061688313,6.0,0.0,0.0,0.0,0.0,1083299.2915451943,13.126985205570236,0.11307995789684355
pglib_case30_adapted,DifferentialEvolutionOptimizer,pcc_failure_BUS12_MG.json,pcc_failure,BUS12_MG,50,50,20.853694688809483,42.045509073605004,42.35933076777572,9.594809644295177,22.976211451064554,44.559039882192536,44.748038646286275,9.486057636223535,0.02624685352202505,0.03394402244128287,0.016968503457041224,1.0,1.0,0.898109577204445,0.7592491324024183,3.9103082596319267,13.137744111779575,13.137744111779575,0.010003211713122257,6.0,0.0,0.0,0.0,0.0,100549.94751603946,1.6972011220641434,0.017460540984757245
pglib_case30_adapted,DifferentialEvolutionOptimizer,pcc_failure_BUS1_MG-BUS2_MG-BUS30_MG.json,pcc_failure,BUS1_MG-BUS2_MG-BUS30_MG,50,50,88.50195882895133,141.5834561048366,146.28125752017922,30.61478747497601,98.58426732269903,151.68336711521886,155.43890257184125,30.315809815917177,0.23068602045532316,0.2761176550225355,0.10709175515491426,1.0,1.0,0.7572506711187682,0.6171704618738875,22.779696792188965,73.58340259254189,73.58340259254189,0.05602714959603527,6.0,0.0,0.0,0.0,0.0,600504.9765844606,13.805882751126774,0.14728887495584786
pglib_case30_adapted,DifferentialEvolutionOptimizer,pcc_failure_BUS2_MG-BUS5_MG-BUS7_MG.json,pcc_failure,BUS2_MG-BUS5_MG-BUS7_MG,50,50,126.6572916994259,184.30114587291146,185.7888797243023,31.076213268529738,172.40075879577256,218.38735875984258,223.73035343126378,29.428133823836,0.2107722710352391,0.2498152683326043,0.10475564854560161,1.0,1.0,0.7326844601500732,0.60354245729964,103.07364005393947,311.2497261077773,311.2497261077773,0.23698870060315652,6.0,0.0,0.0,0.0,0.0,1133009.8710363766,12.490763416630216,0.13772029092069715
pglib_case30_adapted,DifferentialEvolutionOptimizer,renewable_shortfall_BUS12_MG.json,renewable_shortfall,BUS12_MG,50,50,21.851722031023648,42.65731109709907,42.81875055341638,9.536911859804624,23.91359545721429,44.83113235333872,45.127174974367435,9.469340974979389,0.026095125474967062,0.03209992083255202,0.01570403673603189,1.0,1.0,0.8981095772044451,0.7569652389676258,3.7985851664995853,12.762379994300158,12.762379994300158,0.010003211713122259,6.0,0.0,0.0,0.0,0.0,98422.43080052646,1.6049960416276008,0.01729454193264246
pglib_case30_adapted,DifferentialEvolutionOptimizer,renewable_shortfall_BUS1_MG-BUS2_MG-BUS30_MG.json,renewable_shortfall,BUS1_MG-BUS2_MG-BUS30_MG,50,50,91.74145726465915,165.78570744790227,165.47140662962389,25.89734431466654,102.35535398640077,174.47353883950151,174.72887178630828,25.467317659269895,0.23712508351309225,0.2787890601041727,0.12081512827404071,1.0,1.0,0.7308137516758131,0.6071334566174846,24.538818230338627,82.76375410153165,82.76375410153165,0.0648706083677311,6.0,0.0,0.0,0.0,0.0,604181.8778376692,13.939453005208634,0.14346083404961973
pglib_case30_adapted,DifferentialEvolutionOptimizer,renewable_shortfall_BUS2_MG-BUS5_MG-BUS7_MG.json,renewable_shortfall,BUS2_MG-BUS5_MG-BUS7_MG,50,50,128.76245089582113,193.50980789724218,193.87407518774475,30.846566290309912,176.83281476876923,226.5978790235741,231.69511087393437,29.18481405664187,0.24759685446042567,0.2827870115102269,0.10772205337295908,1.0,1.0,0.732684460150073,0.6028146060076263,100.12867890954121,278.8695223741249,278.8695223741249,0.2185792049673747,6.0,0.0,0.0,0.0,0.0,1106937.1985977567,14.139350575511344,0.1228868750622496
pglib_case30_adapted,DifferentialEvolutionOptimizer,storm_forced_islanding_BUS12_MG.json,storm_forced_islanding,BUS12_MG,50,50,18.022762053872203,27.604275561066185,27.2984356628216,4.42339012354948,19.945259210920877,29.86944393779336,29.415037966562657,4.480675182390532,0.023804707976523787,0.029379364191554486,0.013571982543039226,1.0,1.0,0.9093265083774389,0.7971267458327009,3.910665579767048,16.56820329539234,16.56820329539234,0.011225388188099008,6.0,0.0,0.0,0.0,0.0,54921.72172598078,1.4689682095777243,0.01464795891661197
pglib_case30_adapted,DifferentialEvolutionOptimizer,storm_forced_islanding_BUS1_MG-BUS2_MG-BUS30_MG.json,storm_forced_islanding,BUS1_MG-BUS2_MG-BUS30_MG,50,50,67.52493851412767,89.8493682527816,88.82606739358391,9.70165523055911,77.68030141642619,99.54946494927995,98.68224364767883,9.369536226987147,0.17643927095923573,0.20429719335399568,0.09351162861540888,1.0,1.0,0.7675416936796939,0.6277786194148338,24.514761853756646,79.72107535346825,79.72107535346825,0.054013099770706424,6.0,0.0,0.0,0.0,0.0,462734.233358419,10.214859667699784,0.09174320893362164
pglib_case30_adapted,DifferentialEvolutionOptimizer,storm_forced_islanding_BUS2_MG-BUS5_MG-BUS7_MG.json,storm_forced_islanding,BUS2_MG-BUS5_MG-BUS7_MG,50,50,70.2947009500696,91.62616685675377,90.56994782159389,9.405684956556371,145.40065678332576,165.63275691490708,164.9359764974598,9.08135393212915,0.1842010625405237,0.22130320668453352,0.09179690846447375,1.0,1.0,0.3557608042613627,0.3157273657147388,279.1664727325994,712.0490474039452,712.0490474039452,0.48243172923272126,6.0,0.0,0.0,0.0,0.0,1231324.7592892712,11.065160334226675,0.11422754207160324
pglib_case30_adapted,GPU-parallel random restart baseline,demand_surge_BUS12_MG.json,demand_surge,BUS12_MG,50,50,34.232792691586944,34.232792691586944,34.232792691586944,4.263256414560601e-14,34.232792691586944,34.232792691586944,34.232792691586944,4.263256414560601e-14,0.0018238330376334488,0.0020688726007938385,0.000918916593750258,1.0,1.0,1.0,1.0,0.0,0.0,0.0,0.0,0.0,0.0,0.0,0.0,0.0,27.032792691586383,0.10344363003969193,0.001191333052702248
pglib_case30_adapted,GPU-parallel random restart baseline,demand_surge_BUS1_MG-BUS2_MG-BUS30_MG.json,demand_surge,BUS1_MG-BUS2_MG-BUS30_MG,50,50,118.43888319378127,118.43888319378127,118.43888319378128,1.4210854715202004e-14,118.43888319378127,118.43888319378127,118.43888319378128,1.4210854715202004e-14,0.004578166990540922,0.08117146846139804,0.5322411233177262,1.0,1.0,1.0,1.0,0.0,0.0,0.0,0.0,0.0,0.0,0.0,0.0,0.0,96.83888319378075,4.058573423069902,0.001977834035642445
pglib_case30_adapted,GPU-parallel random restart baseline,demand_surge_BUS2_MG-BUS5_MG-BUS7_MG.json,demand_surge,BUS2_MG-BUS5_MG-BUS7_MG,50,50,247.08647317788817,247.08647317788817,247.08647317788814,1.4210854715202004e-13,247.08647317788817,247.08647317788817,247.08647317788814,1.4210854715202004e-13,0.004324520472437143,0.005304228295572102,0.002352876467535574,1.0,1.0,1.0,1.0,0.0,62.953020000000045,62.953020000000045,0.041212508498076415,0.0,0.0,0.0,0.0,0.0,44292.600473177896,0.2652114147786051,0.0033942919690161943
pglib_case30_adapted,GPU-parallel random restart baseline,local_generator_failure_BUS12_MG.json,local_generator_failure,BUS12_MG,50,50,28.740404223639054,28.740404223639054,28.740404223639047,1.4210854715202004e-14,28.740404223639054,28.740404223639054,28.740404223639047,1.4210854715202004e-14,0.001827187486924231,0.0023850398883223534,0.0015037960151773992,1.0,1.0,1.0,1.0,0.0,0.0,0.0,0.0,0.0,0.0,0.0,0.0,0.0,21.540404223639417,0.11925199441611767,0.0010976250050589442
pglib_case30_adapted,GPU-parallel random restart baseline,local_generator_failure_BUS1_MG-BUS2_MG-BUS30_MG.json,local_generator_failure,BUS1_MG-BUS2_MG-BUS30_MG,50,50,64.49040106013085,64.49040106013085,64.49040106013085,2.842170943040401e-14,64.49040106013085,64.49040106013085,64.49040106013085,2.842170943040401e-14,0.00491235451772809,0.0062226733495481315,0.003458556294954153,1.0,1.0,1.0,1.0,0.0,0.0,0.0,0.0,0.0,0.0,0.0,0.0,0.0,42.89040106013071,0.31113366747740656,0.002956499927677214
pglib_case30_adapted,GPU-parallel random restart baseline,local_generator_failure_BUS2_MG-BUS5_MG-BUS7_MG.json,local_generator_failure,BUS2_MG-BUS5_MG-BUS7_MG,50,50,183.5036297568131,183.5036297568131,183.5036297568131,0.0,183.5036297568131,183.5036297568131,183.5036297568131,0.0,0.004715167044196278,0.005498165793251246,0.002797734649683577,1.0,1.0,1.0,1.0,0.0,0.0,0.0,0.0,0.0,0.0,0.0,0.0,0.0,161.90362975681848,0.2749082896625623,0.003011166932992637
pglib_case30_adapted,GPU-parallel random restart baseline,normal_BUS12_MG.json,normal,BUS12_MG,50,50,27.182162498668063,27.182162498668063,27.18216249866806,1.0658141036401503e-14,27.182162498668063,27.182162498668063,27.18216249866806,1.0658141036401503e-14,0.0018825210281647742,0.0025234392168931663,0.0020073704908776828,1.0,1.0,1.0,1.0,0.0,0.0,0.0,0.0,0.0,0.0,0.0,0.0,0.0,19.982162498667822,0.12617196084465832,0.001219834084622562
pglib_case30_adapted,GPU-parallel random restart baseline,normal_BUS1_MG-BUS2_MG-BUS30_MG.json,normal,BUS1_MG-BUS2_MG-BUS30_MG,50,50,94.23550720375368,94.23550720375368,94.23550720375368,8.526512829121202e-14,94.23550720375368,94.23550720375368,94.23550720375368,8.526512829121202e-14,0.004581645946018398,0.07734363579656929,0.5059823830774776,1.0,1.0,1.0,1.0,0.0,0.0,0.0,0.0,0.0,0.0,0.0,0.0,0.0,72.63550720375387,3.8671817898284644,0.0020359160844236612
pglib_case30_adapted,GPU-parallel random restart baseline,normal_BUS2_MG-BUS5_MG-BUS7_MG.json,normal,BUS2_MG-BUS5_MG-BUS7_MG,50,50,206.86784551441048,206.86784551441048,206.86784551441048,2.2737367544323206e-13,206.86784551441048,206.86784551441048,206.86784551441048,2.2737367544323206e-13,0.004940937447827309,0.006280497466214001,0.0029948086392200396,1.0,1.0,1.0,1.0,0.0,0.0,0.0,0.0,0.0,0.0,0.0,0.0,0.0,185.2678455144067,0.31402487331070006,0.002959792036563158
pglib_case30_adapted,GPU-parallel random restart baseline,pcc_failure_BUS12_MG.json,pcc_failure,BUS12_MG,50,50,29.050851210937257,29.050851210937257,29.050851210937257,0.0,29.050851210937257,29.050851210937257,29.050851210937257,0.0,0.0018491670489311218,0.0023474582377821206,0.0015063696849405021,1.0,1.0,1.0,1.0,0.0,0.0,0.0,0.0,0.0,0.0,0.0,0.0,0.0,21.850851210936344,0.11737291188910604,0.0012048750650137663
pglib_case30_adapted,GPU-parallel random restart baseline,pcc_failure_BUS1_MG-BUS2_MG-BUS30_MG.json,pcc_failure,BUS1_MG-BUS2_MG-BUS30_MG,50,50,100.476142376597,100.476142376597,100.47614237659698,0.0,100.476142376597,100.476142376597,100.47614237659698,0.0,0.004378458485007286,0.09163520165486261,0.6062439744004988,1.0,1.0,1.0,1.0,0.0,0.0,0.0,0.0,0.0,0.0,0.0,0.0,0.0,78.87614237659754,4.581760082743131,0.0021030829520896077
pglib_case30_adapted,GPU-parallel random restart baseline,pcc_failure_BUS2_MG-BUS5_MG-BUS7_MG.json,pcc_failure,BUS2_MG-BUS5_MG-BUS7_MG,50,50,220.802757904234,220.802757904234,220.80275790423403,1.7053025658242404e-13,220.802757904234,220.802757904234,220.80275790423403,1.7053025658242404e-13,0.0046191459987312555,0.00543301829136908,0.0023755841269732314,1.0,1.0,1.0,1.0,0.0,0.0,0.0,0.0,0.0,0.0,0.0,0.0,0.0,199.20275790423585,0.271650914568454,0.003050292027182877
pglib_case30_adapted,GPU-parallel random restart baseline,renewable_shortfall_BUS12_MG.json,renewable_shortfall,BUS12_MG,50,50,29.651436434227662,29.651436434227662,29.651436434227662,0.0,29.651436434227662,29.651436434227662,29.651436434227662,0.0,0.0018566250219009817,0.0022790241753682496,0.0016645110507316266,1.0,1.0,1.0,1.0,0.0,0.0,0.0,0.0,0.0,0.0,0.0,0.0,0.0,22.451436434227436,0.11395120876841247,0.0012144159991294146
pglib_case30_adapted,GPU-parallel random restart baseline,renewable_shortfall_BUS1_MG-BUS2_MG-BUS30_MG.json,renewable_shortfall,BUS1_MG-BUS2_MG-BUS30_MG,50,50,101.6539997319079,101.6539997319079,101.6539997319079,7.105427357601002e-14,101.6539997319079,101.6539997319079,101.6539997319079,7.105427357601002e-14,0.004608728981111199,0.0815792866726406,0.5351798316653524,1.0,1.0,1.0,1.0,0.0,0.0,0.0,0.0,0.0,0.0,0.0,0.0,0.0,80.05399973190815,4.07896433363203,0.001944374991580844
pglib_case30_adapted,GPU-parallel random restart baseline,renewable_shortfall_BUS2_MG-BUS5_MG-BUS7_MG.json,renewable_shortfall,BUS2_MG-BUS5_MG-BUS7_MG,50,50,223.055414770215,223.055414770215,223.05541477021504,2.842170943040401e-14,223.055414770215,223.055414770215,223.05541477021504,2.842170943040401e-14,0.004841646004933864,0.005776891740970314,0.0031225632418898025,1.0,1.0,1.0,1.0,0.0,2.435480000000034,2.435480000000034,0.0019089403445090962,0.0,0.0,0.0,0.0,0.0,1906.2914147702575,0.2888445870485157,0.002905750065110624
pglib_case30_adapted,GPU-parallel random restart baseline,storm_forced_islanding_BUS12_MG.json,storm_forced_islanding,BUS12_MG,50,50,34.22585838311773,34.22585838311773,34.22585838311773,4.263256414560601e-14,34.22585838311773,34.22585838311773,34.22585838311773,4.263256414560601e-14,0.001916728971991688,0.002167010821867734,0.0009210839353596673,1.0,1.0,1.0,1.0,0.0,0.0,0.0,0.0,0.0,0.0,0.0,0.0,0.0,27.025858383118067,0.10835054109338671,0.001102500013075769
pglib_case30_adapted,GPU-parallel random restart baseline,storm_forced_islanding_BUS1_MG-BUS2_MG-BUS30_MG.json,storm_forced_islanding,BUS1_MG-BUS2_MG-BUS30_MG,50,50,117.6603431111359,117.6603431111359,117.66034311113592,2.842170943040401e-14,117.6603431111359,117.6603431111359,117.66034311113592,2.842170943040401e-14,0.004213083011563867,0.005363456578925252,0.002599650766797278,1.0,1.0,1.0,1.0,0.0,0.0,0.0,0.0,0.0,0.0,0.0,0.0,0.0,96.06034311113699,0.2681728289462626,0.0034724579891189933
pglib_case30_adapted,GPU-parallel random restart baseline,storm_forced_islanding_BUS2_MG-BUS5_MG-BUS7_MG.json,storm_forced_islanding,BUS2_MG-BUS5_MG-BUS7_MG,50,50,63.0386228975128,90.50241521693692,88.62968233177236,11.232536992003809,140.96886479196215,164.9448209054648,164.57367492912272,10.452328950884493,0.004743604571558535,0.005433078282512724,0.0023380413760002916,1.0,1.0,0.3557434184325182,0.3000183071144719,279.1740064879905,697.1921539692225,697.1921539692225,0.4723657979364556,6.0,0.0,0.0,0.0,0.0,1480714.2014122298,0.2716539141256362,0.0031579170608893037
pglib_case30_adapted,GreedyCriticalLoadFirst,demand_surge_BUS12_MG.json,demand_surge,BUS12_MG,50,50,34.232792691586944,34.232792691586944,34.232792691586944,4.263256414560601e-14,34.232792691586944,34.232792691586944,34.232792691586944,4.263256414560601e-14,0.0,0.0,0.0,1.0,1.0,1.0,1.0,0.0,0.0,0.0,0.0,0.0,0.0,0.0,0.0,0.0,27.032792691586383,0.0,0.0
pglib_case30_adapted,GreedyCriticalLoadFirst,demand_surge_BUS1_MG-BUS2_MG-BUS30_MG.json,demand_surge,BUS1_MG-BUS2_MG-BUS30_MG,50,50,118.43888319378127,118.43888319378127,118.43888319378128,1.4210854715202004e-14,118.43888319378127,118.43888319378127,118.43888319378128,1.4210854715202004e-14,0.0,0.0,0.0,1.0,1.0,1.0,1.0,0.0,0.0,0.0,0.0,0.0,0.0,0.0,0.0,0.0,96.83888319378075,0.0,0.0
pglib_case30_adapted,GreedyCriticalLoadFirst,demand_surge_BUS2_MG-BUS5_MG-BUS7_MG.json,demand_surge,BUS2_MG-BUS5_MG-BUS7_MG,50,50,247.08647317788817,247.08647317788817,247.08647317788814,1.4210854715202004e-13,247.08647317788817,247.08647317788817,247.08647317788814,1.4210854715202004e-13,0.0,0.0,0.0,1.0,1.0,1.0,1.0,0.0,62.953020000000045,62.953020000000045,0.041212508498076415,0.0,0.0,0.0,0.0,0.0,44292.600473177896,0.0,0.0
pglib_case30_adapted,GreedyCriticalLoadFirst,local_generator_failure_BUS12_MG.json,local_generator_failure,BUS12_MG,50,50,28.740404223639054,28.740404223639054,28.740404223639047,1.4210854715202004e-14,28.740404223639054,28.740404223639054,28.740404223639047,1.4210854715202004e-14,0.0,0.0,0.0,1.0,1.0,1.0,1.0,0.0,0.0,0.0,0.0,0.0,0.0,0.0,0.0,0.0,21.540404223639417,0.0,0.0
pglib_case30_adapted,GreedyCriticalLoadFirst,local_generator_failure_BUS1_MG-BUS2_MG-BUS30_MG.json,local_generator_failure,BUS1_MG-BUS2_MG-BUS30_MG,50,50,64.49040106013085,64.49040106013085,64.49040106013085,2.842170943040401e-14,64.49040106013085,64.49040106013085,64.49040106013085,2.842170943040401e-14,0.0,0.0,0.0,1.0,1.0,1.0,1.0,0.0,0.0,0.0,0.0,0.0,0.0,0.0,0.0,0.0,42.89040106013071,0.0,0.0
pglib_case30_adapted,GreedyCriticalLoadFirst,local_generator_failure_BUS2_MG-BUS5_MG-BUS7_MG.json,local_generator_failure,BUS2_MG-BUS5_MG-BUS7_MG,50,50,183.5036297568131,183.5036297568131,183.5036297568131,0.0,183.5036297568131,183.5036297568131,183.5036297568131,0.0,0.0,0.0,0.0,1.0,1.0,1.0,1.0,0.0,0.0,0.0,0.0,0.0,0.0,0.0,0.0,0.0,161.90362975681848,0.0,0.0
pglib_case30_adapted,GreedyCriticalLoadFirst,normal_BUS12_MG.json,normal,BUS12_MG,50,50,27.182162498668063,27.182162498668063,27.18216249866806,1.0658141036401503e-14,27.182162498668063,27.182162498668063,27.18216249866806,1.0658141036401503e-14,0.0,0.0,0.0,1.0,1.0,1.0,1.0,0.0,0.0,0.0,0.0,0.0,0.0,0.0,0.0,0.0,19.982162498667822,0.0,0.0
pglib_case30_adapted,GreedyCriticalLoadFirst,normal_BUS1_MG-BUS2_MG-BUS30_MG.json,normal,BUS1_MG-BUS2_MG-BUS30_MG,50,50,94.23550720375368,94.23550720375368,94.23550720375368,8.526512829121202e-14,94.23550720375368,94.23550720375368,94.23550720375368,8.526512829121202e-14,0.0,0.0,0.0,1.0,1.0,1.0,1.0,0.0,0.0,0.0,0.0,0.0,0.0,0.0,0.0,0.0,72.63550720375387,0.0,0.0
pglib_case30_adapted,GreedyCriticalLoadFirst,normal_BUS2_MG-BUS5_MG-BUS7_MG.json,normal,BUS2_MG-BUS5_MG-BUS7_MG,50,50,206.86784551441048,206.86784551441048,206.86784551441048,2.2737367544323206e-13,206.86784551441048,206.86784551441048,206.86784551441048,2.2737367544323206e-13,0.0,0.0,0.0,1.0,1.0,1.0,1.0,0.0,0.0,0.0,0.0,0.0,0.0,0.0,0.0,0.0,185.2678455144067,0.0,0.0
pglib_case30_adapted,GreedyCriticalLoadFirst,pcc_failure_BUS12_MG.json,pcc_failure,BUS12_MG,50,50,29.050851210937257,29.050851210937257,29.050851210937257,0.0,29.050851210937257,29.050851210937257,29.050851210937257,0.0,0.0,0.0,0.0,1.0,1.0,1.0,1.0,0.0,0.0,0.0,0.0,0.0,0.0,0.0,0.0,0.0,21.850851210936344,0.0,0.0
pglib_case30_adapted,GreedyCriticalLoadFirst,pcc_failure_BUS1_MG-BUS2_MG-BUS30_MG.json,pcc_failure,BUS1_MG-BUS2_MG-BUS30_MG,50,50,100.476142376597,100.476142376597,100.47614237659698,0.0,100.476142376597,100.476142376597,100.47614237659698,0.0,0.0,0.0,0.0,1.0,1.0,1.0,1.0,0.0,0.0,0.0,0.0,0.0,0.0,0.0,0.0,0.0,78.87614237659754,0.0,0.0
pglib_case30_adapted,GreedyCriticalLoadFirst,pcc_failure_BUS2_MG-BUS5_MG-BUS7_MG.json,pcc_failure,BUS2_MG-BUS5_MG-BUS7_MG,50,50,220.802757904234,220.802757904234,220.80275790423403,1.7053025658242404e-13,220.802757904234,220.802757904234,220.80275790423403,1.7053025658242404e-13,0.0,0.0,0.0,1.0,1.0,1.0,1.0,0.0,0.0,0.0,0.0,0.0,0.0,0.0,0.0,0.0,199.20275790423585,0.0,0.0
pglib_case30_adapted,GreedyCriticalLoadFirst,renewable_shortfall_BUS12_MG.json,renewable_shortfall,BUS12_MG,50,50,29.651436434227662,29.651436434227662,29.651436434227662,0.0,29.651436434227662,29.651436434227662,29.651436434227662,0.0,0.0,0.0,0.0,1.0,1.0,1.0,1.0,0.0,0.0,0.0,0.0,0.0,0.0,0.0,0.0,0.0,22.451436434227436,0.0,0.0
pglib_case30_adapted,GreedyCriticalLoadFirst,renewable_shortfall_BUS1_MG-BUS2_MG-BUS30_MG.json,renewable_shortfall,BUS1_MG-BUS2_MG-BUS30_MG,50,50,101.6539997319079,101.6539997319079,101.6539997319079,7.105427357601002e-14,101.6539997319079,101.6539997319079,101.6539997319079,7.105427357601002e-14,0.0,0.0,0.0,1.0,1.0,1.0,1.0,0.0,0.0,0.0,0.0,0.0,0.0,0.0,0.0,0.0,80.05399973190815,0.0,0.0
pglib_case30_adapted,GreedyCriticalLoadFirst,renewable_shortfall_BUS2_MG-BUS5_MG-BUS7_MG.json,renewable_shortfall,BUS2_MG-BUS5_MG-BUS7_MG,50,50,223.055414770215,223.055414770215,223.05541477021504,2.842170943040401e-14,223.055414770215,223.055414770215,223.05541477021504,2.842170943040401e-14,0.0,0.0,0.0,1.0,1.0,1.0,1.0,0.0,2.435480000000034,2.435480000000034,0.0019089403445090962,0.0,0.0,0.0,0.0,0.0,1906.2914147702575,0.0,0.0
pglib_case30_adapted,GreedyCriticalLoadFirst,storm_forced_islanding_BUS12_MG.json,storm_forced_islanding,BUS12_MG,50,50,34.22585838311773,34.22585838311773,34.22585838311773,4.263256414560601e-14,34.22585838311773,34.22585838311773,34.22585838311773,4.263256414560601e-14,0.0,0.0,0.0,1.0,1.0,1.0,1.0,0.0,0.0,0.0,0.0,0.0,0.0,0.0,0.0,0.0,27.025858383118067,0.0,0.0
pglib_case30_adapted,GreedyCriticalLoadFirst,storm_forced_islanding_BUS1_MG-BUS2_MG-BUS30_MG.json,storm_forced_islanding,BUS1_MG-BUS2_MG-BUS30_MG,50,50,117.6603431111359,117.6603431111359,117.66034311113592,2.842170943040401e-14,117.6603431111359,117.6603431111359,117.66034311113592,2.842170943040401e-14,0.0,0.0,0.0,1.0,1.0,1.0,1.0,0.0,0.0,0.0,0.0,0.0,0.0,0.0,0.0,0.0,96.06034311113699,0.0,0.0
pglib_case30_adapted,GreedyCriticalLoadFirst,storm_forced_islanding_BUS2_MG-BUS5_MG-BUS7_MG.json,storm_forced_islanding,BUS2_MG-BUS5_MG-BUS7_MG,50,50,149.87890545520779,149.87890545520779,149.8789054552078,5.684341886080802e-14,209.71313854351797,209.71313854351797,209.713138543518,2.842170943040401e-14,0.0,0.0,0.0,1.0,1.0,0.44767639430148853,0.44767639430148853,239.33693235324077,598.8154363532408,598.8154363532408,0.40571301584405417,6.0,0.0,0.0,0.0,0.0,2645132.5552378623,0.0,0.0
pglib_case30_adapted,IPOPT/Pyomo nonlinear baseline,demand_surge_BUS12_MG.json,demand_surge,BUS12_MG,50,50,33.08607297089038,33.08607297089038,33.08607297089038,2.842170943040401e-14,33.08607297089038,33.08607297089038,33.08607297089038,2.842170943040401e-14,0.0659966460079886,0.0827309467177838,0.03926176212053919,1.0,1.0,1.0,1.0,0.0,0.0,0.0,0.0,0.0,0.0,0.0,0.0,0.0,26.476033804713968,4.13654733588919,0.04464650002773851
pglib_case30_adapted,IPOPT/Pyomo nonlinear baseline,demand_surge_BUS1_MG-BUS2_MG-BUS30_MG.json,demand_surge,BUS1_MG-BUS2_MG-BUS30_MG,50,50,115.9486061187445,115.9486061187445,115.94860611874448,1.4210854715202004e-14,115.9486061187445,115.9486061187445,115.94860611874448,1.4210854715202004e-14,0.49665318755432963,0.5824051467189565,0.28149377702893463,1.0,1.0,1.0,1.0,0.0,0.0,0.0,0.0,0.0,0.0,0.0,0.0,0.0,96.05917692543538,29.120257335947827,0.23764379194471985
pglib_case30_adapted,IPOPT/Pyomo nonlinear baseline,demand_surge_BUS2_MG-BUS5_MG-BUS7_MG.json,demand_surge,BUS2_MG-BUS5_MG-BUS7_MG,50,50,242.6690625303628,242.6690625303628,242.6690625303628,2.2737367544323206e-13,242.66968404964385,242.66968404964385,242.66968404964388,2.8421709430404007e-13,0.6997032079962082,0.818983109195251,0.3605774761077642,1.0,1.0,0.9999944564880954,0.9999944564880954,0.002486077124241669,62.95509024410291,62.95509024410291,0.04121386379370294,6.0,0.0,0.0,0.0,0.0,1410.6824068863273,40.94915545976255,0.4795870000962168
pglib_case30_adapted,IPOPT/Pyomo nonlinear baseline,local_generator_failure_BUS12_MG.json,local_generator_failure,BUS12_MG,50,50,28.740404223639054,28.740404223639054,28.740404223639047,1.4210854715202004e-14,28.740404223639054,28.740404223639054,28.740404223639047,1.4210854715202004e-14,0.030124978977255523,0.03470143997110427,0.014920191393706178,1.0,1.0,1.0,1.0,0.0,0.0,0.0,0.0,0.0,0.0,0.0,0.0,0.0,21.47273476457558,1.7350719985552132,0.017745999968610704
pglib_case30_adapted,IPOPT/Pyomo nonlinear baseline,local_generator_failure_BUS1_MG-BUS2_MG-BUS30_MG.json,local_generator_failure,BUS1_MG-BUS2_MG-BUS30_MG,50,50,64.26674877362808,64.26674877362808,64.26674877362808,4.263256414560601e-14,64.26674877362808,64.26674877362808,64.26674877362808,4.263256414560601e-14,0.7116952289943583,0.7431850958731957,0.2727631062928265,1.0,1.0,1.0,1.0,0.0,0.0,0.0,0.0,0.0,0.0,0.0,0.0,0.0,42.62554242801646,37.159254793659784,0.3620260419556871
pglib_case30_adapted,IPOPT/Pyomo nonlinear baseline,local_generator_failure_BUS2_MG-BUS5_MG-BUS7_MG.json,local_generator_failure,BUS2_MG-BUS5_MG-BUS7_MG,50,50,183.50462072360997,183.50462072360997,183.50462072360997,5.684341886080802e-14,183.50462072360997,183.50462072360997,183.50462072360997,5.684341886080802e-14,0.28985177096910775,0.34442801333032547,0.15999425938173137,1.0,1.0,1.0,1.0,0.0,0.0,0.0,0.0,0.0,0.0,0.0,0.0,0.0,161.78430291383694,17.221400666516274,0.19871299993246794
pglib_case30_adapted,IPOPT/Pyomo nonlinear baseline,normal_BUS12_MG.json,normal,BUS12_MG,50,50,25.638218074296045,25.638218074296045,25.63821807429604,3.197442310920451e-14,25.638218074296045,25.638218074296045,25.63821807429604,3.197442310920451e-14,0.09270827053114772,0.094816360718105,0.039330565981790556,1.0,1.0,1.0,1.0,0.0,0.0,0.0,0.0,0.0,0.0,0.0,0.0,0.0,19.069383073953478,4.740818035905249,0.04336004098877311
pglib_case30_adapted,IPOPT/Pyomo nonlinear baseline,normal_BUS1_MG-BUS2_MG-BUS30_MG.json,normal,BUS1_MG-BUS2_MG-BUS30_MG,50,50,87.7824066150673,87.7824066150673,87.78240661506729,1.4210854715202004e-14,87.7824066150673,87.7824066150673,87.78240661506729,1.4210854715202004e-14,0.7055076669785194,0.8162436666479335,0.38589346050177653,1.0,1.0,1.0,1.0,0.0,0.0,0.0,0.0,0.0,0.0,0.0,0.0,0.0,67.84662110114634,40.81218333239667,0.3327183750225231
pglib_case30_adapted,IPOPT/Pyomo nonlinear baseline,normal_BUS2_MG-BUS5_MG-BUS7_MG.json,normal,BUS2_MG-BUS5_MG-BUS7_MG,50,50,206.86784551441048,206.86784551441048,206.86784551441048,2.2737367544323206e-13,206.86784551441048,206.86784551441048,206.86784551441048,2.2737367544323206e-13,0.2267071665264666,0.2667236933857203,0.10278836342385168,1.0,1.0,1.0,1.0,0.0,0.0,0.0,0.0,0.0,0.0,0.0,0.0,0.0,185.2678455144067,13.336184669286013,0.12875475001055747
pglib_case30_adapted,IPOPT/Pyomo nonlinear baseline,pcc_failure_BUS12_MG.json,pcc_failure,BUS12_MG,50,50,28.301410803611848,28.301410803611848,28.301410803611848,1.4210854715202004e-14,28.301410803611848,28.301410803611848,28.301410803611848,1.4210854715202004e-14,0.044324457994662225,0.05411905089858919,0.02333818814842679,1.0,1.0,1.0,1.0,0.0,0.0,0.0,0.0,0.0,0.0,0.0,0.0,0.0,21.404707485169656,2.7059525449294597,0.0276804999448359
pglib_case30_adapted,IPOPT/Pyomo nonlinear baseline,pcc_failure_BUS1_MG-BUS2_MG-BUS30_MG.json,pcc_failure,BUS1_MG-BUS2_MG-BUS30_MG,50,50,98.09911938782172,98.09911938782172,98.09911938782172,0.0,98.09911938782172,98.09911938782172,98.09911938782172,0.0,0.4679982079542242,0.5422945591551251,0.2529374113252818,1.0,1.0,1.0,1.0,0.0,0.0,0.0,0.0,0.0,0.0,0.0,0.0,0.0,78.03407906813207,27.11472795775626,0.2167994169285521
pglib_case30_adapted,IPOPT/Pyomo nonlinear baseline,pcc_failure_BUS2_MG-BUS5_MG-BUS7_MG.json,pcc_failure,BUS2_MG-BUS5_MG-BUS7_MG,50,50,220.30594854756,220.30594854756,220.30594854756004,2.842170943040401e-14,220.30594854756,220.30594854756,220.30594854756004,2.842170943040401e-14,0.40734862454701215,0.4834383766259998,0.23179836482858335,1.0,1.0,1.0,1.0,0.0,0.0,0.0,0.0,0.0,0.0,0.0,0.0,0.0,198.68459079506815,24.17191883129999,0.2712588750291616
pglib_case30_adapted,IPOPT/Pyomo nonlinear baseline,renewable_shortfall_BUS12_MG.json,renewable_shortfall,BUS12_MG,50,50,29.504060533546596,29.504060533546596,29.5040605335466,2.1316282072803006e-14,29.504060533546596,29.504060533546596,29.5040605335466,2.1316282072803006e-14,0.054152728989720345,0.06777223002165556,0.02993189604621393,1.0,1.0,1.0,1.0,0.0,0.0,0.0,0.0,0.0,0.0,0.0,0.0,0.0,22.295274334801096,3.388611501082778,0.03534983308054507
pglib_case30_adapted,IPOPT/Pyomo nonlinear baseline,renewable_shortfall_BUS1_MG-BUS2_MG-BUS30_MG.json,renewable_shortfall,BUS1_MG-BUS2_MG-BUS30_MG,50,50,101.6539997319079,101.6539997319079,101.6539997319079,7.105427357601002e-14,101.6539997319079,101.6539997319079,101.6539997319079,7.105427357601002e-14,0.30322206299751997,0.35173682335997003,0.16178783546328304,1.0,1.0,1.0,1.0,0.0,0.0,0.0,0.0,0.0,0.0,0.0,0.0,0.0,79.87721598752596,17.5868411679985,0.1270448750583455
pglib_case30_adapted,IPOPT/Pyomo nonlinear baseline,renewable_shortfall_BUS2_MG-BUS5_MG-BUS7_MG.json,renewable_shortfall,BUS2_MG-BUS5_MG-BUS7_MG,50,50,221.2729772827669,221.2729772827669,221.27297728276687,1.7053025658242404e-13,221.2729772827669,221.2729772827669,221.27297728276687,1.7053025658242404e-13,0.5230164160020649,0.6173414432723076,0.2656243196464716,1.0,1.0,1.0,1.0,0.0,2.435480000000041,2.435480000000041,0.0019089403445091016,0.0,0.0,0.0,0.0,0.0,209.45569807719562,30.867072163615376,0.33420349995139986
pglib_case30_adapted,IPOPT/Pyomo nonlinear baseline,storm_forced_islanding_BUS12_MG.json,storm_forced_islanding,BUS12_MG,50,50,34.22585838311773,34.22585838311773,34.22585838311773,4.263256414560601e-14,34.22585838311773,34.22585838311773,34.22585838311773,4.263256414560601e-14,0.014196083473507315,0.016771895792335272,0.00749104392850726,1.0,1.0,1.0,1.0,0.0,0.0,0.0,0.0,0.0,0.0,0.0,0.0,0.0,27.025858383118067,0.8385947896167636,0.008285125019028783
pglib_case30_adapted,IPOPT/Pyomo nonlinear baseline,storm_forced_islanding_BUS1_MG-BUS2_MG-BUS30_MG.json,storm_forced_islanding,BUS1_MG-BUS2_MG-BUS30_MG,50,50,117.6603431111359,117.6603431111359,117.66034311113592,2.842170943040401e-14,117.6603431111359,117.6603431111359,117.66034311113592,2.842170943040401e-14,0.13741124997613952,0.16827806006418541,0.07739859132648155,1.0,1.0,1.0,1.0,0.0,0.0,0.0,0.0,0.0,0.0,0.0,0.0,0.0,96.06034311113699,8.41390300320927,0.10183058294933289
pglib_case30_adapted,IPOPT/Pyomo nonlinear baseline,storm_forced_islanding_BUS2_MG-BUS5_MG-BUS7_MG.json,storm_forced_islanding,BUS2_MG-BUS5_MG-BUS7_MG,50,50,145.4932555525828,145.4932555525828,145.4932555525828,8.526512829121202e-14,205.32966093912904,205.32966093912904,205.32966093912907,2.842170943040401e-14,0.6426101664546877,0.7509170582797379,0.33405767804058,1.0,1.0,0.44765634204156235,0.44765634204156235,239.34562154618487,598.8248052772651,598.8248052772651,0.4057193635334929,6.0,0.0,0.0,0.0,0.0,158732.47837998098,37.54585291398689,0.4309453750029206
pglib_case30_adapted,Piecewise-linear MILP baseline,demand_surge_BUS12_MG.json,demand_surge,BUS12_MG,50,50,8.12564984828473,8.12564984828473,8.12564984828473,3.552713678800501e-15,8.12564984828473,8.12564984828473,8.12564984828473,3.552713678800501e-15,0.024373604508582503,0.032883676618803294,0.016384196389190895,1.0,1.0,1.0,1.0,0.0,0.0,0.0,0.0,0.0,0.0,0.0,0.0,0.0,0.9256498482846383,1.6441838309401646,0.017233916092664003
pglib_case30_adapted,Piecewise-linear MILP baseline,demand_surge_BUS1_MG-BUS2_MG-BUS30_MG.json,demand_surge,BUS1_MG-BUS2_MG-BUS30_MG,50,50,29.137836144854194,29.137836144854194,29.137836144854194,0.0,29.137836144854194,29.137836144854194,29.137836144854194,0.0,0.04979116650065407,0.06191876244964078,0.029293906066662576,1.0,1.0,1.0,1.0,0.0,0.0,0.0,0.0,0.0,0.0,0.0,0.0,0.0,7.537836144853872,3.095938122482039,0.03392987500410527
pglib_case30_adapted,Piecewise-linear MILP baseline,demand_surge_BUS2_MG-BUS5_MG-BUS7_MG.json,demand_surge,BUS2_MG-BUS5_MG-BUS7_MG,50,50,145.9379206532708,145.9379206532708,145.93792065327077,1.9895196601282805e-13,145.9379206532708,145.9379206532708,145.93792065327077,1.9895196601282805e-13,0.04870081244735047,0.06833013002993539,0.045489792484845235,1.0,1.0,1.0,1.0,0.0,35.78329955324085,35.78329955324085,0.023425715508599138,0.0,0.0,0.0,0.0,0.0,25172.64760792184,3.4165065014967695,0.03155716706532985
pglib_case30_adapted,Piecewise-linear MILP baseline,local_generator_failure_BUS12_MG.json,local_generator_failure,BUS12_MG,50,50,6.03827624828473,6.03827624828473,6.038276248284729,7.993605777301127e-15,6.03827624828473,6.03827624828473,6.038276248284729,7.993605777301127e-15,0.024058979470282793,0.02960723159601912,0.014417723049254908,1.0,1.0,1.0,1.0,0.0,0.0,0.0,0.0,0.0,0.0,0.0,0.0,0.0,-1.1617237517153967,1.480361579800956,0.016574749955907464
pglib_case30_adapted,Piecewise-linear MILP baseline,local_generator_failure_BUS1_MG-BUS2_MG-BUS30_MG.json,local_generator_failure,BUS1_MG-BUS2_MG-BUS30_MG,50,50,22.742597982465302,22.742597982465302,22.7425979824653,7.105427357601002e-15,22.742597982465302,22.742597982465302,22.7425979824653,7.105427357601002e-15,0.04737079195911065,0.05950751249678433,0.029182732805491912,1.0,1.0,1.0,1.0,0.0,0.0,0.0,0.0,0.0,0.0,0.0,0.0,0.0,1.1425979824656907,2.9753756248392165,0.03268612502142787
pglib_case30_adapted,Piecewise-linear MILP baseline,local_generator_failure_BUS2_MG-BUS5_MG-BUS7_MG.json,local_generator_failure,BUS2_MG-BUS5_MG-BUS7_MG,50,50,126.2853823448542,126.2853823448542,126.28538234485418,8.526512829121202e-14,126.2853823448542,126.2853823448542,126.28538234485418,8.526512829121202e-14,0.04630450048716739,0.0656226225849241,0.04333181034974121,1.0,1.0,1.0,1.0,0.0,0.0,0.0,0.0,0.0,0.0,0.0,0.0,0.0,104.68538234485963,3.281131129246205,0.032115458976477385
pglib_case30_adapted,Piecewise-linear MILP baseline,normal_BUS12_MG.json,normal,BUS12_MG,50,50,5.442361048284731,5.442361048284731,5.442361048284731,4.440892098500626e-15,5.442361048284731,5.442361048284731,5.442361048284731,4.440892098500626e-15,0.02649556298274547,0.032120718280784784,0.014138650916010728,1.0,1.0,1.0,1.0,0.0,0.0,0.0,0.0,0.0,0.0,0.0,0.0,0.0,-1.7576389517153188,1.6060359140392393,0.018419125000946224
pglib_case30_adapted,Piecewise-linear MILP baseline,normal_BUS1_MG-BUS2_MG-BUS30_MG.json,normal,BUS1_MG-BUS2_MG-BUS30_MG,50,50,21.004142382465297,21.004142382465297,21.004142382465293,1.4210854715202004e-14,21.004142382465297,21.004142382465297,21.004142382465293,1.4210854715202004e-14,0.04567460442194715,0.05664378416026011,0.027980900194485483,1.0,1.0,1.0,1.0,0.0,0.0,0.0,0.0,0.0,0.0,0.0,0.0,0.0,-0.5958576175351709,2.8321892080130056,0.032894167001359165
pglib_case30_adapted,Piecewise-linear MILP baseline,normal_BUS2_MG-BUS5_MG-BUS7_MG.json,normal,BUS2_MG-BUS5_MG-BUS7_MG,50,50,119.2129231448542,119.2129231448542,119.21292314485422,8.526512829121202e-14,119.2129231448542,119.2129231448542,119.21292314485422,8.526512829121202e-14,0.04746279108803719,0.059757987447082994,0.03212167392999805,1.0,1.0,1.0,1.0,0.0,0.0,0.0,0.0,0.0,0.0,0.0,0.0,0.0,97.61292314485176,2.98789937235415,0.03156699996907264
pglib_case30_adapted,Piecewise-linear MILP baseline,pcc_failure_BUS12_MG.json,pcc_failure,BUS12_MG,50,50,6.156817048284731,6.156817048284731,6.15681704828473,4.440892098500626e-15,6.156817048284731,6.156817048284731,6.15681704828473,4.440892098500626e-15,0.02423599996836856,0.03552453672280535,0.018179720979600706,1.0,1.0,1.0,1.0,0.0,0.0,0.0,0.0,0.0,0.0,0.0,0.0,0.0,-1.0431829517159599,1.7762268361402676,0.016159791965037584
pglib_case30_adapted,Piecewise-linear MILP baseline,pcc_failure_BUS1_MG-BUS2_MG-BUS30_MG.json,pcc_failure,BUS1_MG-BUS2_MG-BUS30_MG,50,50,23.291559596569464,23.291559596569464,23.291559596569464,2.842170943040401e-14,23.291559596569464,23.291559596569464,23.291559596569464,2.842170943040401e-14,0.048533354012761265,0.05932143587851897,0.026589522161951998,1.0,1.0,1.0,1.0,0.0,0.0,0.0,0.0,0.0,0.0,0.0,0.0,0.0,1.6915595965688681,2.9660717939259484,0.03274491603951901
pglib_case30_adapted,Piecewise-linear MILP baseline,pcc_failure_BUS2_MG-BUS5_MG-BUS7_MG.json,pcc_failure,BUS2_MG-BUS5_MG-BUS7_MG,50,50,127.75338314485418,127.75338314485418,127.7533831448542,7.105427357601002e-14,127.75338314485418,127.75338314485418,127.7533831448542,7.105427357601002e-14,0.04660964600043371,0.06387891074409709,0.03529328238025397,1.0,1.0,1.0,1.0,0.0,0.0,0.0,0.0,0.0,0.0,0.0,0.0,0.0,106.15338314486148,3.193945537204854,0.031848708051256835
pglib_case30_adapted,Piecewise-linear MILP baseline,renewable_shortfall_BUS12_MG.json,renewable_shortfall,BUS12_MG,50,50,6.3856042482847295,6.3856042482847295,6.3856042482847295,3.552713678800501e-15,6.3856042482847295,6.3856042482847295,6.3856042482847295,3.552713678800501e-15,0.024273353978060186,0.03104694412322715,0.015722631071824058,1.0,1.0,1.0,1.0,0.0,0.0,0.0,0.0,0.0,0.0,0.0,0.0,0.0,-0.8143957517157332,1.5523472061613575,0.01708387502003461
pglib_case30_adapted,Piecewise-linear MILP baseline,renewable_shortfall_BUS1_MG-BUS2_MG-BUS30_MG.json,renewable_shortfall,BUS1_MG-BUS2_MG-BUS30_MG,50,50,23.486425182465293,23.486425182465293,23.486425182465297,3.552713678800501e-15,23.486425182465293,23.486425182465293,23.486425182465297,3.552713678800501e-15,0.046736542077269405,0.05891141916858032,0.0273106725570834,1.0,1.0,1.0,1.0,0.0,0.0,0.0,0.0,0.0,0.0,0.0,0.0,0.0,1.8864251824662006,2.945570958429016,0.03375929105095565
pglib_case30_adapted,Piecewise-linear MILP baseline,renewable_shortfall_BUS2_MG-BUS5_MG-BUS7_MG.json,renewable_shortfall,BUS2_MG-BUS5_MG-BUS7_MG,50,50,129.11156954485418,129.11156954485418,129.1115695448542,8.526512829121202e-14,129.11156954485418,129.11156954485418,129.1115695448542,8.526512829121202e-14,0.0485772704705596,0.06428136078407988,0.029528154117290265,1.0,1.0,1.0,1.0,0.0,0.0,0.0,0.0,0.0,0.0,0.0,0.0,0.0,107.51156954486628,3.214068039203994,0.030693374923430383
pglib_case30_adapted,Piecewise-linear MILP baseline,storm_forced_islanding_BUS12_MG.json,storm_forced_islanding,BUS12_MG,50,50,19.927718736759296,19.927718736759296,19.927718736759292,3.552713678800501e-15,19.927718736759296,19.927718736759296,19.927718736759292,3.552713678800501e-15,0.02692260453477502,0.03570017581572756,0.016360275200760114,1.0,1.0,1.0,1.0,0.0,0.0,0.0,0.0,0.0,0.0,0.0,0.0,0.0,12.727718736759716,1.785008790786378,0.018050708924420178
pglib_case30_adapted,Piecewise-linear MILP baseline,storm_forced_islanding_BUS1_MG-BUS2_MG-BUS30_MG.json,storm_forced_islanding,BUS1_MG-BUS2_MG-BUS30_MG,50,50,80.95751045190899,80.95751045190899,80.95751045190899,0.0,80.95751045190899,80.95751045190899,80.95751045190899,0.0,0.053070333029609174,0.06692444581538438,0.032258161403965695,1.0,1.0,1.0,1.0,0.0,0.0,0.0,0.0,0.0,0.0,0.0,0.0,0.0,59.35751045190956,3.3462222907692194,0.03638470789883286
pglib_case30_adapted,Piecewise-linear MILP baseline,storm_forced_islanding_BUS2_MG-BUS5_MG-BUS7_MG.json,storm_forced_islanding,BUS2_MG-BUS5_MG-BUS7_MG,50,50,119.2358440018975,119.2358440018975,119.23584400189752,1.1368683772161603e-13,179.0700770902077,179.0700770902077,179.07007709020766,2.842170943040401e-14,0.047027728985995054,0.06930617578560487,0.0497415479247681,1.0,1.0,0.44767639430148853,0.44767639430148853,239.3369323532408,598.8154363532408,598.8154363532408,0.40571301584405417,6.0,0.0,0.0,0.0,0.0,2645101.9121764065,3.465308789280243,0.0328153750160709
pglib_case30_adapted,QUBO/quadratized local search baseline,demand_surge_BUS12_MG.json,demand_surge,BUS12_MG,50,50,34.232792691586944,34.232792691586944,34.232792691586944,4.263256414560601e-14,34.232792691586944,34.232792691586944,34.232792691586944,4.263256414560601e-14,0.966647062508855,1.0509795023757034,0.41308363138867465,1.0,1.0,1.0,1.0,0.0,0.0,0.0,0.0,0.0,0.0,0.0,0.0,0.0,403.1671752965347,52.548975118785165,0.5380006659543142
pglib_case30_adapted,QUBO/quadratized local search baseline,demand_surge_BUS1_MG-BUS2_MG-BUS30_MG.json,demand_surge,BUS1_MG-BUS2_MG-BUS30_MG,50,50,118.43888319378127,118.43888319378127,118.43888319378128,1.4210854715202004e-14,118.43888319378127,118.43888319378127,118.43888319378128,1.4210854715202004e-14,8.023256396059878,8.868416716682258,3.2182777148518515,1.0,1.0,1.0,1.0,0.0,0.0,0.0,0.0,0.0,0.0,0.0,0.0,0.0,2395.7206729720474,443.42083583411295,4.677453250042163
pglib_case30_adapted,QUBO/quadratized local search baseline,demand_surge_BUS2_MG-BUS5_MG-BUS7_MG.json,demand_surge,BUS2_MG-BUS5_MG-BUS7_MG,50,50,243.41407771788815,243.41407771788815,243.5620524026195,0.6815187984211927,243.41407771788815,243.41407771788815,243.5620524026195,0.6815187984211927,7.605886687990278,8.456068439960946,3.1223672833678515,1.0,1.0,1.0,1.0,0.0,82.76598200000001,82.76598200000001,0.054183162881250774,0.0,0.0,0.0,0.0,0.0,50172.90329141659,422.80342199804727,4.333025624975562
pglib_case30_adapted,QUBO/quadratized local search baseline,local_generator_failure_BUS12_MG.json,local_generator_failure,BUS12_MG,50,50,28.740404223639054,28.740404223639054,28.740404223639047,1.4210854715202004e-14,28.740404223639054,28.740404223639054,28.740404223639047,1.4210854715202004e-14,0.9993712709983811,1.0833763433224521,0.42040362448554025,1.0,1.0,1.0,1.0,0.0,0.0,0.0,0.0,0.0,0.0,0.0,0.0,0.0,192.0635365690676,54.16881716612261,0.5231764999916777
pglib_case30_adapted,QUBO/quadratized local search baseline,local_generator_failure_BUS1_MG-BUS2_MG-BUS30_MG.json,local_generator_failure,BUS1_MG-BUS2_MG-BUS30_MG,50,50,64.49040106013085,65.55960001184611,65.40991215860598,0.37099817029363136,64.49040106013085,65.55960001184611,65.40991215860598,0.37099817029363136,7.641745604050811,8.452969110039994,3.14285136250159,1.0,1.0,1.0,1.0,0.0,0.0,0.0,0.0,0.0,0.0,0.0,0.0,0.0,4715.751341395985,422.6484555019997,4.480218624928966
pglib_case30_adapted,QUBO/quadratized local search baseline,local_generator_failure_BUS2_MG-BUS5_MG-BUS7_MG.json,local_generator_failure,BUS2_MG-BUS5_MG-BUS7_MG,50,50,183.5036297568131,184.57282870852836,184.62503055349399,0.47614649656213504,183.5036297568131,184.57282870852836,184.62503055349399,0.47614649656213504,7.320666083483957,8.187642489222345,3.066078800557666,1.0,1.0,1.0,1.0,0.0,0.0,0.0,0.0,0.0,0.0,0.0,0.0,0.0,5969.447040319113,409.3821244611172,4.272960334084928
pglib_case30_adapted,QUBO/quadratized local search baseline,normal_BUS12_MG.json,normal,BUS12_MG,50,50,27.182162498668063,27.182162498668063,27.18216249866806,1.0658141036401503e-14,27.182162498668063,27.182162498668063,27.18216249866806,1.0658141036401503e-14,0.8525707919616252,0.9867816166882403,0.4405296001694932,1.0,1.0,1.0,1.0,0.0,0.0,0.0,0.0,0.0,0.0,0.0,0.0,0.0,145.0498029999997,49.339080834412016,0.5274012909503654
pglib_case30_adapted,QUBO/quadratized local search baseline,normal_BUS1_MG-BUS2_MG-BUS30_MG.json,normal,BUS1_MG-BUS2_MG-BUS30_MG,50,50,94.23550720375368,94.23550720375368,94.73691605648077,1.7152763196662333,94.23550720375368,94.23550720375368,94.73691605648077,1.7152763196662333,8.05113604204962,8.893682690775021,3.2182286878154573,1.0,1.0,1.0,1.0,0.0,0.0,0.0,0.0,0.0,0.0,0.0,0.0,0.0,3487.0742403511167,444.6841345387511,4.697506500058807
pglib_case30_adapted,QUBO/quadratized local search baseline,normal_BUS2_MG-BUS5_MG-BUS7_MG.json,normal,BUS2_MG-BUS5_MG-BUS7_MG,50,50,206.86784551441048,206.86784551441048,207.35781167822566,1.4935252683581648,206.86784551441048,206.86784551441048,207.35781167822566,1.4935252683581648,7.57261552097043,8.293620655022096,3.0490748477008256,1.0,1.0,1.0,1.0,0.0,0.0,0.0,0.0,0.0,0.0,0.0,0.0,0.0,5383.005670708572,414.6810327511048,4.369109333027154
pglib_case30_adapted,QUBO/quadratized local search baseline,pcc_failure_BUS12_MG.json,pcc_failure,BUS12_MG,50,50,29.050851210937257,29.050851210937257,29.050851210937257,0.0,29.050851210937257,29.050851210937257,29.050851210937257,0.0,0.9502965620486066,1.0460020791576243,0.41636188473961144,1.0,1.0,1.0,1.0,0.0,0.0,0.0,0.0,0.0,0.0,0.0,0.0,0.0,203.24350702666544,52.30010395788122,0.5284290000563487
pglib_case30_adapted,QUBO/quadratized local search baseline,pcc_failure_BUS1_MG-BUS2_MG-BUS30_MG.json,pcc_failure,BUS1_MG-BUS2_MG-BUS30_MG,50,50,100.476142376597,100.476142376597,100.57437536958145,0.6876309508912374,100.476142376597,100.476142376597,100.57437536958145,0.6876309508912374,7.6743653125013225,8.427998305861838,3.030800819143207,1.0,1.0,1.0,1.0,0.0,0.0,0.0,0.0,0.0,0.0,0.0,0.0,0.0,3035.9053915777777,421.3999152930919,4.420769999967888
pglib_case30_adapted,QUBO/quadratized local search baseline,pcc_failure_BUS2_MG-BUS5_MG-BUS7_MG.json,pcc_failure,BUS2_MG-BUS5_MG-BUS7_MG,50,50,220.802757904234,220.802757904234,221.26664998412846,1.3568627794224806,220.802757904234,220.802757904234,221.26664998412846,1.3568627794224806,7.388109958497807,8.315475540019106,3.1056096013515564,1.0,1.0,1.0,1.0,0.0,0.0,0.0,0.0,0.0,0.0,0.0,0.0,0.0,3585.6853399485744,415.7737770009553,4.310617750044912
pglib_case30_adapted,QUBO/quadratized local search baseline,renewable_shortfall_BUS12_MG.json,renewable_shortfall,BUS12_MG,50,50,29.651436434227662,29.651436434227662,29.651436434227662,0.0,29.651436434227662,29.651436434227662,29.651436434227662,0.0,0.9650595004786737,1.0393751341989264,0.4215595450951354,1.0,1.0,1.0,1.0,0.0,0.0,0.0,0.0,0.0,0.0,0.0,0.0,0.0,230.21672077386557,51.96875670994632,0.529720582999289
pglib_case30_adapted,QUBO/quadratized local search baseline,renewable_shortfall_BUS1_MG-BUS2_MG-BUS30_MG.json,renewable_shortfall,BUS1_MG-BUS2_MG-BUS30_MG,50,50,101.6539997319079,101.6539997319079,101.75242898232004,0.6890047528849632,101.6539997319079,101.6539997319079,101.75242898232004,0.6890047528849632,8.117793250014074,8.955689141761978,3.2586898551790395,1.0,1.0,1.0,1.0,0.0,0.0,0.0,0.0,0.0,0.0,0.0,0.0,0.0,2974.5608902161794,447.78445708809886,4.727894958923571
pglib_case30_adapted,QUBO/quadratized local search baseline,renewable_shortfall_BUS2_MG-BUS5_MG-BUS7_MG.json,renewable_shortfall,BUS2_MG-BUS5_MG-BUS7_MG,50,50,223.055414770215,223.055414770215,223.52526999692773,1.3634255698364448,223.055414770215,223.055414770215,223.52526999692773,1.3634255698364448,7.567795583512634,8.405483879100066,3.025249477067291,1.0,1.0,1.0,1.0,0.0,2.435480000000041,2.435480000000041,0.0019089403445091016,0.0,0.0,0.0,0.0,0.0,3450.6408121787163,420.2741939550033,4.419627584051341
pglib_case30_adapted,QUBO/quadratized local search baseline,storm_forced_islanding_BUS12_MG.json,storm_forced_islanding,BUS12_MG,50,50,34.22585838311773,34.22585838311773,34.22585838311773,4.263256414560601e-14,34.22585838311773,34.22585838311773,34.22585838311773,4.263256414560601e-14,0.7826261454611085,0.8808321483130567,0.33975506989085935,1.0,1.0,1.0,1.0,0.0,0.0,0.0,0.0,0.0,0.0,0.0,0.0,0.0,445.019651031377,44.041607415652834,0.4395716249709949
pglib_case30_adapted,QUBO/quadratized local search baseline,storm_forced_islanding_BUS1_MG-BUS2_MG-BUS30_MG.json,storm_forced_islanding,BUS1_MG-BUS2_MG-BUS30_MG,50,50,117.6603431111359,117.6603431111359,117.73664728197788,0.5341291958937029,117.6603431111359,117.6603431111359,117.73664728197788,0.5341291958937029,6.523244812502526,7.233615940085147,2.672089879889796,1.0,1.0,1.0,1.0,0.0,0.0,0.0,0.0,0.0,0.0,0.0,0.0,0.0,2344.8788585297325,361.68079700425733,3.698505917098373
pglib_case30_adapted,QUBO/quadratized local search baseline,storm_forced_islanding_BUS2_MG-BUS5_MG-BUS7_MG.json,storm_forced_islanding,BUS2_MG-BUS5_MG-BUS7_MG,50,50,73.03809692513268,119.03950960963104,118.88417118090982,12.635805193350524,136.75538158010954,184.1261449897528,182.92414953122002,12.438727523594812,6.264792291971389,6.998365539147053,2.5662450633425578,1.0,1.0,0.4404829789083725,0.41104986071378724,242.45403608657412,622.7900955532408,622.7900955532408,0.4219564703333061,6.0,0.0,0.0,0.0,0.0,320110.35649420193,349.91827695735265,3.6347885000286624
pglib_case30_adapted,SLSQPDispatchOptimizer,demand_surge_BUS12_MG.json,demand_surge,BUS12_MG,50,50,33.08607297089038,33.08607297089038,33.08607297089038,2.842170943040401e-14,33.08607297089038,33.08607297089038,33.08607297089038,2.842170943040401e-14,0.06592891702894121,0.07972443245351314,0.03688431415528483,1.0,1.0,1.0,1.0,0.0,0.0,0.0,0.0,0.0,0.0,0.0,0.0,0.0,26.476033804713968,3.9862216226756573,0.044034625054337084
pglib_case30_adapted,SLSQPDispatchOptimizer,demand_surge_BUS1_MG-BUS2_MG-BUS30_MG.json,demand_surge,BUS1_MG-BUS2_MG-BUS30_MG,50,50,115.9486061187445,115.9486061187445,115.94860611874448,1.4210854715202004e-14,115.9486061187445,115.9486061187445,115.94860611874448,1.4210854715202004e-14,0.5356617079814896,0.6436617891909555,0.287365641180601,1.0,1.0,1.0,1.0,0.0,0.0,0.0,0.0,0.0,0.0,0.0,0.0,0.0,96.05917692543538,32.18308945954777,0.34505508397705853
pglib_case30_adapted,SLSQPDispatchOptimizer,demand_surge_BUS2_MG-BUS5_MG-BUS7_MG.json,demand_surge,BUS2_MG-BUS5_MG-BUS7_MG,50,50,242.6690625303628,242.6690625303628,242.6690625303628,2.2737367544323206e-13,242.66968404964385,242.66968404964385,242.66968404964388,2.8421709430404007e-13,0.6999967084848322,0.8355042250268161,0.37459658086840913,1.0,1.0,0.9999944564880954,0.9999944564880954,0.002486077124241669,62.95509024410291,62.95509024410291,0.04121386379370294,6.0,0.0,0.0,0.0,0.0,1410.6824068863273,41.77521125134081,0.47289054200518876
pglib_case30_adapted,SLSQPDispatchOptimizer,local_generator_failure_BUS12_MG.json,local_generator_failure,BUS12_MG,50,50,28.740404223639054,28.740404223639054,28.740404223639047,1.4210854715202004e-14,28.740404223639054,28.740404223639054,28.740404223639047,1.4210854715202004e-14,0.03363322943914682,0.0393054907862097,0.017203980950066994,1.0,1.0,1.0,1.0,0.0,0.0,0.0,0.0,0.0,0.0,0.0,0.0,0.0,21.47273476457558,1.9652745393104851,0.019094582996331155
pglib_case30_adapted,SLSQPDispatchOptimizer,local_generator_failure_BUS1_MG-BUS2_MG-BUS30_MG.json,local_generator_failure,BUS1_MG-BUS2_MG-BUS30_MG,50,50,64.26674877362808,64.26674877362808,64.26674877362808,4.263256414560601e-14,64.26674877362808,64.26674877362808,64.26674877362808,4.263256414560601e-14,0.5297429170459509,0.6201651283423416,0.29893642082747607,1.0,1.0,1.0,1.0,0.0,0.0,0.0,0.0,0.0,0.0,0.0,0.0,0.0,42.62554242801646,31.00825641711708,0.2428291660035029
pglib_case30_adapted,SLSQPDispatchOptimizer,local_generator_failure_BUS2_MG-BUS5_MG-BUS7_MG.json,local_generator_failure,BUS2_MG-BUS5_MG-BUS7_MG,50,50,183.50462072360997,183.50462072360997,183.50462072360997,5.684341886080802e-14,183.50462072360997,183.50462072360997,183.50462072360997,5.684341886080802e-14,0.2985589159652591,0.35952505919383837,0.15930001821287118,1.0,1.0,1.0,1.0,0.0,0.0,0.0,0.0,0.0,0.0,0.0,0.0,0.0,161.78430291383694,17.97625295969192,0.19671266700606793
pglib_case30_adapted,SLSQPDispatchOptimizer,normal_BUS12_MG.json,normal,BUS12_MG,50,50,25.638218074296045,25.638218074296045,25.63821807429604,3.197442310920451e-14,25.638218074296045,25.638218074296045,25.63821807429604,3.197442310920451e-14,0.06635022902628407,0.07681464080698788,0.03216629801034299,1.0,1.0,1.0,1.0,0.0,0.0,0.0,0.0,0.0,0.0,0.0,0.0,0.0,19.069383073953478,3.840732040349394,0.043603042024187744
pglib_case30_adapted,SLSQPDispatchOptimizer,normal_BUS1_MG-BUS2_MG-BUS30_MG.json,normal,BUS1_MG-BUS2_MG-BUS30_MG,50,50,87.7824066150673,87.7824066150673,87.78240661506729,1.4210854715202004e-14,87.7824066150673,87.7824066150673,87.78240661506729,1.4210854715202004e-14,0.8249553539790213,0.9605738783767447,0.384999574091382,1.0,1.0,1.0,1.0,0.0,0.0,0.0,0.0,0.0,0.0,0.0,0.0,0.0,67.84662110114634,48.028693918837234,0.4819937919965014
pglib_case30_adapted,SLSQPDispatchOptimizer,normal_BUS2_MG-BUS5_MG-BUS7_MG.json,normal,BUS2_MG-BUS5_MG-BUS7_MG,50,50,206.86784551441048,206.86784551441048,206.86784551441048,2.2737367544323206e-13,206.86784551441048,206.86784551441048,206.86784551441048,2.2737367544323206e-13,0.18505593750160187,0.21585231413831935,0.10325024670398694,1.0,1.0,1.0,1.0,0.0,0.0,0.0,0.0,0.0,0.0,0.0,0.0,0.0,185.2678455144067,10.792615706915967,0.100177583983168
pglib_case30_adapted,SLSQPDispatchOptimizer,pcc_failure_BUS12_MG.json,pcc_failure,BUS12_MG,50,50,28.301410803611848,28.301410803611848,28.301410803611848,1.4210854715202004e-14,28.301410803611848,28.301410803611848,28.301410803611848,1.4210854715202004e-14,0.042288250057026744,0.051478227507323025,0.024703241245358786,1.0,1.0,1.0,1.0,0.0,0.0,0.0,0.0,0.0,0.0,0.0,0.0,0.0,21.404707485169656,2.5739113753661513,0.027250958024524152
pglib_case30_adapted,SLSQPDispatchOptimizer,pcc_failure_BUS1_MG-BUS2_MG-BUS30_MG.json,pcc_failure,BUS1_MG-BUS2_MG-BUS30_MG,50,50,98.09911938782172,98.09911938782172,98.09911938782172,0.0,98.09911938782172,98.09911938782172,98.09911938782172,0.0,0.5303677914780565,0.6220101500628517,0.26056162693040114,1.0,1.0,1.0,1.0,0.0,0.0,0.0,0.0,0.0,0.0,0.0,0.0,0.0,78.03407906813207,31.10050750314258,0.3299775840714574
pglib_case30_adapted,SLSQPDispatchOptimizer,pcc_failure_BUS2_MG-BUS5_MG-BUS7_MG.json,pcc_failure,BUS2_MG-BUS5_MG-BUS7_MG,50,50,220.30594854756,220.30594854756,220.30594854756004,2.842170943040401e-14,220.30594854756,220.30594854756,220.30594854756004,2.842170943040401e-14,0.4381144375074655,0.5306326417019591,0.22118753435123537,1.0,1.0,1.0,1.0,0.0,0.0,0.0,0.0,0.0,0.0,0.0,0.0,0.0,198.68459079506815,26.531632085097954,0.26988350006286055
pglib_case30_adapted,SLSQPDispatchOptimizer,renewable_shortfall_BUS12_MG.json,renewable_shortfall,BUS12_MG,50,50,29.504060533546596,29.504060533546596,29.5040605335466,2.1316282072803006e-14,29.504060533546596,29.504060533546596,29.5040605335466,2.1316282072803006e-14,0.05345456302165985,0.065703898423817,0.0329587032130172,1.0,1.0,1.0,1.0,0.0,0.0,0.0,0.0,0.0,0.0,0.0,0.0,0.0,22.295274334801096,3.2851949211908504,0.03667000005953014
pglib_case30_adapted,SLSQPDispatchOptimizer,renewable_shortfall_BUS1_MG-BUS2_MG-BUS30_MG.json,renewable_shortfall,BUS1_MG-BUS2_MG-BUS30_MG,50,50,101.6539997319079,101.6539997319079,101.6539997319079,7.105427357601002e-14,101.6539997319079,101.6539997319079,101.6539997319079,7.105427357601002e-14,0.36721762496745214,0.426166475082282,0.17696859281252084,1.0,1.0,1.0,1.0,0.0,0.0,0.0,0.0,0.0,0.0,0.0,0.0,0.0,79.87721598752596,21.3083237541141,0.21318908303510398
pglib_case30_adapted,SLSQPDispatchOptimizer,renewable_shortfall_BUS2_MG-BUS5_MG-BUS7_MG.json,renewable_shortfall,BUS2_MG-BUS5_MG-BUS7_MG,50,50,221.2729772827669,221.2729772827669,221.27297728276687,1.7053025658242404e-13,221.2729772827669,221.2729772827669,221.27297728276687,1.7053025658242404e-13,0.6514393750112504,0.6853033474530094,0.2518437733495991,1.0,1.0,1.0,1.0,0.0,2.435480000000041,2.435480000000041,0.0019089403445091016,0.0,0.0,0.0,0.0,0.0,209.45569807719562,34.26516737265047,0.2854669999796897
pglib_case30_adapted,SLSQPDispatchOptimizer,storm_forced_islanding_BUS12_MG.json,storm_forced_islanding,BUS12_MG,50,50,34.22585838311773,34.22585838311773,34.22585838311773,4.263256414560601e-14,34.22585838311773,34.22585838311773,34.22585838311773,4.263256414560601e-14,0.014236083545256406,0.017267070065718145,0.007779777080033745,1.0,1.0,1.0,1.0,0.0,0.0,0.0,0.0,0.0,0.0,0.0,0.0,0.0,27.025858383118067,0.8633535032859072,0.00913612509611994
pglib_case30_adapted,SLSQPDispatchOptimizer,storm_forced_islanding_BUS1_MG-BUS2_MG-BUS30_MG.json,storm_forced_islanding,BUS1_MG-BUS2_MG-BUS30_MG,50,50,117.6603431111359,117.6603431111359,117.66034311113592,2.842170943040401e-14,117.6603431111359,117.6603431111359,117.66034311113592,2.842170943040401e-14,0.13940887455828488,0.16468490495579316,0.08194465034264276,1.0,1.0,1.0,1.0,0.0,0.0,0.0,0.0,0.0,0.0,0.0,0.0,0.0,96.06034311113699,8.234245247789659,0.07092841598205268
pglib_case30_adapted,SLSQPDispatchOptimizer,storm_forced_islanding_BUS2_MG-BUS5_MG-BUS7_MG.json,storm_forced_islanding,BUS2_MG-BUS5_MG-BUS7_MG,50,50,145.4932555525828,145.4932555525828,145.4932555525828,8.526512829121202e-14,205.32966093912904,205.32966093912904,205.32966093912907,2.842170943040401e-14,0.7638600834761746,0.8569085191958584,0.3094550112985032,1.0,1.0,0.44765634204156235,0.44765634204156235,239.34562154618487,598.8248052772651,598.8248052772651,0.4057193635334929,6.0,0.0,0.0,0.0,0.0,158732.47837998098,42.84542595979292,0.4241399170132354
pglib_case30_adapted,Stress-only reserve heuristic baseline,demand_surge_BUS12_MG.json,demand_surge,BUS12_MG,50,50,34.232792691586944,34.232792691586944,34.232792691586944,4.263256414560601e-14,34.232792691586944,34.232792691586944,34.232792691586944,4.263256414560601e-14,4.4229032937437296e-05,5.4277488961815836e-05,2.654864334672282e-05,1.0,1.0,1.0,1.0,0.0,0.0,0.0,0.0,0.0,0.0,0.0,0.0,0.0,27.032792691586383,0.0027138744480907917,3.1542032957077026e-05
pglib_case30_adapted,Stress-only reserve heuristic baseline,demand_surge_BUS1_MG-BUS2_MG-BUS30_MG.json,demand_surge,BUS1_MG-BUS2_MG-BUS30_MG,50,50,118.43888319378127,118.43888319378127,118.43888319378128,1.4210854715202004e-14,118.43888319378127,118.43888319378127,118.43888319378128,1.4210854715202004e-14,0.00010895845480263233,0.00014817917253822087,0.00010276293229503581,1.0,1.0,1.0,1.0,0.0,0.0,0.0,0.0,0.0,0.0,0.0,0.0,0.0,96.83888319378075,0.007408958626911044,6.283295806497335e-05
pglib_case30_adapted,Stress-only reserve heuristic baseline,demand_surge_BUS2_MG-BUS5_MG-BUS7_MG.json,demand_surge,BUS2_MG-BUS5_MG-BUS7_MG,50,50,196.5734453896034,196.5734453896034,196.5734453896034,8.526512829121202e-14,196.5734453896034,196.5734453896034,196.5734453896034,8.526512829121202e-14,0.00010527099948376417,0.0001344683743081987,6.183480769175077e-05,1.0,1.0,1.0,1.0,0.0,376.841628,376.841628,0.24670125112947627,0.0,0.0,0.0,0.0,0.0,263964.1130453895,0.0067234187154099345,8.124997839331627e-05
pglib_case30_adapted,Stress-only reserve heuristic baseline,local_generator_failure_BUS12_MG.json,local_generator_failure,BUS12_MG,50,50,28.740404223639054,28.740404223639054,28.740404223639047,1.4210854715202004e-14,28.740404223639054,28.740404223639054,28.740404223639047,1.4210854715202004e-14,4.447903484106064e-05,5.331166554242372e-05,2.5851980368384056e-05,1.0,1.0,1.0,1.0,0.0,0.0,0.0,0.0,0.0,0.0,0.0,0.0,0.0,21.540404223639417,0.0026655832771211863,3.0166935175657272e-05
pglib_case30_adapted,Stress-only reserve heuristic baseline,local_generator_failure_BUS1_MG-BUS2_MG-BUS30_MG.json,local_generator_failure,BUS1_MG-BUS2_MG-BUS30_MG,50,50,69.68460001184613,69.68460001184613,69.68460001184613,4.263256414560601e-14,69.68460001184613,69.68460001184613,69.68460001184613,4.263256414560601e-14,0.00012047903146594763,0.00014526417944580317,6.636100938607611e-05,1.0,1.0,1.0,1.0,0.0,0.0,0.0,0.0,0.0,0.0,0.0,0.0,0.0,1784203.8644064541,0.007263208972290158,7.845798972994089e-05
pglib_case30_adapted,Stress-only reserve heuristic baseline,local_generator_failure_BUS2_MG-BUS5_MG-BUS7_MG.json,local_generator_failure,BUS2_MG-BUS5_MG-BUS7_MG,50,50,136.86289550024367,136.86289550024367,136.8628955002437,1.7053025658242404e-13,136.86289550024367,136.86289550024367,136.8628955002437,1.7053025658242404e-13,0.00010793749243021011,0.00014080667635425924,9.830869826487593e-05,1.0,1.0,1.0,1.0,0.0,316.828512,316.828512,0.24355602600550683,0.0,0.0,0.0,0.0,0.0,2006051.0011019434,0.007040333817712963,7.945799734443426e-05
pglib_case30_adapted,Stress-only reserve heuristic baseline,normal_BUS12_MG.json,normal,BUS12_MG,50,50,27.182162498668063,27.182162498668063,27.18216249866806,1.0658141036401503e-14,27.182162498668063,27.182162498668063,27.18216249866806,1.0658141036401503e-14,4.57499991171062e-05,7.428833981975913e-05,0.00012587125042803196,1.0,1.0,1.0,1.0,0.0,0.0,0.0,0.0,0.0,0.0,0.0,0.0,0.0,19.982162498667822,0.0037144169909879565,3.0542025342583656e-05
pglib_case30_adapted,Stress-only reserve heuristic baseline,normal_BUS1_MG-BUS2_MG-BUS30_MG.json,normal,BUS1_MG-BUS2_MG-BUS30_MG,50,50,94.23550720375368,94.23550720375368,94.23550720375368,8.526512829121202e-14,94.23550720375368,94.23550720375368,94.23550720375368,8.526512829121202e-14,0.00011127098696306348,0.00013810329837724567,7.396350974684338e-05,1.0,1.0,1.0,1.0,0.0,0.0,0.0,0.0,0.0,0.0,0.0,0.0,0.0,72.63550720375387,0.006905164918862283,6.200000643730164e-05
pglib_case30_adapted,Stress-only reserve heuristic baseline,normal_BUS2_MG-BUS5_MG-BUS7_MG.json,normal,BUS2_MG-BUS5_MG-BUS7_MG,50,50,157.22634046612578,157.22634046612578,157.22634046612578,1.9895196601282805e-13,157.22634046612578,157.22634046612578,157.22634046612578,1.9895196601282805e-13,0.00011875003110617399,0.00014717912301421166,9.374687084484116e-05,1.0,1.0,1.0,1.0,0.0,304.6428000000001,304.6428000000001,0.2435560260055069,0.0,0.0,0.0,0.0,0.0,213385.58634046602,0.007358956150710583,7.612491026520729e-05
pglib_case30_adapted,Stress-only reserve heuristic baseline,pcc_failure_BUS12_MG.json,pcc_failure,BUS12_MG,50,50,29.050851210937257,29.050851210937257,29.050851210937257,0.0,29.050851210937257,29.050851210937257,29.050851210937257,0.0,4.3854000978171825e-05,5.325836827978492e-05,2.4729399859585655e-05,1.0,1.0,1.0,1.0,0.0,0.0,0.0,0.0,0.0,0.0,0.0,0.0,0.0,21.850851210936344,0.002662918413989246,3.233307506889105e-05
pglib_case30_adapted,Stress-only reserve heuristic baseline,pcc_failure_BUS1_MG-BUS2_MG-BUS30_MG.json,pcc_failure,BUS1_MG-BUS2_MG-BUS30_MG,50,50,97.03497924697491,97.03497924697491,97.03497924697493,1.2789769243681803e-13,97.03497924697491,97.03497924697491,97.03497924697493,1.2789769243681803e-13,0.00011462444672361016,0.00013983751181513072,7.521720634813878e-05,1.0,1.0,1.0,1.0,0.0,18.079572000000002,18.079572000000002,0.013765969626130864,0.0,0.0,0.0,0.0,0.0,12731.135379246969,0.0069918755907565355,5.8249919675290585e-05
pglib_case30_adapted,Stress-only reserve heuristic baseline,pcc_failure_BUS2_MG-BUS5_MG-BUS7_MG.json,pcc_failure,BUS2_MG-BUS5_MG-BUS7_MG,50,50,168.41946765594926,168.41946765594926,168.41946765594926,5.684341886080802e-14,168.41946765594926,168.41946765594926,168.41946765594926,5.684341886080802e-14,0.00010620802640914917,0.00013659494463354348,7.230189183608056e-05,1.0,1.0,1.0,1.0,0.0,319.87494000000004,319.87494000000004,0.24355602600550677,0.0,0.0,0.0,0.0,0.0,224059.27746765592,0.006829747231677175,7.933296728879213e-05
pglib_case30_adapted,Stress-only reserve heuristic baseline,renewable_shortfall_BUS12_MG.json,renewable_shortfall,BUS12_MG,50,50,29.651436434227662,29.651436434227662,29.651436434227662,0.0,29.651436434227662,29.651436434227662,29.651436434227662,0.0,4.5979511924088e-05,5.763583583757281e-05,3.425759401634881e-05,1.0,1.0,1.0,1.0,0.0,0.0,0.0,0.0,0.0,0.0,0.0,0.0,0.0,22.451436434227436,0.0028817917918786407,3.266602288931608e-05
pglib_case30_adapted,Stress-only reserve heuristic baseline,renewable_shortfall_BUS1_MG-BUS2_MG-BUS30_MG.json,renewable_shortfall,BUS1_MG-BUS2_MG-BUS30_MG,50,50,101.6539997319079,101.6539997319079,101.6539997319079,7.105427357601002e-14,101.6539997319079,101.6539997319079,101.6539997319079,7.105427357601002e-14,0.00010952097363770008,0.0001381458924151957,7.245399139167464e-05,1.0,1.0,1.0,1.0,0.0,0.0,0.0,0.0,0.0,0.0,0.0,0.0,0.0,80.05399973190815,0.006907294620759785,5.504104774445295e-05
pglib_case30_adapted,Stress-only reserve heuristic baseline,renewable_shortfall_BUS2_MG-BUS5_MG-BUS7_MG.json,renewable_shortfall,BUS2_MG-BUS5_MG-BUS7_MG,50,50,172.75558204193027,172.75558204193027,172.7555820419303,2.842170943040401e-14,172.75558204193027,172.75558204193027,172.7555820419303,2.842170943040401e-14,0.00011016696225851774,0.00013831328367814422,6.705952578743176e-05,1.0,1.0,1.0,1.0,0.0,310.73565600000006,310.73565600000006,0.24355602600550685,0.0,0.0,0.0,0.0,0.0,217666.11478204184,0.006915664183907211,7.79579859226942e-05
pglib_case30_adapted,Stress-only reserve heuristic baseline,storm_forced_islanding_BUS12_MG.json,storm_forced_islanding,BUS12_MG,50,50,17.995425186689197,17.995425186689197,17.9954251866892,3.552713678800501e-15,17.995425186689197,17.995425186689197,17.9954251866892,3.552713678800501e-15,4.339596489444375e-05,5.153415258973837e-05,2.7358302301834093e-05,1.0,1.0,1.0,1.0,0.0,34.58098559999999,34.58098559999999,0.02342951618628539,0.0,0.0,0.0,0.0,0.0,24217.48534518669,0.0025767076294869184,2.487492747604847e-05
pglib_case30_adapted,Stress-only reserve heuristic baseline,storm_forced_islanding_BUS1_MG-BUS2_MG-BUS30_MG.json,storm_forced_islanding,BUS1_MG-BUS2_MG-BUS30_MG,50,50,44.6444438029207,44.6444438029207,44.6444438029207,0.0,44.6444438029207,44.6444438029207,44.6444438029207,0.0,0.00010141602251678705,0.00013514995807781816,9.098392310733984e-05,1.0,1.0,1.0,1.0,0.0,151.42253240000005,151.42253240000005,0.10259269978222155,0.0,0.0,0.0,0.0,0.0,106018.81712380296,0.006757497903890908,7.770804222673178e-05
pglib_case30_adapted,Stress-only reserve heuristic baseline,storm_forced_islanding_BUS2_MG-BUS5_MG-BUS7_MG.json,storm_forced_islanding,BUS2_MG-BUS5_MG-BUS7_MG,50,50,62.488582684641194,62.488582684641194,62.488582684641194,0.0,122.32281577295139,122.32281577295139,122.3228157729514,1.2789769243681803e-13,0.00010356248822063208,0.00012779834680259227,6.293566324530524e-05,1.0,1.0,0.44767639430148853,0.44767639430148853,239.33693235324077,768.3656479532408,768.3656479532408,0.5205876892562057,6.0,0.0,0.0,0.0,0.0,2763730.3130350914,0.006389917340129614,7.275003008544445e-05
