path,size_bytes,sha256,role
.gitattributes,245,3b5f808249886196b7ee2d19bf6f965a98b6f8fa1b361bae138f46bd3e4559f1,documentation
.gitignore,448,5d0ff27dc634c061b892cb44af4b0d76415443bbc8f35bd8bfc277f74af0872c,documentation
README.md,21064,3c7f3dcda69c5f819c011c9adafb68e7f46cd742e75acbefe205b4c690d665ca,documentation
configs/phase3_irc_cmpo_ieee123.yaml,4508,f26947c7158a0aba07b5a6da08c607b4a57146be51455ac17ff2185e5dd9dcc6,configuration
configs/phase3_sc_cmpo_arpae.yaml,2875,9271db1eeaccd06a582f7200ee387e52c8a423058d7d519bd8af3a48887d3e26,configuration
configs/phase3_sc_cmpo_case14.yaml,1790,67bb179ffb700807b63f7b1c9478717d7b704dde9ea3eec98f632d447fb0a4dd,configuration
configs/phase3_sc_cmpo_case30.yaml,1791,9b4aaf059627db8fdcf4d7503ebc03423b8bf27bbd515474c76197012544a199,configuration
configs/phase3_sc_cmpo_ieee123.yaml,2815,dc123ce73c0735f6b4c841e794f46b83d3466c3297a592490b9e5470c5c7097c,configuration
data/README.md,885,186d2682a96de821f34374fc9a866cb67d36340c8ca3f91ff1a4f5ef9895fd8e,public_input
data/README_ARPAE_GO.md,1267,b9ef1c1af8f646b926870d3d8555d8c8f257d2ba5fa1ae1d33ccbc66e773d0ff,public_input
data/upstream/arpae-go/download_manifest.csv,382,cbe5c8d953e542fc389cedae9d14d8953174716cd12e4385cfa61e86fad836ad,public_input
data/upstream/arpae-go/extracted/Challenge_1_Original_Dataset_2_Scenarios/Original_Dataset_Offline_Edition_2/Network_01O-020/case.inl,7813,cd9877b01313ba37319e84a2e79267a3beb5e0d6b99e628540ad80577f6858bf,public_input
data/upstream/arpae-go/extracted/Challenge_1_Original_Dataset_2_Scenarios/Original_Dataset_Offline_Edition_2/Network_01O-020/case.rop,25821,0a86542962356c785764a7e7bc93830ca2dce835de6e45278c32d418d2e1caf9,public_input
data/upstream/arpae-go/extracted/Challenge_1_Original_Dataset_2_Scenarios/Original_Dataset_Offline_Edition_2/Network_01O-020/scenario_1/case.con,40884,2025cb345d9ef97ffb0bd8669c7816336439efa682599577324bff528eb3ebc4,public_input
data/upstream/arpae-go/extracted/Challenge_1_Original_Dataset_2_Scenarios/Original_Dataset_Offline_Edition_2/Network_01O-020/scenario_1/case.raw,126244,e25cda2e8a51cc1b5ce0edde5d5230fb6298f3aa017daee9cc6082a24f41bc23,public_input
data/upstream/ieee123/IEEELineCodes.DSS,12032,71bc16ef9c6084b9e3bab74fbdf967080b79624683465e1483b787ff160f58b3,public_input
data/upstream/ieee123/manifest.json,2538,9fb5937221a13f93b2456ab06f629d5333f2e2593a8add652caac463232ee94a,public_input
data/upstream/ieee123/opendss/IEEE123Loads.DSS,8289,fd28f52836205506a1980b52c5a7e12ca585aa626c52a6249502c1c3b2fc2255,public_input
data/upstream/ieee123/opendss/IEEE123Master.dss,17096,c92a69d9b218b1b2646ec7911783826229309038e72f16b848304c0457c0a54d,public_input
data/upstream/ieee123/opendss/IEEE123Regulators.DSS,1861,cd6ad77980dc018631ce39faab528afce40b0b9a50a6bc1c9ac8049ffb8207d7,public_input
data/upstream/ieee123/opendss/IEEE123Switches.dss,16925,ac54965aed134faba191bc24fbd4c0e6538a16d6154b49c5f7bb4886acaa20b9,public_input
data/upstream/ieee123/opendss/IEEELineCodes.DSS,30,40ef533dfcb22738edb1125b1e15e4a1a5d41b2cca4a2f969f5d955c9784daeb,public_input
data/upstream/ieee123/opendss/License.txt,1816,f13543277f32a6437d4f583200858f0988d3acc9598a6a1a292d710009ec21ef,public_input
data/upstream/nrel-atb/ATBe_2024_v3_selected_costs.csv,1494,1c18aaf4d16374be5dd371cdbcb8d1fa9e92811b18047556a29136a4d40adae8,public_input
data/upstream/nrel-atb/manifest.json,725,06a80056d05382ef4a39d4b9aa0c8b7bfd7c4df67903413f83afbed1a7bde308,public_input
data/upstream/pglib-opf/manifest.csv,858,b59cdea38aa34e0ebd4cf61ee0a4241e4cb51c4e6867c24b1036b21a5b777c8b,public_input
data/upstream/pglib-opf/v23.07/pglib_opf_case14_ieee.m,13781,bd5c568621de65e4b0922317010868bc7fa94173807faa10ea8fdbbe77c28106,public_input
data/upstream/pglib-opf/v23.07/pglib_opf_case30_ieee.m,18119,cae3290639d989731d32428aacf30c0b918bc91db73bc54791f3aa62d3f76c70,public_input
pyproject.toml,706,3a0bcf4422a09baceeca9bdefed91e465e5a00f09509c94e1c86bc7e411d362d,documentation
requirements.txt,146,1e3138e35d0aebc9d45d7f9060628eeb05beb36a28b1c4fc72defaf7603840bb,documentation
results/README.md,680,c96a8787182c58b0c8af8af992a2c6e7437df6093edf4e8d8826bfa2b9f1726a,derived_evidence
results/phase3/README.md,1687,e009f0434bb1c794c817068b7e54259f4225f86662794c58b3a7f9e291c1ec8c,derived_evidence
results/phase3/irc_cmpo/baselines/gpu/exact_milp_references.json,13126,3a0c66cd059200ccc3f022b4c4362d50bc051abeb6ae18f5815485a59b9b3fe1,derived_evidence
results/phase3/irc_cmpo/baselines/gpu/exact_milp_references_with_full_recourse.json,14999,8124900a125e4947285d0117941f238dbec6767d99125f214adf11b499eebda9,derived_evidence
results/phase3/irc_cmpo/baselines/gpu/gpu_baseline_metrics.csv,4160,7bf5f24ae28c834d60b9136c0e382bb2d382f590fa9944251578c9454f33396e,derived_evidence
results/phase3/irc_cmpo/baselines/gpu/gpu_baseline_metrics_with_recourse_regret.csv,6870,7e904a068f10627f3d9e56175a3fb38c18ffad827bd80485dd6a84c4493b36a8,derived_evidence
results/phase3/irc_cmpo/baselines/gpu/gpu_baseline_summary.json,798,4ded183c97e499e389d115cf6b87de3b36d285b60bc9f098ebb384a10e048b3d,derived_evidence
results/phase3/irc_cmpo/baselines/qbraid_gpu_recourse_run.json,360,deb4994e4bdca7f7ea8789922ecb53bf2df6e55b4d0ac5befec169abc78f5aa4,derived_evidence
results/phase3/irc_cmpo/baselines/qbraid_gpu_run.json,312,7dd03c63a348a4cc3ec88224f5758426c8a7b8d7c6b8b36ecfd3c1e533e700fb,derived_evidence
results/phase3/irc_cmpo/coefficient_audit.csv,7985,b1e3899b28b8e01fcfb7e9f23d15c0cba6b614c4e1e3950b3afcad579467568f,derived_evidence
results/phase3/irc_cmpo/coefficient_audit.md,8470,8df8683500d83a262698954648d456a8e2a5f1c0b1e5f359e3680ac7f80717ba,derived_evidence
results/phase3/irc_cmpo/dataset/portfolio_labels.csv,4693371,afcfd488e989eab4dd1369a780e856a6497035df7a3d0540ca20adb19890d47c,derived_evidence
results/phase3/irc_cmpo/dataset/split_manifest.csv,442759,7bc806444209488d7f7a6a4aaa0edc5b7bf4d6cf357a49d3759b62211f8408c1,derived_evidence
results/phase3/irc_cmpo/final/cost_vs_critical_ens_pareto.png,85723,6197dd2a1588e34b5cd11e40705ddbbdf573ba576608c9d9b88f8b47c299dd5c,paper_result
results/phase3/irc_cmpo/final/cost_vs_total_ens_pareto.png,86848,117969c37da98e51b8684615163245ece0d3c005bdda1f3a6724e59022d2778d,paper_result
results/phase3/irc_cmpo/final/final_results.md,412,8c70ae644790a6d36c6120c5a6e83523ca096e39589b982292ada48f5b6c3cd8,paper_result
results/phase3/irc_cmpo/final/heldout_cost_vs_ens.png,103980,db90ebef7666384b49c373e6c4b2d7fc04c81e9182930ded8b66958c8180fb95,paper_result
results/phase3/irc_cmpo/final/native_cubic_vs_qubo_size.png,43967,6db6371f5ebd97c093f550e10221bd7bfca49473ca888c0d47370f7ac51dd63a,paper_result
results/phase3/irc_cmpo/final/native_feasibility_by_method.png,52621,9fa701b9b49837fcdf416a498406e274ea8a6f2351c06a3168981eb161a6ae18,paper_result
results/phase3/irc_cmpo/final/pareto_frontier.csv,6060,cfd759fc301c3fd14acb98edab35262cf7188ebbff6f631cc620a1ab78d99a1d,paper_result
results/phase3/irc_cmpo/final/qci_vs_gpu_hamiltonian_regret.png,72755,323e6b17d2dbd76466b70566c0be1c626d7f8905269f164237861be323d354be,paper_result
results/phase3/irc_cmpo/final/qci_vs_gpu_true_recourse_regret.png,67539,c7f6338045c4751b2f3fbe7977b90eed0cf4c1175aafc5e1d10130fc6c0a8ff6,paper_result
results/phase3/irc_cmpo/final/table1_qci_vs_exact_and_gpu.csv,7396,675b85b4dedb6ea185354502a191708523f0159b39768133467387ca8dd4f369,paper_result
results/phase3/irc_cmpo/final/table2_cost_resilience_lambda_sweep.csv,10238,620f9031bb19bdb6ebcff3cbcd1566a0ba999ab9d55381a4efabb1d9c174d8bc,paper_result
results/phase3/irc_cmpo/final/table3_native_sample_quality.csv,2359,d9b08c5943dc0358c2b3b417932468d431fed86ff72fe1813abba0c21b621abb,paper_result
results/phase3/irc_cmpo/final/table4_heldout_contingencies.csv,6934,fd2e1b78a16489061ea195f555ffb82873b28977b7e2018e9a70a36439e63746,paper_result
results/phase3/irc_cmpo/final/table5_resource_usage.csv,2750,b1b55af6a7a5bfb4e46772bcdebbc26a1486f293f891280cce52d92e80eb7d3b,paper_result
results/phase3/irc_cmpo/final/table6_encoding_comparison.csv,565,f77016e1106f6d3cfd68d34b26cdebae1f91e5f75bd345e656f572643388f4bd,paper_result
results/phase3/irc_cmpo/final/time_to_good_solution.png,49498,170ff887406308a8fd2cffcf6bbef324014ed6ffebfa52aa9d045bf182a24d10,paper_result
results/phase3/irc_cmpo/final/win_tie_loss.csv,561,c8841762f983af59c0b41fb642689551c2c46b5abb75e5b4bdb71ddaf628d2a5,paper_result
results/phase3/irc_cmpo/inputs/budget_master_manifest.csv,1088,022ebf6ddbbb9276d4920c65e6b387bd361ec3e18523e7dbde53ccebcc936474,derived_evidence
results/phase3/irc_cmpo/inputs/decoded_portfolios.csv,625890,d5df35f19875a31345cc9152e4b2904238795eab16ca66c16faa7431131ef8a6,derived_evidence
results/phase3/irc_cmpo/inputs/master_comparison.csv,55314,fb4e8184aa65959c55d7e424d89eebdf97bd0ed8b7929fe7666dd13ce3787529,derived_evidence
results/phase3/irc_cmpo/inputs/public_asset_catalog.csv,11657,bbcdce0e1ccaa0f2042f51d01c72292034e8da10eb968e54ceafea246b10f105,derived_evidence
results/phase3/irc_cmpo/payload_manifest.csv,3747,1cbb16a14a1757ca2ea5c522ac30850cc6f9ca201f773eddae8f7d0de06bc896,derived_evidence
results/phase3/irc_cmpo/payloads/lambda_00.json,53454,717d8f94bb34285c5f45c18cf5106049a4135500ff386b5b6664cbc83b106238,derived_evidence
results/phase3/irc_cmpo/payloads/lambda_01.json,56526,69ee0a5e2b8793f983d2c2afa089d719ae304023a85fcc067b8ef97934c9b389,derived_evidence
results/phase3/irc_cmpo/payloads/lambda_02.json,56403,2751a8ffaaab5165f59d24108c26995f006c30b28dbd5c466436da90aa1fe587,derived_evidence
results/phase3/irc_cmpo/payloads/lambda_03.json,56368,c59006f0352ae2e72a9d9dbc0cfdf09e0eb6ea29509153c24ebc8a0eddbef949,derived_evidence
results/phase3/irc_cmpo/payloads/lambda_04.json,56395,2b4a0f4a0b826498f063c2897fb271c917443cd3ba96801a7bc11703eae0446a,derived_evidence
results/phase3/irc_cmpo/payloads/lambda_05.json,56407,204d91a5ae9d486c3bd582a763dee71071e8eb369f5a1fa3bd47fceb284ad469,derived_evidence
results/phase3/irc_cmpo/preflight_report.md,1425,73e3eef3dba58ee9105e00ddf23f5927bb10c0211a45c0d281a5822a11a9476d,derived_evidence
results/phase3/irc_cmpo/preflight_summary.json,26010,e0536b3fb7dcb6e9924a4dcd1ca69690734f2f4b157b26340598e211959314c9,derived_evidence
results/phase3/irc_cmpo/qci/allocation_snapshot.json,1491,40e34241ddb1cf7b7f6168e354166be93a1e1efe2149b45f5477316cb4302ad7,hardware_evidence
results/phase3/irc_cmpo/qci/batch_manifest.json,13263,1edb4bfaf3e4a876bbbfdccf8192ff8dc77b161ea810194a324486d9eb6bd0bd,hardware_evidence
results/phase3/irc_cmpo/qci/job_status.csv,1045,e05367fff04104430a2ae56877f46a90381e1f90bd0c0c3c6bea7c752d3d5612,hardware_evidence
results/phase3/irc_cmpo/qci/native_evaluation_summary.json,402181,d5e994610c74992efb6dcbba6ab5c18c2d1491d40ecf3a11d5b528053cbc0061,hardware_evidence
results/phase3/irc_cmpo/qci/requests/lambda_00.json,12019,6e863c1f4377ae03f499cf903945ef8a7be56bb600aa89d1b9c369fefe7e0b9f,hardware_evidence
results/phase3/irc_cmpo/qci/requests/lambda_01.json,13393,dc01c6e58c14c47e42925cc59ffcf6a057518c7a25d2906ab39f805a976e2459,hardware_evidence
results/phase3/irc_cmpo/qci/requests/lambda_02.json,13323,b5f808f1117ff744d9b420b919099266b09936d9d5bab2a86d37b4fdfbf7648e,hardware_evidence
results/phase3/irc_cmpo/qci/requests/lambda_03.json,13337,30bf883b6806913be2f3bf82b00da5e314a32daf51b7525710a4204a931cc269,hardware_evidence
results/phase3/irc_cmpo/qci/requests/lambda_04.json,13344,b9765c529f08d6eed12c002147c0503b00956fb7b17c8568235b6a136ea89344,hardware_evidence
results/phase3/irc_cmpo/qci/requests/lambda_05.json,13349,272d6d29a80331c49c5a824ef6573b04231b0eeab6d84ad79137cf7af14205f5,hardware_evidence
results/phase3/irc_cmpo/qci/requests/reduced.json,4202,ebc99f49ddde299e06266eb47650966f60bbafb19d25f0a70ef00e70e528027b,hardware_evidence
results/phase3/irc_cmpo/qci/requests/toy.json,5788,fadd6be1f29774b0237c65d0aa9d25bd6c9a53812a6e4f75634e32a840302eaf,hardware_evidence
results/phase3/irc_cmpo/qci/responses/lambda_00.result.json,40189,ae03d355a9923ac1b4bd860b88d1658c7aac6e916c96f2ab66edb5fd3fcc57e2,hardware_evidence
results/phase3/irc_cmpo/qci/responses/lambda_00.submit.json,43,f3b4d1eeec1c8393573aa35920ca24eacbcad9b8bceb3d8bba4911406d8d2e64,hardware_evidence
results/phase3/irc_cmpo/qci/responses/lambda_01.result.json,2406,8c09c4c9c6c3d313c77fc2a82daebdd092c0002d3c28b19fa48ebd2b966193c0,hardware_evidence
results/phase3/irc_cmpo/qci/responses/lambda_01.submit.json,43,a752f48305d758a9df263fed7db2bba97b89a5980430b8702303be566be9329e,hardware_evidence
results/phase3/irc_cmpo/qci/responses/lambda_02.result.json,2407,d65b132addea7918601fa699aa4c9206762274358aa42edba4c1bd57c491e663,hardware_evidence
results/phase3/irc_cmpo/qci/responses/lambda_02.submit.json,43,50766458833e5dc5f2ed6dfa9780bb01c7cad078f2505ddaca5e20fdeefece69,hardware_evidence
results/phase3/irc_cmpo/qci/responses/lambda_03.result.json,2425,b8f502e7518fcc203e83994b372cd288d25c43566e3858d30d2585ea14ece631,hardware_evidence
results/phase3/irc_cmpo/qci/responses/lambda_03.submit.json,43,00389397d66a1f0119a8d94f119b38381fb647953744967b6ba60a3c656950b4,hardware_evidence
results/phase3/irc_cmpo/qci/responses/lambda_04.result.json,2005,e38f119fcd4afac422436a2682f0f1cdce2e6febe7a7ec12630c5a047d14c770,hardware_evidence
results/phase3/irc_cmpo/qci/responses/lambda_04.submit.json,43,9a9815c02ebc2742939a8560f2775e7e6ed07f58d45c2a0b6581aca18be31522,hardware_evidence
results/phase3/irc_cmpo/qci/responses/lambda_05.result.json,2404,aa21232943558c9e2a304c75008e93e3a559966e1a488a5de9eab7b26c6c8a54,hardware_evidence
results/phase3/irc_cmpo/qci/responses/lambda_05.submit.json,43,6d40dfd582c4f5b5a7187c9d4349431e99d3bf9925c66e4856a2ed4a40c49c7e,hardware_evidence
results/phase3/irc_cmpo/qci/responses/reduced.result.json,1390,fcc0784a1636864038a867e0bbf8d13f3d2c38df77aa1c73da452c28691b499f,hardware_evidence
results/phase3/irc_cmpo/qci/responses/reduced.submit.json,43,f40da5fd02f13bfb1b5d9d04bdd484d122ee320ee04da8d3dc066e2ba670b352,hardware_evidence
results/phase3/irc_cmpo/qci/responses/toy.result.json,1303,af11e4a607bf2ed24f36348c05c5b5199ed0a4b68572bf7c9aabe59fefacc070,hardware_evidence
results/phase3/irc_cmpo/qci/responses/toy.submit.json,43,92be5a06d536d240e9763586dd28489cf92bb92b7135d55d12f3ef7ac1bb667d,hardware_evidence
results/phase3/irc_cmpo/qci/validations/lambda_00.json,323140,ad74d39f2190f92e4b2badf82c2d760443fca721497c1836d14a9a8b4d865b00,hardware_evidence
results/phase3/irc_cmpo/qci/validations/lambda_01.json,11690,3b4d68454cb7c7d659d729893fabce90f4184d0d1348518df635b802b9e87bb3,hardware_evidence
results/phase3/irc_cmpo/qci/validations/lambda_02.json,11713,9ee4baf39be9ba15b488e2cabcbed4b988cd67705036105e94dd877b68c9af34,hardware_evidence
results/phase3/irc_cmpo/qci/validations/lambda_03.json,12734,340f7a223057787b153278cb95d70c2245b860cf5d1418bfe0382bc10398e26d,hardware_evidence
results/phase3/irc_cmpo/qci/validations/lambda_04.json,9031,43ea08552635830d854aeb17b0414726948aff08e83b992907ac8c18df016b6c,hardware_evidence
results/phase3/irc_cmpo/qci/validations/lambda_05.json,11764,0264399582ef089fe16ad746dda2614aa0b59283184cc7d4d8f2de322ab649a5,hardware_evidence
results/phase3/irc_cmpo/qci/validations/reduced.json,821,d894da363713611963ff35b0f77c6ddb7bd0b0fb4bbb27ab3d5d4c1efebb786f,hardware_evidence
results/phase3/irc_cmpo/qci/validations/toy.json,787,790234f40f48a6a5d0a1c9bf8efb698c4ae54f8e31c78083fa7043f5ddd72643,hardware_evidence
results/phase3/irc_cmpo/smoke/payloads/full_ieee123.json,56368,c59006f0352ae2e72a9d9dbc0cfdf09e0eb6ea29509153c24ebc8a0eddbef949,derived_evidence
results/phase3/irc_cmpo/smoke/payloads/reduced_ieee123.json,18180,f6b8c93ff9b64e17b58021fb73724201f8617cfc05deee3b3b20ae2a8a3912dc,derived_evidence
results/phase3/irc_cmpo/smoke/payloads/toy.json,12111,97279f8b8c6e6d5aaf1759dad1292327a7ab5b734674ee27d1702bf22b2c48b1,derived_evidence
results/phase3/irc_cmpo/smoke/smoke_plan.json,107896,433708ab3b188bf9baca577390fdd380fb318dc7f4eced1342e95c9cfe2b8ecf,derived_evidence
results/phase3/irc_cmpo/surrogate/calibration.csv,2130,1e0570e38327f6b01a288044ab4a3d0c601fa0b84b696941175d325558900d42,derived_evidence
results/phase3/irc_cmpo/surrogate/fit_manifest.json,366,21647e135e840ba5bc195ac1b7ac0c54f537b50db080e1135865a86b6fd12781,derived_evidence
results/phase3/irc_cmpo/surrogate/fit_split_manifest.csv,442646,ec805238b22d75f28f67ffe629e9ad549d9856ae641337ab0b868280639d6446,derived_evidence
results/phase3/irc_cmpo/surrogate/metrics.csv,6891,1eddc6e3280fcb981ee799fd2018044823f5d7090bf47c5e7a4eddfa219e8e1f,derived_evidence
results/phase3/irc_cmpo/surrogate/model.json,88750,c55c4d067b41cb0013f51003aafaee1a1e49e6f74572158bc667609b1908ace5,derived_evidence
results/phase3/irc_cmpo/unquantized_payloads/lambda_00.json,83695,d98361e9e8dc82e41bcb8ad3433062de523733a45b16d53d2f7a127a0b0020c9,derived_evidence
results/phase3/irc_cmpo/unquantized_payloads/lambda_01.json,93160,6dc9425dbfce305aecd2b49a83ed99ff868e429c7030b23c76f6d0fcdcffe126,derived_evidence
results/phase3/irc_cmpo/unquantized_payloads/lambda_02.json,92908,ea3bee609fc7c9362c8a0cf621fba1be8cd28ab31504e91477245f179baf4a10,derived_evidence
results/phase3/irc_cmpo/unquantized_payloads/lambda_03.json,92654,f5215a6823e76ec4dfb42374bfead8429e5b9f743520217db85fe6da2649c731,derived_evidence
results/phase3/irc_cmpo/unquantized_payloads/lambda_04.json,92243,acd7fbbf290ed158bbb5eedd5616df6ae2605e985a4de3149eafe506dad4c7e4,derived_evidence
results/phase3/irc_cmpo/unquantized_payloads/lambda_05.json,92217,f3034f317b0c2d42bfbdfa3d4e7fda7612561a80b6578db24340a250e6e1b4b7,derived_evidence
results/phase3/irc_cmpo/validation/exact_candidates.csv,126717,0c22e9ecd37cfe1fc8460a861a15dcf44b4bb00572ad09040cf06f8a293d9bcd,derived_evidence
results/phase3/irc_cmpo/validation/exact_validation.json,156024,586d58b1838d7d4e55c655ebb94c6e1a88fdef31b543ec81de26d8853449f4bb,derived_evidence
results/phase3/irc_cmpo/validation/manifest.json,399,e55d59c769de9752a422d12ad91d56d22f91f2e08085d53fee39b3d45ba46b66,derived_evidence
results/phase3/irc_cmpo/validation/stochastic_samples.csv,1117686,3c4a36bc742dc0d3ea5839f62e17c9012473297c20e24d5842597bf3f4f6a15b,derived_evidence
results/phase3/irc_cmpo/validation/stochastic_validation.json,10969,7c1f54d2e9b72b53b1a88fb4208e800e37041f28134bba87264fc5342ce26370,derived_evidence
results/phase3/sc_cmpo/build_summary.json,1486,ff8233237b0ef20185d11ef0af15ad5c3a27d8ed6be19c41da4e6af1b438b36a,derived_evidence
results/phase3/sc_cmpo/distribution_validation.json,14480,c2db4c16651408c2690804d9c39839f1a0e8f99e7fc16bb9595c602f45a78667,derived_evidence
results/phase3/sc_cmpo/distribution_validation.md,2524,f85c52c333f6f7034729aec05ba24452910ce2333f852565b5f3016751091c45,derived_evidence
results/phase3/sc_cmpo/final/consensus_convergence.png,205572,64ff95b4808d431db07ab82ed086c96cbc929490d667d08bfdb037dee10f155e,paper_result
results/phase3/sc_cmpo/final/customer_unserved_by_scenario.png,215303,a536979bfd5e9ae53f01a9beb9b3f766813b0dcfeb837ebc9f089d7596cdf08a,paper_result
results/phase3/sc_cmpo/final/heldout_critical_ens.png,72619,28dd21d399c8c98d643819d56605fb287e4fc6788ed433b930f37bee895c7916,paper_result
results/phase3/sc_cmpo/final/native_cubic_vs_qubo_encoding.png,54956,a0e464fa18988e303cdb97da2725d358d82b93252b9d156390787e8ef975c766,paper_result
results/phase3/sc_cmpo/final/pareto_frontier_system_level.csv,2881,592a3ae6b96902f57e0f622a45359c32f9f564867f6bcfd6de5eaa9cdd5e1cbd,paper_result
results/phase3/sc_cmpo/final/qci_repeat_distribution.png,50490,0dfcd36af769ca479eb6777a028825bf3a28566d8ec06e20e4bec94cc9c7e912,paper_result
results/phase3/sc_cmpo/final/system_cost_vs_resilience_pareto.png,105127,a3f3e3582eba18656353084ec9d438114cf4353cf440ac8869993a2beebc7a7d,paper_result
results/phase3/sc_cmpo/final/table1_system_level_qci_vs_baselines.csv,9810,ecf1d1ce2a4a2e692b1c5626231ef969bbd059e0d3e715be81edd5109875f70b,paper_result
results/phase3/sc_cmpo/final/table2_upgrade_cost_and_resilience.csv,6422,db72fbe897d11dd1db8cd766aa6fdf32d145f140ae25c50e21a90fd8a54d32ed,paper_result
results/phase3/sc_cmpo/final/table3_heldout_contingencies.csv,19653,b03b7a4c1e48e87019570084bbcf00ab9e36ea5dd261ab93d4d866d45f48beae,paper_result
results/phase3/sc_cmpo/final/table4_public_benchmark_ladder.csv,1685,ef0012bb20e04a18deddbc0aa01cbe4cffb01a2ca844080a0fef4e1d31dd00c2,paper_result
results/phase3/sc_cmpo/final/table5_encoding_efficiency.csv,1079,ab4d55de837299af5b3b0c679d88fc356cbc2682b0ce23a93ae6f6e9c3c0d8dc,paper_result
results/phase3/sc_cmpo/final/table6_resource_usage.csv,12581,c8170140101ecdef276de142cf4d1e7bea0e160d80a4d458e88da7d6b7983c58,paper_result
results/phase3/sc_cmpo/final/upgrade_cost_vs_outage_reduction.png,100299,599f92a9a3a814d609051d2977bf0ebbf0236ed9821f87f07010d8f509baa1d8,paper_result
results/phase3/sc_cmpo/final/win_tie_loss_system_level.csv,953,e52de858323acb16bc9d69d451101cc9d96fe59f3a17e6f08c95e8a43a57168c,paper_result
results/phase3/sc_cmpo/model_stats.csv,5545,beed778476913f75f929288daaa4395bd4da1f124a8e81ff47aa839cd6923fb8,derived_evidence
results/phase3/sc_cmpo/payload_manifest.csv,27066,0183b9d0dc217575bad598a2a5008b22b4959b151f482fe0effb68acd95c3623,derived_evidence
results/phase3/sc_cmpo/provenance_manifest.csv,9272,3d3da3d81ce6e54901dc11988049f26a72cd2449fcdb5839b8ada45da95957d9,derived_evidence
results/phase3/sc_cmpo/public_benchmark_provenance.csv,17628,9d527d10749ec5ab205ffec581cbcf9e79b82082d1245a8ed6e6a053302caf24,derived_evidence
results/phase3/sc_cmpo/qci/arpae_go_network_01o_020__arpae_go_network_01o_020__patch_01__320-321/repeat_000/request.json,104190,229021d91217ee63c9ecd5c0687df458b7a09b7c93413a8e9de1b3f68458284a,hardware_evidence
results/phase3/sc_cmpo/qci/arpae_go_network_01o_020__arpae_go_network_01o_020__patch_01__320-321/repeat_000/response.json,43401,b45e1b79f11623ac5e02258bbcad7b055af315fd31124881961e3a89c9554476,hardware_evidence
results/phase3/sc_cmpo/qci/arpae_go_network_01o_020__arpae_go_network_01o_020__patch_02__21-22/repeat_000/request.json,104173,378f83bbe43babe8217f794699973f77ce065e39cf58245d7effb473d4d3a0d2,hardware_evidence
results/phase3/sc_cmpo/qci/arpae_go_network_01o_020__arpae_go_network_01o_020__patch_02__21-22/repeat_000/response.json,42709,9d869800e26de4be3670786935007942a424e6d4e2a26d436959ba8224e76933,hardware_evidence
results/phase3/sc_cmpo/qci/arpae_go_network_01o_020__arpae_go_network_01o_020__patch_03__3-4/repeat_000/request.json,104154,8e0bfe22bd0250dbfc1b6230a673effaefe08d6d2efef8ec12de8c00c6b83974,hardware_evidence
results/phase3/sc_cmpo/qci/arpae_go_network_01o_020__arpae_go_network_01o_020__patch_03__3-4/repeat_000/response.json,41122,c3e1e69cf4efa5beebbef66d0e4e8e852cbe329c4bdc2ac73ccd18c8eb664806,hardware_evidence
results/phase3/sc_cmpo/qci/arpae_go_network_01o_020__arpae_go_network_01o_020__patch_04__228-474/repeat_000/request.json,104258,3fc0d7123f760ea90f45c335328137d259f5d8d4dba52713e28548e72ae5f087,hardware_evidence
results/phase3/sc_cmpo/qci/arpae_go_network_01o_020__arpae_go_network_01o_020__patch_04__228-474/repeat_000/response.json,42733,1bb64ca7eceeb5d83fe7198fea4b0ce3152667f8941a7eb2f5f5b84593ad4390,hardware_evidence
results/phase3/sc_cmpo/qci/arpae_go_network_01o_020__arpae_go_network_01o_020__patch_05__485-499/repeat_000/request.json,104224,cd630b88799a1605fa95200e836ca182e8cfde72dd50ffc0c7e779717b5d27e1,hardware_evidence
results/phase3/sc_cmpo/qci/arpae_go_network_01o_020__arpae_go_network_01o_020__patch_05__485-499/repeat_000/response.json,43862,79ba3560b0aff5a755aa408ee7b43794d3ebc870204f4cd92fe252f57908b7cf,hardware_evidence
results/phase3/sc_cmpo/qci/arpae_go_network_01o_020__arpae_go_network_01o_020__patch_06__326-327/repeat_000/request.json,104181,19c8e5db393179748f7a59ceded457559e5591d8280d612e3322a52e88935022,hardware_evidence
results/phase3/sc_cmpo/qci/arpae_go_network_01o_020__arpae_go_network_01o_020__patch_06__326-327/repeat_000/response.json,45155,104e5ad3393fcb5e08b46800dd5e2565aaf70cf99492701ad314a88045347dea,hardware_evidence
results/phase3/sc_cmpo/qci/arpae_go_network_01o_020__arpae_go_network_01o_020__patch_07__263-491/repeat_000/request.json,104360,223dc03429659af0f9be1e0ddd5ac3d3db093d723d4199303045885129bf9bb7,hardware_evidence
results/phase3/sc_cmpo/qci/arpae_go_network_01o_020__arpae_go_network_01o_020__patch_07__263-491/repeat_000/response.json,42702,7a5dfb16bc63efb54081afe0a1f029d9d5ffc8cf18d64d1223e13c8bc6d524f7,hardware_evidence
results/phase3/sc_cmpo/qci/arpae_go_network_01o_020__arpae_go_network_01o_020__patch_08__141-142/repeat_000/request.json,104179,c967be202a964a65eb4f7e7af4408cc64ad651ce720e5980223a1037b7cdda5d,hardware_evidence
results/phase3/sc_cmpo/qci/arpae_go_network_01o_020__arpae_go_network_01o_020__patch_08__141-142/repeat_000/response.json,44863,2948d49084475194ce1e827742ff8d2186a7c9b1e8ac32c0267eaf74f476e244,hardware_evidence
results/phase3/sc_cmpo/qci/ieee123_opendss__ieee123_opendss__patch_01__76-77-86/repeat_000/request.json,104060,52030bfc01d9b1f7acb071a89833146cea9da6de2b0ec65c81eaadb5b93afeec,hardware_evidence
results/phase3/sc_cmpo/qci/ieee123_opendss__ieee123_opendss__patch_01__76-77-86/repeat_000/response.json,41075,49b88ed68927c45cc4a0df150b2e9424f49ae678b1ce3094637e0ba5efa947ee,hardware_evidence
results/phase3/sc_cmpo/qci/ieee123_opendss__ieee123_opendss__patch_02__47-48-49/repeat_000/request.json,104044,4ab565d69a09b24ebaad4733ad8dd559a3e3c8b13252080acbaaa557760f2304,hardware_evidence
results/phase3/sc_cmpo/qci/ieee123_opendss__ieee123_opendss__patch_02__47-48-49/repeat_000/response.json,45066,41ecf2d9cab09dad6d178a4e9ccea904932a3efba7b4e2b51d913df9ea6cd039,hardware_evidence
results/phase3/sc_cmpo/qci/ieee123_opendss__ieee123_opendss__patch_03__64-65-66/repeat_000/request.json,104025,f578f9987f3d46cc6d82ac4df715cd74dd6213fbbe97c37c64d95948b3c03ced,hardware_evidence
results/phase3/sc_cmpo/qci/ieee123_opendss__ieee123_opendss__patch_03__64-65-66/repeat_000/response.json,44650,3b71c34e14ed3a155a51b5c4c5b457083a9736751a7e58f2d39d19aae1eac90d,hardware_evidence
results/phase3/sc_cmpo/qci/ieee123_opendss__ieee123_opendss__patch_04__100-98-99/repeat_000/request.json,104048,f15e50ea6da17e63f708d6bf7792c8a65456218ca98b17d3c07ca74ab80a3a48,hardware_evidence
results/phase3/sc_cmpo/qci/ieee123_opendss__ieee123_opendss__patch_04__100-98-99/repeat_000/response.json,41897,ba3112b5f4411c61c7b6bb0e2f6f7183c799a783693901f378aee002729114c7,hardware_evidence
results/phase3/sc_cmpo/qci/ieee123_opendss__ieee123_opendss__patch_05__73-74-75/repeat_000/request.json,104024,1ee9f1362af6652b4ed4c9fba4f9cc1c4efe8ad6c8e432ce974d12c8ba5b103e,hardware_evidence
results/phase3/sc_cmpo/qci/ieee123_opendss__ieee123_opendss__patch_05__73-74-75/repeat_000/response.json,39465,f9ad791005e9dfad8161492ca948c5e83912bee4d8e25a664d93464b6916b0fc,hardware_evidence
results/phase3/sc_cmpo/qci/ieee123_opendss__ieee123_opendss__patch_06__3-5-6/repeat_000/request.json,104010,8abc0fdb1b10cb4b0ed66fadb240c6f9c66b45c3571c61fd723e76f274356d0f,hardware_evidence
results/phase3/sc_cmpo/qci/ieee123_opendss__ieee123_opendss__patch_06__3-5-6/repeat_000/response.json,43270,ef6b9b4b5607fbdc9048e5184901fd1364a98af2ca4c10d60944a133e2c23714,hardware_evidence
results/phase3/sc_cmpo/qci/ieee123_opendss__ieee123_opendss__patch_07__63-64-65/repeat_000/request.json,104043,ad83ffa22a304dde1b43da1dcbe1caba43ab1fc4943f1f54f41680128a813aa4,hardware_evidence
results/phase3/sc_cmpo/qci/ieee123_opendss__ieee123_opendss__patch_07__63-64-65/repeat_000/response.json,45850,f787e5328efebd0e29a3ee27c8f15ce7f2f01e26c9b2f7b93815ba8c1c765746,hardware_evidence
results/phase3/sc_cmpo/qci/ieee123_opendss__ieee123_opendss__patch_08__69-70-71/repeat_000/request.json,104026,802784b7d4e379b4bcfaf80dd1978ad560b0b0d38cb03a6c3137918c3221070f,hardware_evidence
results/phase3/sc_cmpo/qci/ieee123_opendss__ieee123_opendss__patch_08__69-70-71/repeat_000/response.json,45075,aed7fcddd4d334956947687fc2628fb932c25b61c841b04a9a60ea6a50e04a03,hardware_evidence
results/phase3/sc_cmpo/qci/ieee123_opendss__ieee123_opendss__patch_09__112-113-114/repeat_000/request.json,104037,a095318beee517123ed5e921bb079ed711d9f4781fb2ab4b2c4c7ff3a37518e2,hardware_evidence
results/phase3/sc_cmpo/qci/ieee123_opendss__ieee123_opendss__patch_09__112-113-114/repeat_000/response.json,45019,9d342cf112b8bc49ec1e80fffaa2159afea5907a3001b35f580b93fdec9eb4f3,hardware_evidence
results/phase3/sc_cmpo/qci/ieee123_opendss__ieee123_opendss__patch_10__28-29-30/repeat_000/request.json,104042,6cb96f5e261328a3a79e04afaff89ab189e675c72af4ffb0b0550e6acd05b77f,hardware_evidence
results/phase3/sc_cmpo/qci/ieee123_opendss__ieee123_opendss__patch_10__28-29-30/repeat_000/response.json,44285,95f131b297d1c6307a4fd7f71ff54d38b3c2e149737963f4e3f3744fad7f7b47,hardware_evidence
results/phase3/sc_cmpo/qci/ieee123_opendss__ieee123_opendss__patch_11__15-16-34/repeat_000/request.json,104034,a2dc1504d78a7b3527cae35997fd3c2da9cd88dd25e7276e72755bf7b9971411,hardware_evidence
results/phase3/sc_cmpo/qci/ieee123_opendss__ieee123_opendss__patch_11__15-16-34/repeat_000/response.json,44273,77c9d580127edf96718d8b90d6a32db4f9d9fc2177317cea2dc5d1e44460f1b6,hardware_evidence
results/phase3/sc_cmpo/qci/ieee123_opendss__ieee123_opendss__patch_12__86-87-88/repeat_000/request.json,104044,95570b86f787b395e0c7e367070d9a9bc902028122d5cc481d27a85a2db26f93,hardware_evidence
results/phase3/sc_cmpo/qci/ieee123_opendss__ieee123_opendss__patch_12__86-87-88/repeat_000/response.json,46497,7a5759b82b1b7488bc156fb7d07ec1d8f32df0e6bfd2811b6c68b7947ec74ece,hardware_evidence
results/phase3/sc_cmpo/qci/job_status.csv,747470,96577b4bf0a0dbd00530960f68d53fb750f4da2a3b61ee5e0087082725434f60,hardware_evidence
results/phase3/sc_cmpo/qci/pglib_case14_ieee__pglib_case14_ieee__patch_01__3-4/repeat_000/request.json,104178,4178190dc554a9d8ebaea091d4c4b8a5d9be57942ed3d5e1825e124446f79dfa,hardware_evidence
results/phase3/sc_cmpo/qci/pglib_case14_ieee__pglib_case14_ieee__patch_01__3-4/repeat_000/response.json,44040,f0748ff3e60fb511953ca42fd9c5848ebbe1a450ed4a0114474b08f454427031,hardware_evidence
results/phase3/sc_cmpo/qci/pglib_case14_ieee__pglib_case14_ieee__patch_02__4-9/repeat_000/request.json,104232,bec2246fb5266b87c05113e2a97e1e4cc7b2e10e0e45bb86b3ae3ee210b6e365,hardware_evidence
results/phase3/sc_cmpo/qci/pglib_case14_ieee__pglib_case14_ieee__patch_02__4-9/repeat_000/response.json,41624,70a35be6f0efc37a801d07498d9907e7a164addcd3a2dfdbb74f5468e7f806d6,hardware_evidence
results/phase3/sc_cmpo/qci/pglib_case14_ieee__pglib_case14_ieee__patch_03__14-9/repeat_000/request.json,104162,07ce65ff06314fd7b6dfc0c5c66456ba504f7c281fb3f606b4616b418a827754,hardware_evidence
results/phase3/sc_cmpo/qci/pglib_case14_ieee__pglib_case14_ieee__patch_03__14-9/repeat_000/response.json,42773,e99551c18d01f918afa0a125a42ce47fa4b01a23c807e26365873255a8f8bf82,hardware_evidence
results/phase3/sc_cmpo/qci/pglib_case14_ieee__pglib_case14_ieee__patch_04__13-14/repeat_000/request.json,104146,8bbbc3899a9e3585d82f55003fe1a4878bb13c0c4d976025a925d0f45d5e13cd,hardware_evidence
results/phase3/sc_cmpo/qci/pglib_case14_ieee__pglib_case14_ieee__patch_04__13-14/repeat_000/response.json,48273,bda4c02ff089e7951239648dc02d0d21273091362a2fcef81075c56f28dec1bf,hardware_evidence
results/phase3/sc_cmpo/qci/pglib_case14_ieee__pglib_case14_ieee__patch_05__13-6/repeat_000/request.json,104198,317014afbe01005ebb2648d2ab56bc643a7229dd92aab983ab004ba3c9bc2ab9,hardware_evidence
results/phase3/sc_cmpo/qci/pglib_case14_ieee__pglib_case14_ieee__patch_05__13-6/repeat_000/response.json,43451,2e398a845729e8dfb9f377ef502733c6f3db6459656d7e4cfe48726fb42fbde6,hardware_evidence
results/phase3/sc_cmpo/qci/pglib_case14_ieee__pglib_case14_ieee__patch_06__10-9/repeat_000/request.json,104161,8a25148678a6d201c786dd6d7544a85bb188400f0dee3d2b0a1d482dcdd26de2,hardware_evidence
results/phase3/sc_cmpo/qci/pglib_case14_ieee__pglib_case14_ieee__patch_06__10-9/repeat_000/response.json,42671,333680c5d60521d1106a1bf18b19dbf690fca84f75bbb31d8fd9bed85c62c8eb,hardware_evidence
results/phase3/sc_cmpo/qci/pglib_case14_ieee__pglib_case14_ieee__patch_07__4-5/repeat_000/request.json,104221,88737037b7d650953097c1533d99569de5e7dcfd8c3f9a019e27b04c7504b522,hardware_evidence
results/phase3/sc_cmpo/qci/pglib_case14_ieee__pglib_case14_ieee__patch_07__4-5/repeat_000/response.json,46647,8fcdec953e3c9adc4057fb5b1b079d10391a7ad2e52d5be8a0aa81261b37dd81,hardware_evidence
results/phase3/sc_cmpo/qci/pglib_case14_ieee__pglib_case14_ieee__patch_08__12-13/repeat_000/request.json,104145,aacb73c1d5b85e27c59a89d4291efde1403c4f45ad8148eb6d27c71b881915c2,hardware_evidence
results/phase3/sc_cmpo/qci/pglib_case14_ieee__pglib_case14_ieee__patch_08__12-13/repeat_000/response.json,41864,2648855281645ecc98364021b2fe00ae8cc6d2eb120164fcb5ba1d292dad919b,hardware_evidence
results/phase3/sc_cmpo/qci/pglib_case14_ieee__pglib_case14_ieee__patch_09__11-6/repeat_000/request.json,104165,7f6960af32a4029fdcde4eb0291f36e7c7487c061678baa25bc5f947f41b5265,hardware_evidence
results/phase3/sc_cmpo/qci/pglib_case14_ieee__pglib_case14_ieee__patch_09__11-6/repeat_000/response.json,45325,293028d0210015e13b3405c91dc63ec747709cc96af284b76a4e3dd4de9cd82a,hardware_evidence
results/phase3/sc_cmpo/qci/pglib_case30_ieee__pglib_case30_ieee__patch_01__5-7/repeat_000/request.json,104100,f9fdd99d5be730e1a74f3a8cb3691a93cba5cc471afa95fcc15197f8fb151d5e,hardware_evidence
results/phase3/sc_cmpo/qci/pglib_case30_ieee__pglib_case30_ieee__patch_01__5-7/repeat_000/response.json,45055,ffa0f002306bb1cefba07b6ba6c8eb35d46a8626a17bb2e0b84ab1b152aaf73d,hardware_evidence
results/phase3/sc_cmpo/qci/pglib_case30_ieee__pglib_case30_ieee__patch_02__6-8/repeat_000/request.json,104237,615f2c6e6f9672440eb6c52cd9bed9f9f982255c07b5c0398ce9176673cd4600,hardware_evidence
results/phase3/sc_cmpo/qci/pglib_case30_ieee__pglib_case30_ieee__patch_02__6-8/repeat_000/response.json,42693,339e2cdc4238146e6ba18c4aa787a53eb4b69b5a1e8a81cbfb117c85c50a5ba6,hardware_evidence
results/phase3/sc_cmpo/qci/pglib_case30_ieee__pglib_case30_ieee__patch_03__10-21/repeat_000/request.json,104241,8a4a32ebc1bcc87711d761d21d95ad762f24e23a6209f7794b3fa5ebb910ccc7,hardware_evidence
results/phase3/sc_cmpo/qci/pglib_case30_ieee__pglib_case30_ieee__patch_03__10-21/repeat_000/response.json,46152,e27d1091deadeb23b9347bacbe615c1655a4bb972d50ef671629827ca2613260,hardware_evidence
results/phase3/sc_cmpo/qci/pglib_case30_ieee__pglib_case30_ieee__patch_04__12-15/repeat_000/request.json,104274,1ebb1baa3c9a3b1374a62168a43a52b94b12e93c576341ee16bc342b5cfd485d,hardware_evidence
results/phase3/sc_cmpo/qci/pglib_case30_ieee__pglib_case30_ieee__patch_04__12-15/repeat_000/response.json,40705,53d9c8d8b54c355680022ee5c24c1de86c3e3b412f8528838298e639c5a7da89,hardware_evidence
results/phase3/sc_cmpo/qci/pglib_case30_ieee__pglib_case30_ieee__patch_05__29-30/repeat_000/request.json,104118,f763f60d082478db5ff4332392347e79fa14ab6bee5a297c4cd659c4cb253495,hardware_evidence
results/phase3/sc_cmpo/qci/pglib_case30_ieee__pglib_case30_ieee__patch_05__29-30/repeat_000/response.json,42934,eea253be19ded7dc482c9dc4f19d6bdce606996dbe3e1ec903427359e2d92612,hardware_evidence
results/phase3/sc_cmpo/qci/pglib_case30_ieee__pglib_case30_ieee__patch_06__18-19/repeat_000/request.json,104118,1c8af149e3939f4c2d1f7baf3d8bc6bb149411e41ad10a88fa78ffc3cfc4eddd,hardware_evidence
results/phase3/sc_cmpo/qci/pglib_case30_ieee__pglib_case30_ieee__patch_06__18-19/repeat_000/response.json,45090,6e0c8b8b34fcc2d9d0e3a8845dba460d16e8a7465b97449c934ca16b033438a3,hardware_evidence
results/phase3/sc_cmpo/qci/pglib_case30_ieee__pglib_case30_ieee__patch_07__10-17/repeat_000/request.json,104241,574883fdac475c06f5f36571cf10037a5b2f35b594fb6fcb4b72e64acc14ed61,hardware_evidence
results/phase3/sc_cmpo/qci/pglib_case30_ieee__pglib_case30_ieee__patch_07__10-17/repeat_000/response.json,38706,61b4df938ca29c60a531ef84257600b5d34860cbf5bf6ce283bd1b061235bbc0,hardware_evidence
results/phase3/sc_cmpo/qci/pglib_case30_ieee__pglib_case30_ieee__patch_08__23-24/repeat_000/request.json,104150,f9fa2af7ecadd369708fa34082fbe840f0382db6cde6a9c321ab09bc53b9cbda,hardware_evidence
results/phase3/sc_cmpo/qci/pglib_case30_ieee__pglib_case30_ieee__patch_08__23-24/repeat_000/response.json,43475,4cedb8d4b4e844d0a35af400aa0c243105307a98913aa37494655faaccf00cf5,hardware_evidence
results/phase3/sc_cmpo/qci/pglib_case30_ieee__pglib_case30_ieee__patch_09__12-4/repeat_000/request.json,104253,8aa2baadb76c6a6741af5a0ea184631e53212556e39d79315ec0d53c5abcf779,hardware_evidence
results/phase3/sc_cmpo/qci/pglib_case30_ieee__pglib_case30_ieee__patch_09__12-4/repeat_000/response.json,42600,51e52e27022841326ddfac8bee24529261094c4ac296916aaaf840d3413142c3,hardware_evidence
results/phase3/sc_cmpo/qci/pglib_case30_ieee__pglib_case30_ieee__patch_10__12-14/repeat_000/request.json,104210,b300c05844c91aa8332a9a84a4744710b9ac93b8dbd600cf5c29e5f0fa23f59f,hardware_evidence
results/phase3/sc_cmpo/qci/pglib_case30_ieee__pglib_case30_ieee__patch_10__12-14/repeat_000/response.json,46714,4d75df63c6e986020c24815fbf6f9b44c2570c066d366432369cfea9bf353bb3,hardware_evidence
results/phase3/sc_cmpo/qci/pglib_case30_ieee__pglib_case30_ieee__patch_11__12-16/repeat_000/request.json,104211,c1ac801902d4d9b9b00dd8693da595a06deef107f951363e5c28750e11d474d8,hardware_evidence
results/phase3/sc_cmpo/qci/pglib_case30_ieee__pglib_case30_ieee__patch_11__12-16/repeat_000/response.json,45078,d83d3e79d3a9db01597a394dbaed787cf911cd6c621e13eab274eab865f60938,hardware_evidence
results/phase3/sc_cmpo/qci/pglib_case30_ieee__pglib_case30_ieee__patch_12__25-26/repeat_000/request.json,104109,fe2b3a10c748f5125c34c4505149510997d07d6a8f011618779a3c07e78c8922,hardware_evidence
results/phase3/sc_cmpo/qci/pglib_case30_ieee__pglib_case30_ieee__patch_12__25-26/repeat_000/response.json,42650,4270f22922fcfe9f3a077280379d05500841f0fcd6f5b0067b1e751fddef4ab9,hardware_evidence
results/phase3/sc_cmpo/qci/pglib_case30_ieee__pglib_case30_ieee__patch_13__3-4/repeat_000/request.json,104149,bb361846362cc3d88ef964b8d747f10ce4c6eb1c5652189622b102e824464cf7,hardware_evidence
results/phase3/sc_cmpo/qci/pglib_case30_ieee__pglib_case30_ieee__patch_13__3-4/repeat_000/response.json,42709,036e943b1dcbda02be8f1ea5eb51a8f3894e13cbba1118c428d6768a691ee893,hardware_evidence
results/phase3/sc_cmpo/qci/pglib_case30_ieee__pglib_case30_ieee__patch_14__19-20/repeat_000/request.json,104119,1153bab6ec12ffa6d9024097d4ff10a3758ca10b92bab7aa65ad5dce8c75b31e,hardware_evidence
results/phase3/sc_cmpo/qci/pglib_case30_ieee__pglib_case30_ieee__patch_14__19-20/repeat_000/response.json,45883,070f01d8f91ab25e83c6159dc1b37c8faad5c25e004dcb174169114df6ad1835,hardware_evidence
results/phase3/sc_cmpo/qci/qci_run_manifest.json,335,07d182ff1c5a1b00d567a845d450da0b2a1a5e56836c3f3b551811dfe337ae87,hardware_evidence
results/phase3/sc_cmpo/qci_payloads/arpae_go_network_01o_020__arpae_go_network_01o_020__patch_01__320-321.json,133237,9c6a4f20a7569b53a3828f917e8d77b6c96bd1ceeef69d291efa2d9466e479ac,derived_evidence
results/phase3/sc_cmpo/qci_payloads/arpae_go_network_01o_020__arpae_go_network_01o_020__patch_02__21-22.json,133205,3f2f54e6cea9646318133788aad24298cbdf4ef721b109fdafa820a175d8246a,derived_evidence
results/phase3/sc_cmpo/qci_payloads/arpae_go_network_01o_020__arpae_go_network_01o_020__patch_03__3-4.json,133203,dac0da373ab3628f118b5caa33e1c0712e867b55eca41870bcb755ff542ae616,derived_evidence
results/phase3/sc_cmpo/qci_payloads/arpae_go_network_01o_020__arpae_go_network_01o_020__patch_04__228-474.json,133348,8fd03bb4cb7ad0c96eddfd3f6c8d79a6c099e2fa6d892da9c07bccd0208073f9,derived_evidence
results/phase3/sc_cmpo/qci_payloads/arpae_go_network_01o_020__arpae_go_network_01o_020__patch_05__485-499.json,133346,d542b027e649f5327dc918d9b59f776e276d99c8f3e0b8b8d9c65f63d2fd0434,derived_evidence
results/phase3/sc_cmpo/qci_payloads/arpae_go_network_01o_020__arpae_go_network_01o_020__patch_06__326-327.json,133218,1391ceba54c366d108b595ae9288f90ba9b648eb7a403a1b52e24ce8b927f7be,derived_evidence
results/phase3/sc_cmpo/qci_payloads/arpae_go_network_01o_020__arpae_go_network_01o_020__patch_07__263-491.json,133528,f68df26a245d4fdde73716ef3192ffc5ebdb99b522536839207a7d80d2845b8f,derived_evidence
results/phase3/sc_cmpo/qci_payloads/arpae_go_network_01o_020__arpae_go_network_01o_020__patch_08__141-142.json,133213,4261ae6f4d841a254e8803b8399e314e10148313aeaad561d869a1bf5c8e1e41,derived_evidence
results/phase3/sc_cmpo/qci_payloads/ieee123_opendss__ieee123_opendss__patch_01__76-77-86.json,133062,d05fe4d141c0fd20b2fbddea60b075670630aa2ce5cb9d70fafe6fd8c2e5c027,derived_evidence
results/phase3/sc_cmpo/qci_payloads/ieee123_opendss__ieee123_opendss__patch_02__47-48-49.json,133048,12f4f15837f7a9edd003816651c4b59b915187c5b1336c9ed5aa7616ef336462,derived_evidence
results/phase3/sc_cmpo/qci_payloads/ieee123_opendss__ieee123_opendss__patch_03__64-65-66.json,132986,02931f15ac56ab97cea10f68518118dff8ce3839c5efc6b32de4367ae00a9e89,derived_evidence
results/phase3/sc_cmpo/qci_payloads/ieee123_opendss__ieee123_opendss__patch_04__100-98-99.json,132965,e3469f135c0d47b195bbaa2b3dbd5bfa25eb4e643a0c340ed308cafc363b08e3,derived_evidence
results/phase3/sc_cmpo/qci_payloads/ieee123_opendss__ieee123_opendss__patch_05__73-74-75.json,132921,ada6c76f1cf777ba2c2e7e4120e3bdc5c021416761b51421221ee3da00e2d6b6,derived_evidence
results/phase3/sc_cmpo/qci_payloads/ieee123_opendss__ieee123_opendss__patch_06__3-5-6.json,132882,16f021d51afde02d7f5ed8e4d51488959c6157a747bb8f8d5e2b426d38897f7d,derived_evidence
results/phase3/sc_cmpo/qci_payloads/ieee123_opendss__ieee123_opendss__patch_07__63-64-65.json,133034,512db8ca594afb8f73c0b987e1ffdf897432316b136e4473def0bfc5e65bdd71,derived_evidence
results/phase3/sc_cmpo/qci_payloads/ieee123_opendss__ieee123_opendss__patch_08__69-70-71.json,132944,27f8180a487a39d58d8ff917279ad5388fe9450c5e67533810ab9430f53e817f,derived_evidence
results/phase3/sc_cmpo/qci_payloads/ieee123_opendss__ieee123_opendss__patch_09__112-113-114.json,132928,4d9d1eef5848561c5b9353dba14486934559b38dfe4c3ef08f346a2cd6154706,derived_evidence
results/phase3/sc_cmpo/qci_payloads/ieee123_opendss__ieee123_opendss__patch_10__28-29-30.json,132959,20285f039e5bde8ec265be4a24a8a7575831062c2ea377d222845c9b6c6290e8,derived_evidence
results/phase3/sc_cmpo/qci_payloads/ieee123_opendss__ieee123_opendss__patch_11__15-16-34.json,132911,4b7151e208f05489dbd2b20c79f6c9ae8c676ca2847149e2b66111ec9f9cd43d,derived_evidence
results/phase3/sc_cmpo/qci_payloads/ieee123_opendss__ieee123_opendss__patch_12__86-87-88.json,132982,a44e522edadd76f88f16efa3941fc0f00737a6fd9abc754bf056361d08fdc7eb,derived_evidence
results/phase3/sc_cmpo/qci_payloads/pglib_case14_ieee__pglib_case14_ieee__patch_01__3-4.json,133054,b8e91b837c82af59cdac3e7f449b468e7fd960a1d49fed25b36e857435126e01,derived_evidence
results/phase3/sc_cmpo/qci_payloads/pglib_case14_ieee__pglib_case14_ieee__patch_02__4-9.json,133108,3f6707547234589bad43ea6e46496286061266a509a14fbfd857b917e0423ff7,derived_evidence
results/phase3/sc_cmpo/qci_payloads/pglib_case14_ieee__pglib_case14_ieee__patch_03__14-9.json,132980,2b92708cda626e5a108b1de1035694819c49efc8911095d9cb8e0bf42aa10506,derived_evidence
results/phase3/sc_cmpo/qci_payloads/pglib_case14_ieee__pglib_case14_ieee__patch_04__13-14.json,132942,58b645d5e31ccd3118312dade9f4583c782e4c24e3b7fd678326d136608d547f,derived_evidence
results/phase3/sc_cmpo/qci_payloads/pglib_case14_ieee__pglib_case14_ieee__patch_05__13-6.json,133089,5fd6f1de34a9c63006a3f2575efca6fe34b4ac7f2e78122e498daf54f8d938fc,derived_evidence
results/phase3/sc_cmpo/qci_payloads/pglib_case14_ieee__pglib_case14_ieee__patch_06__10-9.json,132962,7dc6197136bb5474fc7b5e0ef859bf30a739b2bee078a1fb0290dbb17415c430,derived_evidence
results/phase3/sc_cmpo/qci_payloads/pglib_case14_ieee__pglib_case14_ieee__patch_07__4-5.json,133100,f7a01185288482db710412778a42e0541e60d3458a8d8d280643f818c5fe194f,derived_evidence
results/phase3/sc_cmpo/qci_payloads/pglib_case14_ieee__pglib_case14_ieee__patch_08__12-13.json,132922,f6a8d0914b2a9200285e58be8fbde9e5710af7cf01d1d3292f743fbdbe0e1b65,derived_evidence
results/phase3/sc_cmpo/qci_payloads/pglib_case14_ieee__pglib_case14_ieee__patch_09__11-6.json,133027,dec15bfd776e515fe1b9ac63ee4f69deeb201b0d66cc53a2a519982fbc431096,derived_evidence
results/phase3/sc_cmpo/qci_payloads/pglib_case30_ieee__pglib_case30_ieee__patch_01__5-7.json,132923,64b2f5111c558eb0c5d409ad036e147f3542f10cef1fa026395a4c6095b63f77,derived_evidence
results/phase3/sc_cmpo/qci_payloads/pglib_case30_ieee__pglib_case30_ieee__patch_02__6-8.json,133172,59f126915abeca7ca7df468b06ce001839dd7f6e57d1107b9cc94088710159c0,derived_evidence
results/phase3/sc_cmpo/qci_payloads/pglib_case30_ieee__pglib_case30_ieee__patch_03__10-21.json,133115,0ab17b32df1b9c4103d8e6ff9f8570d013e1ee046ee807316e8e0261e7d80f19,derived_evidence
results/phase3/sc_cmpo/qci_payloads/pglib_case30_ieee__pglib_case30_ieee__patch_04__12-15.json,133160,6f59139aa2146d067823106016beaebca8d8a6b077d661462c3d9244132ddb33,derived_evidence
results/phase3/sc_cmpo/qci_payloads/pglib_case30_ieee__pglib_case30_ieee__patch_05__29-30.json,132889,2b35c7d6860293e6bf073df99f4f7f8b649ba256c1c6e6dfec4856ace558ab0e,derived_evidence
results/phase3/sc_cmpo/qci_payloads/pglib_case30_ieee__pglib_case30_ieee__patch_06__18-19.json,132886,7b198619c9901a19821a01f006bd0d4a76c53aceeea19113fad650b69b194aef,derived_evidence
results/phase3/sc_cmpo/qci_payloads/pglib_case30_ieee__pglib_case30_ieee__patch_07__10-17.json,133115,e788b025f00bf481734c7ea25aa4c10d1a22c46d68ac64ab85fa976549b4882b,derived_evidence
results/phase3/sc_cmpo/qci_payloads/pglib_case30_ieee__pglib_case30_ieee__patch_08__23-24.json,132944,a1845732f6dd2336c5d1667563731ec0f1567150f2195f25431d8da04b4403df,derived_evidence
results/phase3/sc_cmpo/qci_payloads/pglib_case30_ieee__pglib_case30_ieee__patch_09__12-4.json,133133,67092641a33648c5d3009b67ba9e9ddca94e364ea1a6506883ca4d5686fa7436,derived_evidence
results/phase3/sc_cmpo/qci_payloads/pglib_case30_ieee__pglib_case30_ieee__patch_10__12-14.json,133044,f21438b857449d26fe2018d27825a1bd99057c317a1de7df7b4fa6812d292346,derived_evidence
results/phase3/sc_cmpo/qci_payloads/pglib_case30_ieee__pglib_case30_ieee__patch_11__12-16.json,133061,e0c5b1283696ea3bb83ed932c6e752dbd85a93cc410c0d7e44c7120313e1c47a,derived_evidence
results/phase3/sc_cmpo/qci_payloads/pglib_case30_ieee__pglib_case30_ieee__patch_12__25-26.json,132866,178f291ebf66f1fe27634c5f9068485543dc46e32e58c437fce0c6c529e9eaab,derived_evidence
results/phase3/sc_cmpo/qci_payloads/pglib_case30_ieee__pglib_case30_ieee__patch_13__3-4.json,132949,7abc84cf41b2d763895627da7705bacdf32f26640181be8be74f8ea413da0942,derived_evidence
results/phase3/sc_cmpo/qci_payloads/pglib_case30_ieee__pglib_case30_ieee__patch_14__19-20.json,132888,917cafd6c8df3660807bf347bfb29b1e41d5db34cd22ee4fa64919459c9fa656,derived_evidence
results/phase3/sc_cmpo/scenario_coupling_manifest.csv,240852,ae1da063218a9bf0d9cf75bb9d83c46a0d2395671ef615af9c3943a40666eb22,derived_evidence
results/phase3/sc_cmpo/system_summary/README_COMPRESSED_ARTIFACTS.md,468,5ab9ef488ca57278da7f1991ac21d4282588ed69d5af57c64f759fbdf3098957,derived_evidence
results/phase3/sc_cmpo/system_summary/baseline_system_metrics.csv,1839074,87d82bb80d653e8fc29df34b727ad244b7bb1b5c1e1dc0594afd1d91f76fcfb5,derived_evidence
results/phase3/sc_cmpo/system_summary/compressed_artifact_manifest.csv,524,95e12113dfe3dfaf6a4a5b2a910d07f439f60654b71451d9750bf9318e8085fd,derived_evidence
results/phase3/sc_cmpo/system_summary/consensus_convergence.csv,518557,55682ed12901e41665e992b5f7624f80d010d7141680effcfc662b4752e94597,derived_evidence
results/phase3/sc_cmpo/system_summary/consensus_manifest.json.gz,5319985,13a150d6b5459342279c0d76a8fa71debea009c167982733c8eb14931cb35585,derived_evidence
results/phase3/sc_cmpo/system_summary/consensus_values.csv.gz,5591005,0775a92969d52377c6ac43b4a9f050a65953d864f41f5215bbc5226a4da57f00,derived_evidence
results/phase3/sc_cmpo/system_summary/heldout_summary.csv,421321,cf4c18fd873e6a1ccf532e4a8c9b842b8d9a9a74f136f4d15c2547496c070984,derived_evidence
results/phase3/sc_cmpo/system_summary/matched_baseline_run.json,836,1981461cf7f2b1dc82a67382374699f79085e7026144d4427c6a524fb716db2e,derived_evidence
results/phase3/sc_cmpo/system_summary/qci_repeat_system_metrics.csv,367187,ded34e55c9da277699be430d77e84627e9cdc3f8dd57daf6cf857aeac271be78,derived_evidence
results/phase3/sc_cmpo/system_summary/qci_system_metrics.csv,379902,185256bbe368d552ca3dc0fe75176df1a03ec6d709d288fd733343c1f7e7cd47,derived_evidence
results/phase3/sc_cmpo/upgrade_options.csv,52500,22d2eaf6a97315e16e37886840ee2bacbe988dd20fe2de7a4979e997efcdf8a6,derived_evidence
results/phase3/sc_cmpo/validation_report.md,1489,25266e4ab5cd90b654ee2706e6db8986bd628a8692355c322a911d2af47eaa1a,derived_evidence
scripts/fetch_pglib_benchmarks.py,3251,70e4394a73259beb2fb84cb72223cc8a86c72910ad31a13358c495ad1577f2e5,reproduction_code
scripts/phase3_build_arpae_sc_cmpo.py,4892,6d8b671ab65d68b56bdb1521a1f8d742fbc10d2b6174c22c0ede7de8e0547bf7,reproduction_code
scripts/phase3_build_artifact_manifest.py,4398,5606d186a59b30b4350ecb338754c3159460dd0005bc91ba3d43d59381612407,reproduction_code
scripts/phase3_build_ieee123_sc_cmpo.py,5778,22fa1170089810bf12179480822195dcbaf902e9993bc3bbd12fb0ec65b0a8ff,reproduction_code
scripts/phase3_build_irc_cmpo.py,8318,8163b41081c41f2d190efc2dca04b91511e803b01d5cfb993f123fd2d87544cf,reproduction_code
scripts/phase3_build_irc_cmpo_dataset.py,26083,c3d06b5ad02941eb77a063d29aac04cee2339ae42f39b4714440d343ea76c92f,reproduction_code
scripts/phase3_build_irc_cmpo_payloads.py,28269,b04dfcbcb7588e100cc6a6345195003444553224f467c865c44fd427652afc3a,reproduction_code
scripts/phase3_build_paper_assets.py,25614,151aef29046936408a385a787c3a2d414651ed2e54ee670abffb2c37d4a35665,reproduction_code
scripts/phase3_build_paper_figures.py,14410,06928fa6c6f60c1452b823702782972c153044777e48a3fbba846af8e093f437,reproduction_code
scripts/phase3_build_sc_cmpo_payloads.py,17071,665989df26e59b808a6202fb46dd9ffcad478f2a8288084d4c39f60b74eb2015,reproduction_code
scripts/phase3_check_arpae_go.py,30265,adc8552a1b1c6a553888c2aa54b1cb11d60747622ad29a96c944602330b8c0ab,reproduction_code
scripts/phase3_compare_system_level.py,19330,034e33f49122a14a33506f6b1a251f997913f8e3bf32230be172ffbc156ca336,reproduction_code
scripts/phase3_decode_qci.py,2911,c7927d3397f2b426830e4bbbc881ea26537b4f7257a7a84f5cd24b5620baae90,reproduction_code
scripts/phase3_evaluate_sc_cmpo.py,10163,a95c5e35d0029d614fef732bda18d0a5ebd2659df02d315cc680f08c8103647f,reproduction_code
scripts/phase3_fetch_public_benchmarks.py,3611,211f3005b6985261c1d94453f2311b0b5d240de770d0ca1f97830fa783ce7fbb,reproduction_code
scripts/phase3_finalize_sc_cmpo.py,686,990228c75b10a9d80315bd9a94314b2d18f39548113381bd1950dbbe75f97175,reproduction_code
scripts/phase3_fit_irc_cmpo_surrogate.py,16812,8f804eb32b7fbfa8e7fff013a9c1b141b0f5ff063dd053d805d88cc6384664b6,reproduction_code
scripts/phase3_full_rebuild.py,35189,1bf3890596e54d2d9242df05611cc1f779dd6dc96d4ced446824fd09d62e58fc,reproduction_code
scripts/phase3_monitor_irc_cmpo_final_batch.py,41202,a9c94d3b56d4352b5ef547a5d42f892ca1077010fe17daaf17701b0330a17bb3,reproduction_code
scripts/phase3_package_submission.py,23730,0c10bcba38a59873c7cc8d7a6c20fa151441693a3601cc879ead70ea7b40f71a,reproduction_code
scripts/phase3_prepare_irc_cmpo_preflight.py,9981,aa2ebb502ec19d07bdae0b2606e0e4c0193dc31d6a095b3c6b0ea1b43ee56e64,reproduction_code
scripts/phase3_reproduce.py,10977,0d6d8ff7cb5458d9c200f0178baacb3bd7201fb52d4686b9b50bfd2d9f0bb33e,reproduction_code
scripts/phase3_run_irc_cmpo_gpu_final.py,26221,ebd78cb85fcf501a362ad496c03fd7eed4cac5ec67b73cefbdeb0ed14e89a6ee,reproduction_code
scripts/phase3_run_irc_cmpo_smoke.py,20707,8d1e754a1b4c9ee524243354fa32e0a664ea1f0890aeabd8d57ee28206ff5b50,reproduction_code
scripts/phase3_run_matched_baselines.py,12462,cd3d9e1adbfaf426908a7551d8ea2079bc2f27f76b103d4c1b9f0fa07a5f26ac,reproduction_code
scripts/phase3_run_overlap_consensus.py,21581,ffb826f3aaa06300bb3b0e3e6c0684ea7cc0e7f665516a2530161b17677e29de,reproduction_code
scripts/phase3_run_qci.py,7239,cb794a85826606ff1334d853c7c1bf4556c048c45c88916768a15f4d2883219e,reproduction_code
scripts/phase3_run_qci_integer.py,7476,c4be7578065179dcac9baee5865b0ba1a6a07dcb640f4bd36150c57b6ada3a41,reproduction_code
scripts/phase3_run_sc_cmpo_baselines.py,8613,55ba03b8b0271552fe26726d341db402b9c97dfcec3a6a183202899fd7569ee9,reproduction_code
scripts/phase3_submit_irc_cmpo_final_batch.py,4036,bc7c0cec93a7e4b6d381953e1e89e59c85b8234b53b27a43ba755d2859c07a2a,reproduction_code
scripts/phase3_validate_distribution_powerflow.py,5767,3f8f89a5741ee3c7a782cc6da6c6484aac76856e707178a8dfc72574f59b2377,reproduction_code
scripts/phase3_validate_irc_cmpo_offline.py,17336,6530e426f07c581f543d73bebc029f55c0d2aa4b93154af443a0379e0bc543db,reproduction_code
scripts/phase3_validate_sc_cmpo.py,16943,f2140b289069c73dc1302620ca17311c49db3dc51b35d32c91d15f4fde97432b,reproduction_code
scripts/qbraid_phase3_autorun.py,25996,c266275260d82f3a8bfab3086c658533caf3dbe6f6317bf68c9ac6f734e267b8,reproduction_code
scripts/qbraid_phase3_autorun.sh,89,37e7edb80ffea6ea117c2925612127a6ba974088bd7a53c543a4ba1cbb359c23,reproduction_code
scripts/qbraid_run_phase3_gpu.sh,1187,5bace640445356f151699d2a7a4d1f17fc8c3e96d17f4f7be747d367f7ec82fc,reproduction_code
src/cmpo/__init__.py,322,09a0123c188f5a8e78187d249dca1a078cb6a8c5a71aeeec4ad95234dd3df356,reproduction_code
src/cmpo/arpae_sc_cmpo_adapter.py,24873,1beb16c53193f3299259998d7fe965f60c9660ad19b496174b1291ed312264ae,reproduction_code
src/cmpo/baseline_orchestrator.py,23469,06c23a9d9eb65403a9a8cfad46128c0f6fb498f6aae5bfe025cae135381ca500,reproduction_code
src/cmpo/baselines.py,59197,6dc1ed311939e47925ed012ced4410d5f2539e48ac95be74dd8983ea7d07dfa3,reproduction_code
src/cmpo/benchmarks.py,17762,d569f0e23fa199d64a15a15ea11a4e2570ff9f8168378040f1de692b013b95d3,reproduction_code
src/cmpo/budget_encoding.py,9583,6eb474bf4100996f5356ab6e265a211a53e25f9eaba7ddff69271e802006b19a,reproduction_code
src/cmpo/challenge_score.py,12321,1169589d0460f5e1cab1f952517bfc73286dc06e332d3a78c45dfd189c1b6f42,reproduction_code
src/cmpo/config.py,2128,ea5916dfb6d28a883441d8a3672776ec94280296115ca87b367d7e38af589d1b,reproduction_code
src/cmpo/data.py,9694,7da2b767c96d78c75c5febd63bd31c9107c1113e3a9a883e23305483ab7a071b,reproduction_code
src/cmpo/full_system_dispatch.py,66233,ac09d66f6786c98248fa26457984fa8e82bee3237fa1c987983542058baec524,reproduction_code
src/cmpo/hamiltonian_builder.py,10409,4a6b04349370e452ef6c2d66ba6e9c75b04e0b02e7e80df93eeab02be02f9002,reproduction_code
src/cmpo/heldout_evaluation.py,7455,9f80f19e9a5847fc467f0ecfb72db010cd1eacb68564c5b8447bd733113a96f1,reproduction_code
src/cmpo/ieee123_sc_cmpo_adapter.py,41145,9f515ceb2328f8d3f4aec79a1bf5a8d3c6a47c966ef7fedfa64a2b803586b2e1,reproduction_code
src/cmpo/irc_cmpo_batch.py,21201,cb757fb1324cb0d3c23868954970bb35ac80581c58273415a6532f94d56e01e5,reproduction_code
src/cmpo/irc_cmpo_constraints.py,5902,68438b934221200a1a89f89d2ea893495073d26f5792809724e4a09ea2b75e46,reproduction_code
src/cmpo/irc_cmpo_decode.py,3730,6d546cfe7b081d17532a0e59b4ae67edcc25e7061ca651d369de704ef4bfe068,reproduction_code
src/cmpo/irc_cmpo_feasibility.py,9488,2101284ff532e559c4f83c471c7d31395b99b67e12689f34aa5c13668ea25675,reproduction_code
src/cmpo/irc_cmpo_lagrangian.py,7046,2349ec5aabaf3f2e09481bd2426a29457930f25507514e4bea7f96082c8cb651,reproduction_code
src/cmpo/irc_cmpo_master.py,12498,53540346ad617b8b1d35a94ec9b9bd09039968100c407de2f9d315838551788e,reproduction_code
src/cmpo/irc_cmpo_recourse.py,24740,3b1e1fa75c15251d01b0f191ca0d104ab1ef95ff010146d391ec4a65a439c802,reproduction_code
src/cmpo/irc_cmpo_scaling.py,17777,6a4845168d5a9fb387af199153383b6fd14541841bd3030e094ed49a9001d579,reproduction_code
src/cmpo/irc_cmpo_surrogate.py,39498,11d7ab33bb15fdf2d600e68210b1614309ac5c7ed5da90f2d923ff57f9896c80,reproduction_code
src/cmpo/irc_cmpo_validation.py,25955,4fe36475eae54b45f60a652ed4e55a70c79e32b6fec75e6b5c08a48bb4891a36,reproduction_code
src/cmpo/matched_problem_baselines.py,57818,543cf974ed21cf99f0299d1d53488dd647543f5ef4b70d6ca02227caa098cffe,reproduction_code
src/cmpo/microgrid_design.py,14150,7837153aad607434ef938403e561bdfd8175c682e9de6813512c845b80f2c245,reproduction_code
src/cmpo/overlap_consensus.py,26020,85ab703043a4b7731334cfc16bacc46d13834e1d07c0ba35fbe00fbc87274cbf,reproduction_code
src/cmpo/phase3_metrics.py,7054,dcc1505de50ec1a35620117a649219cf4fc24d2a79c8abcdec7071284257d2e1,reproduction_code
src/cmpo/polynomial.py,6265,1f4f2f2dcab4421254f4b5d67e2baecb012d7d70d0444702e55ba9c3547af16a,reproduction_code
src/cmpo/public_benchmarks.py,2471,8e1c58fe33b6940c26827eb18fca06c72f66f026527f4fe54c2fa5b6f4d89077,reproduction_code
src/cmpo/qci_client_adapter.py,21790,a5acbe7b97e827357c942b075220892c86454af24b1144f61d990c17241b349f,reproduction_code
src/cmpo/qci_export.py,5400,ad6967f8bd7e71d7870eeebfa0ffb1bc24d43f65fa0c66363c5dba8319854b3c,reproduction_code
src/cmpo/qci_integer_adapter.py,20056,04543c48e3f175504cfd7a55d1dcdc59d1add09fc5dea4b4584925eea8fe6b72,reproduction_code
src/cmpo/qci_result_decode.py,36535,c73e1b2e9d3bde8b6cf6b967732498b83f9c29618657920366fcd7ae8dee5116,reproduction_code
src/cmpo/repair.py,21172,4cf12c0c07dafbcc2f0604d7fbb54fd16f7620c5793791a0dcb33fc79b7bca11,reproduction_code
src/cmpo/sc_cmpo_reporting.py,56545,ac965f3a57c537aec4c0a0c42df2a7963b564048316d763e362512909feed916,reproduction_code
src/cmpo/scenario_coupled_model.py,39665,e8313296caea8ae0cbe5dc5769798d2064b82771b6dafeba9370c43f6e2a7544,reproduction_code
src/cmpo/scenarios.py,7281,d72936f7dcb70876e289937e78849e5865dbf7ab0f07a7ec6221d329e394b8a2,reproduction_code
src/cmpo/system_level_projection.py,16286,86db1410e02b383760c3bfc0f1417cd730712983ec7eb50c2a156d553e5c99cb,reproduction_code
src/cmpo/upgrade_budget.py,10016,789e46837fda630b6a050e479bec771322da792dff04e1c0a72e7c6ca0dba351,reproduction_code
src/cmpo/upgrade_planning.py,10308,e0e79e80ff0bcd84e2151cb0b3074faa53f2e8ee51cb5413fd423c549c60b1e3,reproduction_code
submission/TheRestorers__Phase3_Version1.pdf,364152,dd3eb1a1d989e2c57e718dbdcf8c2622c599cfe50bc5ddb04672bee248872fd8,documentation
tests/test_arpae_go_checker.py,3786,cb063cd2ac037cc1e4a7c3b252b60858227a67843c275e77225848e0ec79c5b7,reproduction_code
tests/test_baselines.py,4334,bb85e8e71ead13d66ab7a2122aebd7d793f7acbc3fc5bfa06e71d5f97cae4a1d,reproduction_code
tests/test_challenge_score.py,4419,66e906603c0b365f838d1bf0e61db8185e78e742060482976e683b9f275ae08c,reproduction_code
tests/test_data_generation.py,1781,d5c072f82f121488ef898ae5dbd7b20d96c84d5dbaf8b8844443dc786437271d,reproduction_code
tests/test_irc_cmpo.py,12029,f615dc0f00ed7d060b124ce53adcd8ec4b71ef710ba4bd03805f813fd771df01,reproduction_code
tests/test_irc_cmpo_batch.py,13533,bf7659613064c7cdf2274d15ee829528c3e0865e0b2b9a6213c2dc07bc9ede18,reproduction_code
tests/test_irc_cmpo_final_formulation.py,9733,a50d9e56926d54b820c6ce13ad19a238fe1c42bb66ceadf9bc60c5a10b0dbdae,reproduction_code
tests/test_irc_cmpo_preflight.py,1699,7720022e96bca060d24d9f86570b100cccd84645e149ab42e8c4a1bbaafb5258,reproduction_code
tests/test_irc_cmpo_prequeue_validation.py,14602,ff6be81acf3e3d4259c8c398dd86f6556a37c9447958624d9fd6072589d14de3,reproduction_code
tests/test_irc_cmpo_tree_surrogate.py,3753,013c389698dbb4fd03d6445df2ae7e396315ef37d80e358c37ec6361e218adee,reproduction_code
tests/test_irc_cmpo_true_recourse.py,6656,f8a59a1ef72c1e12eaebc88322bb7eac69577e80f92559ab481c04d4302be951,reproduction_code
tests/test_microgrid_design.py,2003,2b91587e5e0b7307e9bd3676aa446fff5084eae80c91d5396299436be44329e3,reproduction_code
tests/test_phase3_baseline_orchestrator.py,2716,388805fadb03c401f161600df6bec63920ed7ea51aeb60fefb94009c63c7c94a,reproduction_code
tests/test_phase3_full_rebuild.py,3625,18ef575fef87b2a1de44ec863d09c4d87bcbb1da921c50b402f2d976df9565a3,reproduction_code
tests/test_phase3_irc_cmpo_dataset_pipeline.py,11408,e0e19d5ffb315d154df612183827a845f69fdfd68f9f8143c31ff0d43408eb15,reproduction_code
tests/test_phase3_irc_cmpo_gpu_final.py,8215,a05cfd22560523b21040227ccfb5075d47e94fec0279a037aa02d41509776f1b,reproduction_code
tests/test_phase3_irc_cmpo_offline_scripts.py,14308,1df1558a117b0d452f347037fc1a90fb8a8c122ed2ef546e9df888fdd5b0e0cf,reproduction_code
tests/test_phase3_irc_cmpo_smoke_result_processing.py,4176,d616c3a90d52158a595c3f31512686c1bf995c09d5ba1839ec60c2466dbe69ac,reproduction_code
tests/test_phase3_paper_scaffold.py,6779,86fdc3bbd3831701be681d2e6e8d6c8b57f91486b180a6d3670571fea2a00321,reproduction_code
tests/test_polynomial_degree.py,2489,7b449924bc3b6583549aff1bc12f492f0573e988fc1fa371cc9e38f0bb4daf64,reproduction_code
tests/test_public_sc_cmpo_adapters.py,8688,501f089cbd6a46d1bca67eef5f951e7650f616b1723782da84aa99bdd8e6cc89,reproduction_code
tests/test_qbraid_phase3_autorun.py,8955,2365a66d1a67c44cf0e5f7ce1743c027b99d94038590b31f4e40d758e000faac,reproduction_code
tests/test_qci_client_adapter.py,7126,3f6a13326442ac92d3fb3ac8cb2fe13ecc59685021acaf75af4d5282092952a0,reproduction_code
tests/test_qci_export.py,1481,e93f7186250d916d822ff18dac0f267978867b98d8c29c2e76863b4977f7c40c,reproduction_code
tests/test_qci_integer_adapter.py,12822,0d71cb7da091646aed2e0ab18c3788c30eaebc70bbb0d90008d0b2abce264288,reproduction_code
tests/test_qci_result_decode.py,4880,a11976529215a32f05cd8b44cdaeddbf9d2a00717ce74af0246d7c4d40749ba9,reproduction_code
tests/test_repair.py,7220,a48e6b0caf74d77d9ae180fab78b96f0676e947e72a2f1a6f34ee3afbb5562b7,reproduction_code
tests/test_reproducibility.py,467,d70321ac21fef455ba24f6bbef7833095e9b98cfb77bde759e7f094cca3d41d5,reproduction_code
tests/test_sc_cmpo_execution.py,9551,869080c75ec4306a588db36f8202ecf6d4cf31b7b9cfb406f8a6b2a7e725e428,reproduction_code
tests/test_sc_cmpo_model.py,3349,0bfd8fbdb88ce05c3026c2389b073768b28fdd9360ebbc9ab7457ba1ef29b379,reproduction_code
tests/test_sc_cmpo_reporting.py,19364,59cf4bbbc9d5198d98bb50e13f85dd4d080ca8c554a37ad4b0f9f36100e502a1,reproduction_code
tests/test_sc_cmpo_system_level.py,15118,0896d5a3e2730b6c706ee0c3b1ab3f2118df5e12079f3df066b31022d62552b0,reproduction_code
tests/test_scenarios.py,1660,f744b5fef1b0a7c9b3391d07bb6e1ddb36bd315e3ed2a718830be513d713a412,reproduction_code
tests/test_submission_integrity.py,10431,001ee5c9e6120fa2bdf11068576872a5ae3266c672b1e70e59c378db0b6cbd05,reproduction_code
