payload,repeat,job_id,status,raw_energies,raw_solutions,runtime_seconds,failure_reason,request_json,response_json
results/phase3/hybrid/qci_payloads/pglib_case14_ieee__hybrid__storm_forced_islanding_BUS3_MG-BUS4_MG__from__storm_forced_islanding_BUS3_MG-BUS4_MG-BUS9_MG.json,0,6a5810a308442f441bbb180b,COMPLETED,[773955.125],"[[0.1611587, 0.3568738, 0.4329214, 0.004686, 3.0886726, 0.00248, 1.595868, 2.3300648, 0.0046263, 2.4573216, 1.7721777, 3.066484, 610.5054932, 7.89e-05, 0.1216973, 6.69e-05, 1.9204347, 2.3466229, 0.0001603, 3.4892983, 1.206535, 3.9484751, 959.3652344, 0.0001404, 0.0074684, 9.76e-05, 0.6301252, 0.7583702, 0.0123494, 5.084456, 0.9319648, 4.3223433, 1046.5805664, 1.79e-05, 0.0018034, 1.73e-05, 0.6912817, 0.3640615, 0.0011304, 1.3260887, 1.4681112, 4.1917725, 1046.5805664, 0.000882, 0.3923065, 0.0007958, 1.5915351, 2.0868583, 0.002445, 3.147902, 0.98542, 5.188622, 959.3652344, 5e-07, 0.0009333, 4e-07, 0.0407418, 0.0426881, 7.5e-05, 2.689424, 2.8192961, 3.6493752, 959.3652344, 1.2e-05, 0.0171493, 5.5e-06, 0.0134838, 0.008291, 0.0001709, 1.1681111, 1.4531716, 3.2927101, 959.3652344, 0, 5.1e-06, 0, 0.4951145, 0.3516857, 0.0004316, 6.6737008, 2.0612128, 3.6921976, 872.1508179, 5e-07, 0.0004049, 5e-07, 0.39677, 0.1749624, 0.000405, 2.2105215, 2.3849843, 2.7585914, 523.2902832, 0.0005436, 1.3525549, 0.0007857, 1.5827005, 1.6272854, 0.0024042, 5.4827747, 3.3403256, 3.4893425, 348.8601379, 0.0002802, 2.9720173, 0.0004071, 0.066363, 0.0886177, 0.0005912, 8.6790361, 3.3945346, 4.0750666, 1133.7950439, 4e-07, 0.0019649, 4e-07, 0.7550577, 1.1606438, 4.32e-05, 2.8638036, 2.4852307, 3.3883293, 436.0754089]]",18.622173416195437,,results/phase3/hybrid_smoke/qci/pglib_case14_ieee__hybrid__storm_forced_islanding_BUS3_MG-BUS4_MG__from__storm_forced_islanding_BUS3_MG-BUS4_MG-BUS9_MG/repeat_000/request.json,results/phase3/hybrid_smoke/qci/pglib_case14_ieee__hybrid__storm_forced_islanding_BUS3_MG-BUS4_MG__from__storm_forced_islanding_BUS3_MG-BUS4_MG-BUS9_MG/repeat_000/response.json
results/phase3/hybrid/qci_payloads/pglib_case14_ieee__hybrid__storm_forced_islanding_BUS3_MG-BUS4_MG__from__storm_forced_islanding_BUS3_MG-BUS4_MG-BUS9_MG.json,1,6a5810a408442f441bbb1810,COMPLETED,[773806.25],"[[0.1433987, 0.617988, 0.391102, 0.0001011, 4.2572665, 0.0002259, 0.1932686, 0.1523829, 0.0001239, 7.3210006, 3.1143732, 4.6585345, 750.1495361, 0, 0.0003059, 0, 0.2923875, 0.3090618, 1.2e-06, 7.1972322, 1.5946329, 4.5066152, 750.1495361, 0, 0.0006115, 0, 1.1465347, 1.4869683, 5e-07, 2.4851599, 2.7089069, 1.6118531, 535.8209229, 0.00064, 1.3916793, 0.0009071, 0.1388375, 0.1476077, 0.0035868, 3.1236937, 1.5999984, 3.5390875, 964.4785767, 6.7e-06, 0.0631908, 8.2e-06, 2.1180665, 0.5271773, 4.23e-05, 2.1169364, 2.4574294, 3.2705522, 750.1495361, 7.22e-05, 0.3370897, 6.95e-05, 1.1464443, 2.0684295, 0.0002491, 2.2965214, 2.3938498, 2.1260638, 964.4785767, 0.3119107, 0.9807823, 0.3015662, 1.4497651, 1.3034874, 0.3315828, 0.7524652, 1.8200247, 2.3639936, 642.9856567, 0, 0.000446, 0, 0.3982764, 0.4101988, 6.6e-06, 3.339222, 1.8756646, 3.9587555, 750.1495361, 0.0007832, 2.3077345, 0.0004291, 0.0594246, 0.1351594, 0.0009345, 1.732121, 0.7871222, 7.7623701, 1500.2990723, 6.5e-06, 0.1089006, 5.8e-06, 0.1322609, 0.0730282, 0.0001058, 3.5730062, 2.708046, 4.5092659, 535.8209229, 2.9e-06, 0.070342, 3.1e-06, 0.2673348, 0.4137949, 5.38e-05, 4.2082267, 1.5159298, 5.4999466, 964.4785767, 0.0006535, 0.4004937, 0.00093, 0.1270994, 0.1309752, 0.007044, 4.1298256, 1.0722589, 4.4989219, 750.1495361]]",34.007293791975826,,results/phase3/hybrid_smoke/qci/pglib_case14_ieee__hybrid__storm_forced_islanding_BUS3_MG-BUS4_MG__from__storm_forced_islanding_BUS3_MG-BUS4_MG-BUS9_MG/repeat_001/request.json,results/phase3/hybrid_smoke/qci/pglib_case14_ieee__hybrid__storm_forced_islanding_BUS3_MG-BUS4_MG__from__storm_forced_islanding_BUS3_MG-BUS4_MG-BUS9_MG/repeat_001/response.json
results/phase3/hybrid/qci_payloads/pglib_case14_ieee__hybrid__storm_forced_islanding_BUS3_MG-BUS4_MG__from__storm_forced_islanding_BUS3_MG-BUS4_MG-BUS9_MG.json,2,6a5810a408442f441bbb1816,COMPLETED,[774017],"[[0.1492496, 0.2883509, 0.2764132, 0.0011469, 0.5454414, 0.0016387, 0.9012862, 0.5250511, 0.003319, 3.5626774, 2.8510766, 2.4639184, 822.3279419, 0.0199266, 3.102385, 0.0299245, 0.0382736, 0.0490226, 0.0353285, 4.3088651, 3.7046571, 1.1405143, 411.1639709, 0.000718, 0.1617208, 0.0019196, 0.5884644, 0.7657722, 0.0129989, 3.2263517, 3.2310627, 1.9961963, 1027.9110107, 1.75e-05, 0.0028702, 7.5e-06, 0.122201, 0.1357941, 0.0022427, 3.5547431, 3.0269489, 3.3633451, 822.3279419, 6e-07, 0.0003793, 2.5e-06, 1.0150696, 0.5661597, 0.0004334, 3.9898932, 2.5109499, 2.3325634, 513.9555054, 0.0037704, 0.1234897, 0.0106859, 1.1982125, 1.921562, 0.0910914, 3.7170446, 2.8339252, 3.886282, 822.3279419, 0.000178, 0.0057094, 0.0002607, 0.1840873, 0.4342012, 0.0142866, 2.7247062, 1.6399413, 3.2931781, 822.3279419, 0.0064446, 0.0182041, 0.0097103, 1.2865676, 0.7435235, 0.3499339, 1.9551278, 3.3887441, 3.1347139, 719.5369263, 0.0014748, 0.3660215, 0.002417, 0.0145682, 0.0164322, 0.0096272, 5.4032655, 2.3298452, 4.5117688, 822.3279419, 0.0999627, 0.1941827, 0.13159, 1.4036505, 1.1844805, 0.6949981, 3.0215614, 1.9601462, 3.4752471, 1233.4918213, 0.000203, 0.3487201, 0.0001711, 0.0477405, 0.0829188, 0.0004078, 4.1058006, 2.9596217, 3.2508516, 822.3279419, 0.0017352, 0.4585854, 0.0019611, 0.3079908, 0.1112567, 0.001299, 1.7565601, 2.0930037, 4.1282668, 1027.9110107]]",49.90070787491277,,results/phase3/hybrid_smoke/qci/pglib_case14_ieee__hybrid__storm_forced_islanding_BUS3_MG-BUS4_MG__from__storm_forced_islanding_BUS3_MG-BUS4_MG-BUS9_MG/repeat_002/request.json,results/phase3/hybrid_smoke/qci/pglib_case14_ieee__hybrid__storm_forced_islanding_BUS3_MG-BUS4_MG__from__storm_forced_islanding_BUS3_MG-BUS4_MG-BUS9_MG/repeat_002/response.json
results/phase3/hybrid/qci_payloads/pglib_case14_ieee__hybrid__storm_forced_islanding_BUS3_MG-BUS4_MG__from__storm_forced_islanding_BUS3_MG-BUS4_MG-BUS9_MG.json,3,6a5810a508442f441bbb181b,COMPLETED,[773954.25],"[[1.25e-05, 0.0039191, 0.001501, 0, 0.9870365, 0, 0.1496486, 0.2406987, 0, 2.4314771, 0.3376143, 4.7428279, 678.8442383, 0, 2.2364769, 0, 0.0049911, 0.0074643, 0, 2.5619066, 0.0848368, 5.243176, 969.7769775, 0, 0.0005783, 0, 0.140149, 0.1832529, 0, 3.3745544, 0.1193734, 5.1303539, 872.7982788, 0, 0, 0, 0.2360862, 0.2840341, 0, 0.8922918, 0.0597104, 5.6607714, 581.8668213, 0, 2.0586998, 0, 1.7583933, 2.2687013, 0, 5.7476821, 0.1422079, 4.5554047, 775.8203735, 0, 0.0018867, 0, 0.2465346, 0.1948939, 0, 2.363894, 0.103898, 4.8419356, 872.7982788, 0, 1.2e-06, 0, 0.1696681, 0.120122, 0, 2.8244517, 0.1068154, 5.297276, 872.7982788, 0, 0.000332, 0, 0.0626252, 0.0717599, 0, 1.5617669, 0.1792253, 5.6755362, 1163.7336426, 0, 0, 0, 0.0055887, 0.0040524, 0, 1.970843, 0.0515568, 4.7606425, 872.7982788, 0, 3.52e-05, 0, 1.298763, 1.8138686, 0, 1.4609617, 0.0502166, 5.2840886, 678.8442383, 0, 0.0002886, 0, 0.3949406, 0.3033259, 0, 2.2385457, 0.1395912, 3.922013, 581.8668213, 0, 0.000138, 0, 1.4194745, 0.7179161, 0, 2.687753, 0.0607387, 4.22333, 969.7769775]]",49.974868084071204,,results/phase3/hybrid_smoke/qci/pglib_case14_ieee__hybrid__storm_forced_islanding_BUS3_MG-BUS4_MG__from__storm_forced_islanding_BUS3_MG-BUS4_MG-BUS9_MG/repeat_003/request.json,results/phase3/hybrid_smoke/qci/pglib_case14_ieee__hybrid__storm_forced_islanding_BUS3_MG-BUS4_MG__from__storm_forced_islanding_BUS3_MG-BUS4_MG-BUS9_MG/repeat_003/response.json
results/phase3/hybrid/qci_payloads/pglib_case14_ieee__hybrid__storm_forced_islanding_BUS3_MG-BUS4_MG__from__storm_forced_islanding_BUS3_MG-BUS4_MG-BUS9_MG.json,4,6a5810c508442f441bbb1822,COMPLETED,[773957.1875],"[[2e-07, 1.06e-05, 2.7e-06, 4.1e-06, 2.5230632, 3.4e-06, 2.8055851, 2.695188, 5.08e-05, 3.0623958, 0.1719482, 1.4097347, 988.9017944, 0, 0.0021369, 0, 0.1100745, 0.1840105, 1e-07, 2.9770212, 0.6857539, 4.5169458, 988.9017944, 0, 0, 0, 0.2933264, 0.2897942, 0, 2.1637106, 0.615802, 5.0713668, 890.0115356, 0, 0, 0, 0.9158291, 1.9681532, 0, 2.2859931, 0.8955984, 2.8755777, 197.780426, 0, 3.1299598, 0, 0.5255703, 0.5412657, 2e-07, 4.3946595, 0.4981122, 4.6387663, 593.3407593, 0, 0.3780125, 0, 0.5478339, 0.7284782, 0, 0.4675241, 0.1404947, 4.0491166, 988.9017944, 0, 1.15e-05, 0, 0.0377367, 0.0245123, 0, 4.1405082, 0.359419, 1.4043285, 791.1217041, 0, 2.25e-05, 0, 0.0031873, 0.0017407, 0, 2.82373, 0.4452963, 3.7956941, 692.2312012, 0, 0.2087232, 0, 0.5392413, 1.08447, 1e-07, 1.0675895, 0.1307528, 3.9002812, 593.3407593, 0, 0.3257702, 0, 0.5579988, 1.6905577, 3e-07, 2.5591741, 1.4417324, 3.7508328, 1087.789917, 0, 0, 0, 0.156336, 0.1711487, 0, 5.1483812, 0.6985536, 4.5057521, 791.1217041, 0, 1.2e-06, 0, 0.8680133, 1.3455688, 4e-07, 3.3994522, 1.5862603, 4.2540855, 1285.5705566]]",81.10828762478195,,results/phase3/hybrid_smoke/qci/pglib_case14_ieee__hybrid__storm_forced_islanding_BUS3_MG-BUS4_MG__from__storm_forced_islanding_BUS3_MG-BUS4_MG-BUS9_MG/repeat_004/request.json,results/phase3/hybrid_smoke/qci/pglib_case14_ieee__hybrid__storm_forced_islanding_BUS3_MG-BUS4_MG__from__storm_forced_islanding_BUS3_MG-BUS4_MG-BUS9_MG/repeat_004/response.json
results/phase3/hybrid/qci_payloads/pglib_case14_ieee__hybrid__storm_forced_islanding_BUS3_MG-BUS4_MG__from__storm_forced_islanding_BUS3_MG-BUS4_MG-BUS9_MG.json,5,6a5810d508442f441bbb1828,COMPLETED,[773740.1875],"[[0.0015871, 0.015253, 0.0050268, 6.3e-05, 1.3145096, 5.68e-05, 0.3784781, 0.7019852, 0.000314, 6.6294494, 1.3113312, 4.662837, 866.3242188, 1e-06, 1.3777075, 1.2e-06, 0.2145026, 0.2807231, 3.6e-06, 2.3255744, 1.9572774, 4.171185, 324.8714905, 1.39e-05, 2.9666727, 3.02e-05, 1.0752536, 0.7389343, 7.92e-05, 4.1276989, 0.7511991, 3.9065557, 1191.1962891, 0, 0.0005169, 0, 0.0334941, 0.0517166, 7.2e-06, 8.1350155, 5.6259298, 2.8695521, 758.0333252, 0.0020777, 3.7442789, 0.0041679, 0.7883356, 0.9702067, 0.0096543, 2.479816, 1.8748095, 5.9874496, 541.453186, 0, 0.0001528, 0, 0.3168019, 0.1230493, 3e-07, 3.208658, 0.8828106, 3.0746067, 541.453186, 0.0002754, 4.0791688, 0.0002557, 0.6081265, 0.3807024, 0.0012129, 4.331634, 3.9136631, 2.989671, 758.0333252, 1e-07, 0.0062971, 2e-07, 0.6406359, 0.4198069, 2.32e-05, 2.365561, 1.4270086, 3.6236408, 649.742981, 1e-07, 0.0039593, 0, 0.0955476, 0.1119647, 2.52e-05, 2.8478291, 0.8231752, 4.7809606, 866.3242188, 1e-07, 0.0075169, 1e-07, 1.4587406, 1.0260781, 1.53e-05, 3.0127633, 1.423007, 6.5073934, 1299.4859619, 0, 2.19e-05, 0, 0.0049527, 0.0078065, 1e-07, 1.0905032, 0.9729492, 6.5955515, 974.6148682, 1e-07, 0.0011003, 2e-07, 0.7921389, 0.6907271, 4.6e-05, 3.7223692, 0.6184101, 5.0788283, 1082.9063721]]",81.18135945801623,,results/phase3/hybrid_smoke/qci/pglib_case14_ieee__hybrid__storm_forced_islanding_BUS3_MG-BUS4_MG__from__storm_forced_islanding_BUS3_MG-BUS4_MG-BUS9_MG/repeat_005/request.json,results/phase3/hybrid_smoke/qci/pglib_case14_ieee__hybrid__storm_forced_islanding_BUS3_MG-BUS4_MG__from__storm_forced_islanding_BUS3_MG-BUS4_MG-BUS9_MG/repeat_005/response.json
results/phase3/hybrid/qci_payloads/pglib_case14_ieee__hybrid__storm_forced_islanding_BUS3_MG-BUS4_MG__from__storm_forced_islanding_BUS3_MG-BUS4_MG-BUS9_MG.json,6,6a5810e608442f441bbb1833,COMPLETED,[774218.0625],"[[0.0038194, 0.0234037, 0.0166729, 0.0003356, 0.1534127, 0.001122, 0.0264643, 0.0679789, 0.0025071, 0.5095683, 0.3384001, 2.0346653, 1221.2287598, 1.4e-05, 3.4844716, 1.89e-05, 0.0674706, 0.2185156, 3.27e-05, 2.8929274, 1.0134099, 1.6718061, 1099.105835, 0, 2.97e-05, 0, 0.5690781, 0.4515188, 1.1e-06, 3.2132378, 1.2923149, 2.9817371, 610.6143799, 0.000146, 4.511251, 5.46e-05, 1.7286357, 0.9380795, 0.0003007, 4.130837, 1.1795874, 2.9565496, 976.9845581, 0, 0.0012718, 0, 0.1205537, 0.1857876, 2.49e-05, 4.6835594, 3.0676546, 3.4153199, 854.8588867, 1.2e-06, 0.0197685, 1.1e-06, 0.0011335, 0.0010303, 3.14e-05, 1.6298317, 0.3666846, 1.3682799, 732.7371216, 0, 4.63e-05, 0, 2.2962627, 0.713912, 9.92e-05, 2.6294458, 0.4082699, 1.6896784, 1099.105835, 0, 1e-07, 0, 1.6142313, 2.3083887, 1e-07, 4.3124771, 2.0791259, 3.9782224, 1099.105835, 2.2e-06, 0.0411745, 2.7e-06, 0.4238943, 0.4426993, 7.92e-05, 3.134995, 1.192683, 4.3097887, 854.8588867, 1e-06, 0.001304, 1.2e-06, 0.1564749, 0.1818896, 0.00062, 3.5743141, 1.581416, 3.8323436, 488.4922791, 0.0001287, 0.4132596, 2.4e-05, 2.0273113, 1.5830884, 0.0005634, 0.7945608, 0.6642609, 4.4832511, 854.8588867, 1.91e-05, 0.0168789, 7.04e-05, 0.0449941, 0.027306, 0.0006103, 0.9938405, 1.5307595, 3.2231836, 0]]",81.70815633400343,,results/phase3/hybrid_smoke/qci/pglib_case14_ieee__hybrid__storm_forced_islanding_BUS3_MG-BUS4_MG__from__storm_forced_islanding_BUS3_MG-BUS4_MG-BUS9_MG/repeat_006/request.json,results/phase3/hybrid_smoke/qci/pglib_case14_ieee__hybrid__storm_forced_islanding_BUS3_MG-BUS4_MG__from__storm_forced_islanding_BUS3_MG-BUS4_MG-BUS9_MG/repeat_006/response.json
results/phase3/hybrid/qci_payloads/pglib_case14_ieee__hybrid__storm_forced_islanding_BUS3_MG-BUS4_MG__from__storm_forced_islanding_BUS3_MG-BUS4_MG-BUS9_MG.json,7,6a5810e708442f441bbb1834,COMPLETED,[774061.25],"[[0.0206193, 0.0375704, 0.0453265, 0.0108366, 0.9436436, 0.0077518, 0.5959865, 0.7806031, 0.0121087, 3.2398617, 2.002538, 2.9322548, 494.3722534, 0.0009187, 1.5619798, 0.0030731, 0.2870671, 0.4184078, 0.0009258, 1.9154015, 1.3342017, 2.9325922, 1087.6195068, 0.000102, 0.0077044, 0.0001095, 0.0687569, 0.0585823, 0.0024885, 1.7341695, 2.4933681, 2.6664999, 889.8700562, 0.013789, 3.7427778, 0.0186643, 0.4629751, 0.2367468, 0.0049187, 1.6743615, 2.2624092, 1.6557034, 692.1208496, 0.0168675, 0.1109149, 0.010121, 0.1239361, 0.0487285, 0.0422819, 1.2628237, 2.2436788, 3.6485813, 494.3722534, 0.0100793, 0.4758359, 0.0044735, 0.0709143, 0.1630106, 0.0226894, 2.6042943, 1.5933303, 4.1663947, 988.7445068, 0.0051892, 0.1532474, 0.0072154, 0.4318969, 0.4362683, 0.0216528, 0.9447789, 2.012162, 1.3293175, 1087.6195068, 0.0008936, 0.030376, 0.0009984, 0.1965001, 0.2319132, 0.0231127, 2.5091231, 2.9546514, 2.1633191, 790.9961548, 0.0092065, 3.2978103, 0.0150954, 0.0305531, 0.0464115, 0.0063028, 0.9924326, 2.3447042, 1.4311255, 889.8700562, 0.0001499, 0.00524, 0.0001978, 0.5411384, 0.4793355, 0.0277886, 4.6391964, 1.9237759, 4.2207956, 692.1208496, 0.0015345, 0.2003841, 0.0015979, 1.8959092, 0.4794858, 0.0123441, 2.9733825, 3.0325, 2.1592498, 593.24646, 0.0001191, 0.0062771, 4.47e-05, 2.3479481, 2.0751677, 0.0046246, 6.2795691, 1.5347346, 3.2787235, 1186.4929199]]",81.76994316698983,,results/phase3/hybrid_smoke/qci/pglib_case14_ieee__hybrid__storm_forced_islanding_BUS3_MG-BUS4_MG__from__storm_forced_islanding_BUS3_MG-BUS4_MG-BUS9_MG/repeat_007/request.json,results/phase3/hybrid_smoke/qci/pglib_case14_ieee__hybrid__storm_forced_islanding_BUS3_MG-BUS4_MG__from__storm_forced_islanding_BUS3_MG-BUS4_MG-BUS9_MG/repeat_007/response.json
results/phase3/hybrid/qci_payloads/pglib_case14_ieee__hybrid__storm_forced_islanding_BUS3_MG-BUS4_MG__from__storm_forced_islanding_BUS3_MG-BUS4_MG-BUS9_MG.json,8,6a58112508442f441bbb183b,COMPLETED,[773435.875],"[[0.0603696, 0.1444489, 0.0624427, 0.0201158, 3.5276389, 0.0059151, 0.7929253, 0.5784217, 0.0055445, 4.3385668, 1.9914979, 6.239419, 1815.3583984, 0, 1.43e-05, 0, 0.1336038, 0.0820724, 7.8e-06, 5.1142578, 1.988775, 4.0547447, 453.8395996, 0.0205187, 4.7671218, 0.0140832, 0.5999822, 0.4616283, 0.0067503, 1.6603146, 0.8774067, 1.2320348, 794.2193604, 0.0023591, 0.7681896, 0.0017889, 0.846868, 0.5220501, 0.0018229, 1.3898787, 2.2400861, 3.7445364, 340.3796692, 0.00038, 0.210065, 0.0005415, 0.1777822, 0.2862796, 0.0017892, 3.0849872, 2.2785637, 3.0973525, 567.2995605, 0.0486744, 0.4512507, 0.0283203, 1.0999858, 1.1232603, 0.1993285, 4.2487221, 2.9014378, 3.9673653, 1474.9782715, 0.0001081, 0.0113358, 0.0002203, 0.9664788, 0.5430508, 0.0032333, 2.1065905, 3.6132123, 1.6962426, 567.2995605, 0.0024628, 2.3762746, 0.0147188, 0.1816681, 0.5059379, 0.0021065, 0.7898979, 1.618259, 1.7816406, 680.7593384, 0.0036134, 2.103044, 0.0027286, 0.2777395, 0.5630482, 0.0032951, 2.7515454, 3.1622703, 3.2441268, 794.2193604, 0.0002127, 0.0027112, 0.0002664, 3.5384624, 1.3043909, 0.0146634, 0.8921936, 0.9701394, 1.0412358, 680.7593384, 0.0003276, 0.0006987, 9e-05, 0.9393209, 1.7445239, 0.0935645, 4.1870961, 2.3896325, 3.2763827, 1021.138855, 0.0035041, 0.9337667, 0.0023929, 0.0226726, 0.0137911, 0.0081736, 5.0080428, 1.0923969, 1.6779817, 680.7593384]]",80.60210058302619,,results/phase3/hybrid_smoke/qci/pglib_case14_ieee__hybrid__storm_forced_islanding_BUS3_MG-BUS4_MG__from__storm_forced_islanding_BUS3_MG-BUS4_MG-BUS9_MG/repeat_008/request.json,results/phase3/hybrid_smoke/qci/pglib_case14_ieee__hybrid__storm_forced_islanding_BUS3_MG-BUS4_MG__from__storm_forced_islanding_BUS3_MG-BUS4_MG-BUS9_MG/repeat_008/response.json
results/phase3/hybrid/qci_payloads/pglib_case14_ieee__hybrid__storm_forced_islanding_BUS3_MG-BUS4_MG__from__storm_forced_islanding_BUS3_MG-BUS4_MG-BUS9_MG.json,9,6a58113708442f441bbb1842,COMPLETED,[774278.8125],"[[0.0627726, 2.6105599, 1.049325, 0.000515, 1.8139931, 0.0003482, 0.9617665, 0.7311238, 0.0020337, 2.58323, 1.9697001, 4.3596673, 743.982666, 1e-07, 0.0268204, 1e-07, 0.0626083, 0.0347464, 2e-07, 0.6562794, 0.0779006, 4.9131799, 850.2653809, 0, 0.0066516, 0, 0.0201522, 0.0225497, 1.3e-06, 3.7054086, 1.1935476, 3.826642, 850.2653809, 4.1e-06, 0.0260949, 2e-06, 0.0474503, 0.0426455, 0.0001028, 1.63188, 0.4875563, 4.0979977, 1062.8312988, 0, 8.88e-05, 0, 0.0439911, 0.0663871, 0, 1.0443017, 0.5959272, 4.5295243, 531.4156494, 2e-07, 0.155288, 1e-07, 0.2171253, 0.3080715, 2.6e-06, 4.2903476, 1.2602036, 2.2419887, 531.4156494, 0.0001619, 0.0237393, 0.0003007, 0.1247293, 0.2101821, 0.0885213, 4.4805832, 1.8147888, 4.3732409, 1062.8312988, 1e-07, 0.0135209, 2e-07, 2.1768422, 0.9203691, 5.4e-06, 2.7841809, 0.3937271, 1.4474382, 850.2653809, 5.2e-06, 1.5361246, 5.5e-06, 0.2567595, 0.2181388, 3.64e-05, 3.5722644, 1.0390239, 4.863492, 850.2653809, 0, 0.0023653, 0, 2.5724878, 1.8272861, 0, 4.120049, 0.3056523, 5.5568562, 850.2653809, 5.12e-05, 1.3074926, 0.0001994, 0.2345073, 0.2980378, 0.0002855, 1.4462545, 1.3577899, 2.7892003, 850.2653809, 0, 0.0052997, 1e-07, 0.1766079, 0.1863275, 4e-06, 5.1539397, 1.8350617, 4.3725357, 850.2653809]]",79.83963841712102,,results/phase3/hybrid_smoke/qci/pglib_case14_ieee__hybrid__storm_forced_islanding_BUS3_MG-BUS4_MG__from__storm_forced_islanding_BUS3_MG-BUS4_MG-BUS9_MG/repeat_009/request.json,results/phase3/hybrid_smoke/qci/pglib_case14_ieee__hybrid__storm_forced_islanding_BUS3_MG-BUS4_MG__from__storm_forced_islanding_BUS3_MG-BUS4_MG-BUS9_MG/repeat_009/response.json
results/phase3/hybrid/qci_payloads/pglib_case30_ieee__hybrid__demand_surge_BUS5_MG-BUS7_MG__from__demand_surge_BUS2_MG-BUS5_MG-BUS7_MG.json,0,6a5810a308442f441bbb180a,COMPLETED,[-40048.8710938],"[[0, 0, 0, 0.0036233, 0.0588257, 1.52e-05, 0.0008045, 0.0013255, 6e-07, 0.0016269, 1.46e-05, 0.6383372, 824.5324097, 0, 0, 0, 0.001461, 0.001783, 0, 1.3606716, 1.12e-05, 0.6030869, 458.0730286, 0, 0, 0, 3.12e-05, 3.97e-05, 0, 0.7813164, 1.01e-05, 0.7770095, 732.9163208, 0, 0, 0, 7e-07, 1e-06, 0, 0.2386761, 4.25e-05, 0.8604355, 916.1460571, 0, 0, 0, 0.001597, 0.0014483, 0, 0.1416059, 2.96e-05, 0.7185826, 1007.7617188, 0, 0, 0, 3.6e-06, 6.9e-06, 3e-07, 0.1747173, 3.27e-05, 0.6852319, 916.1460571, 0, 0, 0, 0.0014104, 0.0100094, 3.66e-05, 0.3211102, 5.15e-05, 0.6595235, 1099.3725586, 0, 0, 0, 0, 0, 0, 1.3961711, 1.78e-05, 0.5690222, 458.0730286, 4.1e-06, 4.6e-06, 0, 0.0197336, 0.2672899, 0.0001033, 0.3036088, 6.27e-05, 0.8109386, 916.1460571, 0, 0, 0, 0.000125, 0.000139, 1e-05, 0.0068527, 8.3e-06, 0.7697321, 732.9163208, 0, 0, 0, 0.0003824, 0.0003721, 6.48e-05, 0.1731211, 0.0001008, 0.7603611, 916.1460571, 0, 0, 0, 2.79e-05, 6.85e-05, 3.55e-05, 0.0550806, 1.31e-05, 0.8318809, 1007.7617188]]",18.622205999912694,,results/phase3/hybrid_smoke/qci/pglib_case30_ieee__hybrid__demand_surge_BUS5_MG-BUS7_MG__from__demand_surge_BUS2_MG-BUS5_MG-BUS7_MG/repeat_000/request.json,results/phase3/hybrid_smoke/qci/pglib_case30_ieee__hybrid__demand_surge_BUS5_MG-BUS7_MG__from__demand_surge_BUS2_MG-BUS5_MG-BUS7_MG/repeat_000/response.json
results/phase3/hybrid/qci_payloads/pglib_case30_ieee__hybrid__demand_surge_BUS5_MG-BUS7_MG__from__demand_surge_BUS2_MG-BUS5_MG-BUS7_MG.json,1,6a5810a408442f441bbb1811,COMPLETED,[-40055.8046875],"[[0, 0, 0, 2.98e-05, 0.0001056, 8e-07, 0.0737942, 0.3994249, 4.66e-05, 0.0462289, 0.0002587, 0.7172725, 484.7513123, 0, 0, 0, 0.0062694, 0.0189274, 1.47e-05, 1.2990956, 0.0002223, 0.7253124, 1066.451416, 0, 0, 0, 0.0001475, 0.0001021, 0.0002776, 0.017, 0.0001504, 0.750833, 678.6514282, 0, 0, 0, 0.0076216, 0.0206263, 1.9e-06, 0.0452676, 0.0001978, 0.6414489, 775.6019897, 0, 0, 0, 1.1e-06, 1.1e-06, 1e-07, 0.0503424, 0.0002599, 0.6478952, 775.6019897, 0, 0, 0, 0.0033474, 0.0101248, 5.87e-05, 0.4416579, 0.0004052, 0.7307295, 678.6514282, 0, 0, 0, 4e-07, 4e-07, 4.1e-06, 0.1309701, 0.0002045, 0.6670643, 1066.451416, 0, 0, 0, 0.0002964, 0.0001956, 6.83e-05, 0.2516149, 0.0010971, 0.820241, 1357.3028564, 0, 0, 0, 5e-07, 6e-07, 9e-07, 0.8460326, 0.0009509, 0.6758344, 775.6019897, 3.5e-06, 2e-07, 0, 1.9e-05, 5.2e-06, 0.0027734, 0.0408048, 0.0001796, 0.7805568, 872.5525513, 0, 0, 0, 5.42e-05, 6.4e-05, 8.3e-05, 0.9875979, 0.0001679, 0.6399647, 581.7008667, 0, 0, 0, 2.6e-06, 1.4e-06, 9e-06, 0.764932, 0.0003494, 0.8595873, 872.5525513]]",34.021158792078495,,results/phase3/hybrid_smoke/qci/pglib_case30_ieee__hybrid__demand_surge_BUS5_MG-BUS7_MG__from__demand_surge_BUS2_MG-BUS5_MG-BUS7_MG/repeat_001/request.json,results/phase3/hybrid_smoke/qci/pglib_case30_ieee__hybrid__demand_surge_BUS5_MG-BUS7_MG__from__demand_surge_BUS2_MG-BUS5_MG-BUS7_MG/repeat_001/response.json
results/phase3/hybrid/qci_payloads/pglib_case30_ieee__hybrid__demand_surge_BUS5_MG-BUS7_MG__from__demand_surge_BUS2_MG-BUS5_MG-BUS7_MG.json,2,6a5810a408442f441bbb1817,COMPLETED,[-40022.1289062],"[[0, 0, 0, 4e-07, 1.08e-05, 3e-07, 0.007001, 0.0078425, 0.0002768, 0.2025494, 0.1513563, 0.5011019, 531.1396484, 0, 5e-07, 0, 0.2024225, 0.2520611, 9.69e-05, 1.5091164, 0.1676239, 0.4206571, 849.8225098, 1.77e-05, 0.0002032, 1.42e-05, 0.0001778, 0.0001541, 0.0133421, 1.1831964, 0.1128156, 0.5929422, 1062.2792969, 0, 1e-07, 0, 0.0001724, 0.0003684, 0.0001182, 0.2306886, 0.1436783, 0.5554293, 318.6835022, 0.0002411, 0.0023167, 7.48e-05, 0.0180456, 0.0208698, 0.0126564, 0.8547939, 0.1884904, 0.6158798, 956.0511475, 0, 3e-07, 0, 0.0007013, 0.0005643, 0.0001268, 0.2684706, 0.1394079, 0.5271552, 1062.2792969, 1e-07, 1e-07, 0, 0.03712, 0.0636932, 0.0131237, 0.3682885, 0.1253266, 0.683083, 849.8225098, 3.2e-06, 1.35e-05, 8e-07, 0.0018526, 0.0013682, 0.0056134, 1.1164359, 0.3431627, 0.5381926, 1487.1901855, 0, 0, 0, 0.0005075, 0.0005266, 5.4e-06, 0.156365, 0.0933759, 0.6497334, 637.3670044, 9e-07, 0, 1e-07, 6.59e-05, 8.59e-05, 0.0172573, 0.0057425, 0.0431604, 0.0480428, 424.9112549, 0.0004818, 2.28e-05, 6.76e-05, 0.037757, 0.0304971, 0.0133732, 0.0182363, 0.0189633, 0.2390593, 956.0511475, 0, 0, 0, 0.021358, 0.0184445, 0.0009156, 0.2858597, 0.3467419, 0.3304295, 849.8225098]]",49.89196674991399,,results/phase3/hybrid_smoke/qci/pglib_case30_ieee__hybrid__demand_surge_BUS5_MG-BUS7_MG__from__demand_surge_BUS2_MG-BUS5_MG-BUS7_MG/repeat_002/request.json,results/phase3/hybrid_smoke/qci/pglib_case30_ieee__hybrid__demand_surge_BUS5_MG-BUS7_MG__from__demand_surge_BUS2_MG-BUS5_MG-BUS7_MG/repeat_002/response.json
results/phase3/hybrid/qci_payloads/pglib_case30_ieee__hybrid__demand_surge_BUS5_MG-BUS7_MG__from__demand_surge_BUS2_MG-BUS5_MG-BUS7_MG.json,3,6a5810a508442f441bbb181c,COMPLETED,[-40078.265625],"[[0, 0, 0, 1e-07, 1e-07, 0, 0.0094836, 0.0214755, 5.42e-05, 0.1543793, 0.000156, 0.6608691, 956.4090576, 0, 0, 0, 0.0020588, 0.00709, 0.0008708, 0.0337039, 0.0001253, 0.7655219, 1062.6761475, 0, 0, 0, 9e-07, 2.5e-06, 0, 0.1539562, 0.0007123, 0.6632732, 531.3380737, 0, 0, 0, 0.0001162, 0.0002899, 8e-07, 0.1320197, 0.0003733, 0.7786583, 1275.210083, 0, 0, 0, 1e-07, 1e-07, 0, 0.0302242, 0.0002522, 0.6533192, 637.6050415, 0, 0, 0, 0.0001101, 0.0001812, 3.3e-06, 0.1359453, 0.0005896, 0.7869894, 956.4090576, 0, 0, 0, 0.0016776, 0.0026185, 0.0090794, 0.169324, 0.0004051, 0.7348211, 1168.9438477, 0, 0, 0, 0.0035882, 0.0051704, 0, 0.4751089, 0.00012, 0.6212733, 425.0707397, 0, 0, 0, 1.31e-05, 2.41e-05, 5.7e-06, 0.2257218, 0.000198, 0.6542556, 743.8729858, 0, 0, 0, 0.0025021, 0.0034633, 1.2e-06, 0.4192483, 0.0005223, 0.8005154, 743.8729858, 0, 0, 0, 9.9e-05, 0.0001166, 1e-07, 0.0575161, 0.0008226, 0.7856892, 956.4090576, 0, 0, 0, 8e-07, 9e-07, 2e-07, 0.2240763, 0.0004332, 0.6537121, 531.3380737]]",65.85268975002691,,results/phase3/hybrid_smoke/qci/pglib_case30_ieee__hybrid__demand_surge_BUS5_MG-BUS7_MG__from__demand_surge_BUS2_MG-BUS5_MG-BUS7_MG/repeat_003/request.json,results/phase3/hybrid_smoke/qci/pglib_case30_ieee__hybrid__demand_surge_BUS5_MG-BUS7_MG__from__demand_surge_BUS2_MG-BUS5_MG-BUS7_MG/repeat_003/response.json
results/phase3/hybrid/qci_payloads/pglib_case30_ieee__hybrid__demand_surge_BUS5_MG-BUS7_MG__from__demand_surge_BUS2_MG-BUS5_MG-BUS7_MG.json,4,6a5810c508442f441bbb1823,COMPLETED,[-40068.8203125],"[[0, 0, 0, 7e-07, 4.4e-06, 0, 8.56e-05, 5.24e-05, 2.87e-05, 0.2620152, 0.0002683, 0.7504424, 1062.4448242, 0, 0, 0, 3e-07, 1.5e-06, 0, 0.3798895, 0.0001829, 0.7361298, 1381.1774902, 0, 0, 0, 0, 0, 0, 0.6062975, 0.0002673, 0.8085096, 956.1997681, 0, 0, 0, 1.71e-05, 4.45e-05, 2.4e-06, 0.1985664, 0.0021278, 0.6335033, 743.7114258, 0, 0, 0, 1.4e-06, 2.2e-06, 0, 0.7283661, 0.0009057, 0.6378906, 849.9550171, 0, 0, 0, 8.94e-05, 0.0002568, 0.0045865, 0.0058534, 0.0002921, 0.7306959, 212.4887543, 2.3e-06, 1.3e-06, 0, 0.0006675, 0.0014028, 0.0035045, 1.0443629, 3.39e-05, 0.8463246, 956.1997681, 0, 0, 0, 4.46e-05, 0.0001042, 7.2e-06, 0.0071615, 0.0001438, 0.7365984, 1062.4448242, 0, 0, 0, 3e-07, 2e-07, 0, 0.6421689, 0.0001463, 0.5107779, 318.7331543, 0, 0, 0, 8.72e-05, 0.0001048, 1e-07, 0.0589578, 0.0002183, 0.7651835, 1062.4448242, 0, 0, 0, 1.12e-05, 1.05e-05, 0, 0.4131141, 5.93e-05, 0.5090285, 318.7331543, 0, 1e-07, 0, 6e-06, 5.3e-06, 2e-06, 0.2265778, 0.0007886, 0.7664201, 1062.4448242]]",81.18204291700386,,results/phase3/hybrid_smoke/qci/pglib_case30_ieee__hybrid__demand_surge_BUS5_MG-BUS7_MG__from__demand_surge_BUS2_MG-BUS5_MG-BUS7_MG/repeat_004/request.json,results/phase3/hybrid_smoke/qci/pglib_case30_ieee__hybrid__demand_surge_BUS5_MG-BUS7_MG__from__demand_surge_BUS2_MG-BUS5_MG-BUS7_MG/repeat_004/response.json
results/phase3/hybrid/qci_payloads/pglib_case30_ieee__hybrid__demand_surge_BUS5_MG-BUS7_MG__from__demand_surge_BUS2_MG-BUS5_MG-BUS7_MG.json,5,6a5810d508442f441bbb182a,COMPLETED,[-40057.8320312],"[[0, 0, 0, 0, 0, 0, 0.0003077, 0.0014072, 0.0006471, 1.1132971, 0.000585, 0.5276601, 208.0649567, 0.0014949, 0.0053937, 1.39e-05, 5.06e-05, 5.1e-05, 0.0005565, 0.2682445, 0.0011495, 0.696155, 1040.3251953, 0, 0, 0, 0, 0, 0, 0.0506336, 0.001187, 0.8192315, 1456.4545898, 0, 0, 0, 0, 0, 0, 0.3437691, 0.0005241, 0.6052296, 624.1952515, 0, 0, 0, 0, 0, 0, 0.6446794, 0.0033099, 0.8728217, 1040.3251953, 0, 0, 0, 1.3e-06, 2.8e-06, 1.1e-06, 0.9125256, 0.0019494, 0.7858559, 936.2924194, 0, 0, 0, 0, 0, 0, 0.0414709, 0.0005228, 0.7984042, 1144.3568115, 0, 0, 0, 0, 0, 0, 0.0256453, 0.000419, 0.6048641, 624.1952515, 0, 0, 0, 4.43e-05, 5.09e-05, 0, 0.0087029, 0.0010774, 0.6471089, 520.1625977, 0, 0, 0, 0.0026734, 0.0031062, 1.22e-05, 0.0017757, 0.0006504, 0.7556897, 1040.3251953, 0, 0, 0, 0, 0, 0, 0.8976049, 0.0005668, 0.7926512, 936.2924194, 0, 0, 0, 0, 0, 0, 0.16597, 0.0008481, 0.4706723, 416.1299133]]",81.2388890418224,,results/phase3/hybrid_smoke/qci/pglib_case30_ieee__hybrid__demand_surge_BUS5_MG-BUS7_MG__from__demand_surge_BUS2_MG-BUS5_MG-BUS7_MG/repeat_005/request.json,results/phase3/hybrid_smoke/qci/pglib_case30_ieee__hybrid__demand_surge_BUS5_MG-BUS7_MG__from__demand_surge_BUS2_MG-BUS5_MG-BUS7_MG/repeat_005/response.json
results/phase3/hybrid/qci_payloads/pglib_case30_ieee__hybrid__demand_surge_BUS5_MG-BUS7_MG__from__demand_surge_BUS2_MG-BUS5_MG-BUS7_MG.json,6,6a5810e608442f441bbb1830,COMPLETED,[-40085.4882812],"[[0, 0, 0, 0.1910447, 0.0287558, 0.0013189, 0.0790979, 0.0788104, 0.006551, 0.0865516, 6.37e-05, 0.5308795, 493.2346191, 0, 0, 0, 4.2e-06, 6.4e-06, 0, 0.0366324, 8.74e-05, 0.796914, 739.8521118, 0, 0, 0, 3e-07, 4e-07, 0, 0.1633133, 7.33e-05, 0.7547709, 616.5438232, 1e-07, 2e-07, 0, 0.1094132, 0.2083473, 5.94e-05, 0.3932734, 4.2e-06, 0.7381676, 863.1593628, 0, 0, 0, 7.76e-05, 0.0001946, 5.07e-05, 0.0049165, 1.59e-05, 0.7949888, 1233.0876465, 0, 0, 0, 0.0010963, 0.0026049, 0.001914, 0.0555497, 3.61e-05, 0.6666691, 986.4692383, 0, 0, 0, 6.6e-05, 6.67e-05, 2.2e-06, 0.2445928, 1.94e-05, 0.7643378, 739.8521118, 0, 0, 0, 0.0122148, 0.0202141, 0.0137683, 0.3096579, 3.06e-05, 0.7071228, 369.9260559, 3.25e-05, 9.2e-06, 1e-07, 0.0002758, 0.0004414, 0.0004031, 0.6383204, 2.95e-05, 0.7141869, 863.1593628, 0, 0, 0, 0.0493228, 0.0559896, 0.0017051, 0.129436, 3.03e-05, 0.8137597, 1109.7755127, 0, 0, 0, 9.86e-05, 6.1e-05, 0.0002156, 0.3569189, 1.83e-05, 0.713366, 1233.0876465, 0, 0, 0, 0, 0, 0, 0.0218245, 1.49e-05, 0.6999988, 739.8521118]]",82.12007595808245,,results/phase3/hybrid_smoke/qci/pglib_case30_ieee__hybrid__demand_surge_BUS5_MG-BUS7_MG__from__demand_surge_BUS2_MG-BUS5_MG-BUS7_MG/repeat_006/request.json,results/phase3/hybrid_smoke/qci/pglib_case30_ieee__hybrid__demand_surge_BUS5_MG-BUS7_MG__from__demand_surge_BUS2_MG-BUS5_MG-BUS7_MG/repeat_006/response.json
results/phase3/hybrid/qci_payloads/pglib_case30_ieee__hybrid__demand_surge_BUS5_MG-BUS7_MG__from__demand_surge_BUS2_MG-BUS5_MG-BUS7_MG.json,7,6a5810f608442f441bbb1836,COMPLETED,[-40073.921875],"[[0, 0, 0, 0.0001971, 0.0001246, 2.2e-06, 0.0060305, 0.0130363, 1.39e-05, 0.0008244, 0.0002128, 0.7907908, 720.772583, 0, 0, 0, 3.54e-05, 9.6e-05, 0, 0.2442268, 0.0001249, 0.811967, 823.741333, 0, 0, 0, 1e-07, 2e-07, 0, 0.4798126, 0.000105, 0.6724231, 823.741333, 0, 0, 0, 0.0003063, 0.0009802, 0.0004155, 0.0741519, 0.0001405, 0.7472373, 1029.6744385, 0, 0, 0, 6e-07, 3e-07, 0, 0.3343364, 8.84e-05, 0.7730848, 1132.6448975, 0, 0, 0, 1.1e-06, 1e-06, 0, 0.0332713, 7.95e-05, 0.5270408, 514.8372192, 0, 0, 0, 0.0001542, 0.0001768, 3.2e-06, 0.2431407, 0.0002531, 0.8163745, 1029.6744385, 0, 0, 0, 0.0001674, 0.0002793, 0, 0.5508222, 0.0002162, 0.7200629, 926.708374, 0, 0, 0, 0.0001287, 0.0004212, 3e-07, 0.5346379, 6.63e-05, 0.6179762, 411.8706665, 0, 0, 0, 0.0083466, 0.0100396, 3.63e-05, 0.0701226, 0.000102, 0.6995562, 720.772583, 0, 0, 0, 0.0071926, 0.0107251, 4e-07, 0.8720975, 0.0001286, 0.7171331, 1235.6099854, 0, 0, 0, 0, 0, 1e-07, 0.0489215, 5.05e-05, 0.7077762, 617.8049927]]",81.50982500007376,,results/phase3/hybrid_smoke/qci/pglib_case30_ieee__hybrid__demand_surge_BUS5_MG-BUS7_MG__from__demand_surge_BUS2_MG-BUS5_MG-BUS7_MG/repeat_007/request.json,results/phase3/hybrid_smoke/qci/pglib_case30_ieee__hybrid__demand_surge_BUS5_MG-BUS7_MG__from__demand_surge_BUS2_MG-BUS5_MG-BUS7_MG/repeat_007/response.json
results/phase3/hybrid/qci_payloads/pglib_case30_ieee__hybrid__demand_surge_BUS5_MG-BUS7_MG__from__demand_surge_BUS2_MG-BUS5_MG-BUS7_MG.json,8,6a58112508442f441bbb183d,COMPLETED,[-40071.3046875],"[[0, 0, 0, 0.0002177, 0.0007029, 1.5e-06, 0.0006205, 0.0005772, 6e-06, 0.072061, 0.0003263, 0.8220937, 1387.4868164, 0, 0, 0, 6.4e-06, 7e-06, 1.17e-05, 0.0010007, 0.0002183, 0.6475517, 647.4935303, 0, 0, 0, 0.0002, 0.0005337, 8.28e-05, 0.0005449, 8.81e-05, 0.6691185, 277.497467, 0.0025573, 5.07e-05, 6.8e-06, 0.0014156, 0.0018512, 0.0022407, 0.0601307, 5.12e-05, 0.6877682, 554.9949341, 5e-07, 1e-07, 0, 0.0001445, 0.0002687, 6.03e-05, 0.0018734, 0.0001787, 0.7903039, 924.9910889, 0, 0, 0, 1.35e-05, 2.65e-05, 0, 0.3798018, 6.26e-05, 0.7429133, 277.497467, 1e-07, 1.7e-06, 0, 0.0018691, 0.0021558, 3.4e-06, 0.4969702, 0.0003555, 0.7962937, 1387.4868164, 0, 0, 0, 0, 0, 0, 0.1970513, 5.6e-05, 0.7355672, 832.4918213, 0, 0, 0, 1.64e-05, 1.09e-05, 0, 0.0398848, 6.27e-05, 0.6775119, 832.4918213, 0, 0, 0, 0, 0, 0, 9.04e-05, 0.0003123, 0.7362996, 1017.4910278, 0, 0, 0, 8.81e-05, 0.0002387, 3e-07, 0.1461164, 4.37e-05, 0.7431535, 1109.9898682, 0, 0, 0, 1.79e-05, 3.48e-05, 0, 0.0002091, 7e-05, 0.6316941, 739.9940186]]",80.50810637511313,,results/phase3/hybrid_smoke/qci/pglib_case30_ieee__hybrid__demand_surge_BUS5_MG-BUS7_MG__from__demand_surge_BUS2_MG-BUS5_MG-BUS7_MG/repeat_008/request.json,results/phase3/hybrid_smoke/qci/pglib_case30_ieee__hybrid__demand_surge_BUS5_MG-BUS7_MG__from__demand_surge_BUS2_MG-BUS5_MG-BUS7_MG/repeat_008/response.json
results/phase3/hybrid/qci_payloads/pglib_case30_ieee__hybrid__demand_surge_BUS5_MG-BUS7_MG__from__demand_surge_BUS2_MG-BUS5_MG-BUS7_MG.json,9,6a58113608442f441bbb1841,COMPLETED,[-40070.2890625],"[[0, 0, 0, 0, 1e-07, 0, 0.0029481, 0.0094261, 3e-07, 0.0322678, 3.05e-05, 0.6517256, 554.8717651, 0, 0, 0, 2.3e-06, 3.9e-06, 0, 0.0727902, 1.9e-05, 0.8220588, 1109.7435303, 0, 0, 0, 0.0001066, 0.0001756, 0, 0.471215, 3.65e-05, 0.7545395, 1220.7166748, 0, 0, 0, 1e-07, 1e-07, 0, 0.0063201, 2.27e-05, 0.7318432, 887.7949219, 0, 0, 0, 5.4e-06, 8.9e-06, 7e-07, 0.1826959, 9.3e-06, 0.7233313, 776.8201904, 0, 0, 0, 0.0136397, 0.0762993, 0.0204907, 0.3083023, 0.0001996, 0.6876786, 776.8201904, 0, 0, 0, 1e-07, 1e-07, 0, 0.2019335, 7.32e-05, 0.7116733, 1331.6920166, 0, 0, 0, 0, 0, 0, 0.770269, 1.4e-05, 0.6381032, 332.9230042, 5e-07, 5.36e-05, 0, 0.0017271, 0.0026358, 3.6e-06, 1.0234896, 9.97e-05, 0.7579386, 776.8201904, 0, 0, 0, 0.0109086, 0.03378, 0, 0.0014944, 4.57e-05, 0.6560933, 554.8717651, 0, 0, 0, 5.13e-05, 7.88e-05, 5.6e-06, 0.068219, 5.08e-05, 0.7309167, 554.8717651, 0, 0, 0, 0.0003105, 0.0003142, 0, 0.3789264, 0.0001185, 0.752888, 1109.7435303]]",79.78222891688347,,results/phase3/hybrid_smoke/qci/pglib_case30_ieee__hybrid__demand_surge_BUS5_MG-BUS7_MG__from__demand_surge_BUS2_MG-BUS5_MG-BUS7_MG/repeat_009/request.json,results/phase3/hybrid_smoke/qci/pglib_case30_ieee__hybrid__demand_surge_BUS5_MG-BUS7_MG__from__demand_surge_BUS2_MG-BUS5_MG-BUS7_MG/repeat_009/response.json
results/phase3/hybrid/qci_payloads/pglib_case30_ieee__hybrid__storm_forced_islanding_BUS5_MG-BUS7_MG__from__storm_forced_islanding_BUS2_MG-BUS5_MG-BUS7_MG.json,0,6a5810a308442f441bbb1809,COMPLETED,[774121.75],"[[0.0131923, 0.0834001, 0.0544315, 0.0063356, 0.3246849, 0.0213612, 0.23011, 0.1878309, 0.1837155, 4.5188365, 1.0455759, 3.3676782, 1325.8341064, 6.48e-05, 0.1157305, 5.93e-05, 0.0203326, 0.0160641, 0.0009729, 2.4067361, 3.7154315, 2.3008382, 1427.8214111, 3.25e-05, 0.0992841, 3.8e-05, 1.9511514, 1.4134947, 0.0003068, 1.2629777, 1.1446455, 2.4665561, 509.9359436, 0, 0.0005172, 1e-07, 0.3701702, 0.5597009, 1.19e-05, 3.6457646, 1.1500715, 3.7998228, 713.9107056, 0.0002515, 0.5979987, 0.0002257, 1.3057851, 1.376057, 0.000914, 2.3824701, 1.3639967, 2.1002736, 713.9107056, 0.0371345, 4.1593986, 0.0340588, 0.3006863, 0.2868893, 0.0549928, 3.7174997, 0.9366184, 1.8433747, 611.9229126, 3.2e-06, 0.0564984, 1.4e-05, 0.1921865, 0.0833683, 3.17e-05, 1.2215245, 1.2190915, 3.5930643, 713.9107056, 0.000104, 0.5320131, 0.0003439, 0.8492979, 0.7375479, 0.000599, 3.5672612, 4.2223792, 1.5145849, 713.9107056, 2.12e-05, 0.198702, 6.56e-05, 0.3051968, 0.8255786, 0.000118, 1.0880084, 1.4834673, 1.4514916, 917.8846436, 0.0925555, 0.0050336, 0.1631985, 0.9475998, 3.2049949, 0.5697225, 0.188915, 1.624102, 4.9503427, 611.9229126, 0.0359779, 0.5763635, 0.0305312, 0.0586601, 0.0487076, 0.2376089, 1.7066677, 1.861407, 3.2477367, 611.9229126, 0.004515, 0.2754263, 0.0025614, 0.0969727, 0.0625288, 0.0120321, 1.7721612, 2.4736722, 2.8718085, 1019.8718872]]",18.620982124935836,,results/phase3/hybrid_smoke/qci/pglib_case30_ieee__hybrid__storm_forced_islanding_BUS5_MG-BUS7_MG__from__storm_forced_islanding_BUS2_MG-BUS5_MG-BUS7_MG/repeat_000/request.json,results/phase3/hybrid_smoke/qci/pglib_case30_ieee__hybrid__storm_forced_islanding_BUS5_MG-BUS7_MG__from__storm_forced_islanding_BUS2_MG-BUS5_MG-BUS7_MG/repeat_000/response.json
results/phase3/hybrid/qci_payloads/pglib_case30_ieee__hybrid__storm_forced_islanding_BUS5_MG-BUS7_MG__from__storm_forced_islanding_BUS2_MG-BUS5_MG-BUS7_MG.json,1,6a5810a408442f441bbb180f,COMPLETED,[774448.5],"[[0.0006096, 0.0226189, 0.0089016, 5e-07, 2.0662274, 8e-07, 1.7898545, 0.8023238, 1.6e-06, 5.1265593, 1.4701787, 5.2665629, 783.1009521, 0, 2e-07, 0, 0.0064686, 0.0057365, 0, 1.4143009, 2.196511, 6.4699602, 447.4862671, 0, 0.6768836, 0, 4.7175632, 2.7031484, 0, 8.7240438, 0.6430336, 5.9000525, 1454.3314209, 0, 0, 0, 0.0037505, 0.0086785, 0, 0.4190439, 0.9069032, 4.1423974, 671.2303467, 3.9e-06, 4.56668, 3.8e-06, 0.4849316, 0.9668952, 1.24e-05, 6.1020231, 0.3647746, 3.7132072, 447.4862671, 7.4e-06, 0.6019645, 9.6e-06, 0.1074075, 0.2907707, 0.0001557, 4.5648885, 1.5647264, 3.9951792, 1118.7155762, 0, 1e-07, 0, 0.510327, 0.6008794, 8e-07, 3.2398407, 0.4607061, 4.0761371, 1006.8446655, 0, 0.0002374, 0, 0.0251608, 0.0220254, 1e-07, 1.7260188, 0.5924201, 3.2923691, 447.4862671, 0, 0.003272, 0, 0.2140414, 0.5173674, 3e-07, 3.5203259, 0.2615594, 3.2997966, 559.3577881, 1e-07, 8.457777, 2e-07, 0.7649679, 1.3888086, 6e-07, 9.5942545, 3.4828513, 4.8316875, 1118.7155762, 0, 3.1e-06, 0, 9.53e-05, 9.88e-05, 0, 4.032938, 0.4844476, 4.0909519, 1118.7155762, 0, 2.48e-05, 0, 0.0004241, 0.0008765, 1e-07, 4.9122887, 2.0244353, 6.0540314, 671.2303467]]",34.07226633396931,,results/phase3/hybrid_smoke/qci/pglib_case30_ieee__hybrid__storm_forced_islanding_BUS5_MG-BUS7_MG__from__storm_forced_islanding_BUS2_MG-BUS5_MG-BUS7_MG/repeat_001/request.json,results/phase3/hybrid_smoke/qci/pglib_case30_ieee__hybrid__storm_forced_islanding_BUS5_MG-BUS7_MG__from__storm_forced_islanding_BUS2_MG-BUS5_MG-BUS7_MG/repeat_001/response.json
results/phase3/hybrid/qci_payloads/pglib_case30_ieee__hybrid__storm_forced_islanding_BUS5_MG-BUS7_MG__from__storm_forced_islanding_BUS2_MG-BUS5_MG-BUS7_MG.json,2,6a5810a408442f441bbb1815,COMPLETED,[773650.375],"[[4.46e-05, 0.0002696, 0.0002093, 0.0003486, 2.4200244, 0.0004841, 2.2702813, 2.125006, 0.000495, 4.1085649, 0.8247164, 3.2730298, 830.3688965, 0.0013899, 2.467767, 0.0006531, 0.2435007, 0.2009691, 0.0027624, 1.9498725, 1.4487218, 5.0391898, 1107.1586914, 0, 3e-07, 0, 0.0181086, 0.0140322, 1.5e-06, 3.4416854, 2.3424797, 3.2747014, 553.5793457, 0.0557073, 1.5414863, 0.0926851, 0.0959783, 0.0857135, 0.3859392, 4.0484352, 0.9892979, 3.1969655, 645.8430786, 0.0001127, 0.0131401, 0.0001103, 0.0247932, 0.0132024, 0.0082925, 2.2059872, 1.9399648, 3.9137824, 553.5793457, 4.76e-05, 0.0049256, 4.82e-05, 0.1043694, 0.1737265, 0.0058032, 4.268455, 0.9553111, 5.1304336, 1199.4212646, 0, 4e-07, 0, 0.3996728, 0.4456657, 8.2e-06, 3.2194345, 3.3086283, 4.8168368, 1291.6861572, 0, 1.8e-06, 0, 0.1660814, 0.1475333, 1e-07, 2.3230383, 1.7070001, 3.5590141, 553.5793457, 6.03e-05, 1.2767146, 5.44e-05, 0.4803889, 0.683749, 0.0001891, 7.2901049, 2.0374672, 3.1708851, 1107.1586914, 1e-07, 0.0004283, 1e-07, 0.5791862, 0.3680136, 2.3e-05, 1.3088406, 0.6604312, 4.1965566, 553.5793457, 0.0008426, 3.4429424, 0.0007321, 0.204505, 0.1384801, 0.0002055, 0.797785, 2.4471085, 2.2895961, 553.5793457, 0.0330409, 0.6710017, 0.0588902, 1.0582639, 1.5333164, 0.29505, 2.4323115, 0.9148788, 4.644835, 922.6321411]]",49.88781304098666,,results/phase3/hybrid_smoke/qci/pglib_case30_ieee__hybrid__storm_forced_islanding_BUS5_MG-BUS7_MG__from__storm_forced_islanding_BUS2_MG-BUS5_MG-BUS7_MG/repeat_002/request.json,results/phase3/hybrid_smoke/qci/pglib_case30_ieee__hybrid__storm_forced_islanding_BUS5_MG-BUS7_MG__from__storm_forced_islanding_BUS2_MG-BUS5_MG-BUS7_MG/repeat_002/response.json
results/phase3/hybrid/qci_payloads/pglib_case30_ieee__hybrid__storm_forced_islanding_BUS5_MG-BUS7_MG__from__storm_forced_islanding_BUS2_MG-BUS5_MG-BUS7_MG.json,3,6a5810a508442f441bbb181d,COMPLETED,[773172.25],"[[0, 1e-06, 5e-07, 0, 6.100739, 0, 0.0006528, 0.0006381, 0, 5.5148888, 0.039975, 2.9023457, 340.4379578, 0, 7.1424279, 0, 0.0212029, 0.0167557, 0, 4.1624174, 0.1480703, 5.2454839, 567.395813, 2e-07, 4.2407932, 2e-07, 2.3108261, 1.4850556, 6.3e-06, 3.8963208, 0.4917492, 4.7661128, 794.3543701, 2e-07, 3.0863287, 2e-07, 0.0421686, 0.0714367, 3.9e-06, 6.813549, 0.2162989, 3.6172025, 680.8759155, 0, 0.0010108, 0, 0.2050957, 0.1306288, 0, 4.1807837, 0.2423869, 5.7739363, 1702.1872559, 0, 0, 0, 0.0003129, 0.0001744, 0, 5.3042154, 0.3017173, 4.8809223, 907.8338013, 0, 1e-07, 0, 1.37e-05, 1.66e-05, 0, 2.6464961, 0.1710988, 4.3058276, 907.8338013, 0, 1.6e-06, 0, 0.0019233, 0.0010225, 0, 3.3353066, 0.1791662, 5.6379957, 794.3543701, 0, 3e-07, 0, 0.0052033, 0.0083446, 0, 1.4790726, 0.1290459, 3.6631699, 794.3543701, 0, 0.0032446, 0, 0.923398, 1.6953551, 0, 1.5514052, 0.129573, 3.9946511, 680.8759155, 0, 0.1516294, 0, 0.0004248, 0.0007361, 0, 2.7727761, 0.117736, 5.9486313, 1021.3122559, 0, 1.88e-05, 0, 0.0001287, 0.0001366, 0, 0.6019651, 0.1308764, 4.3673091, 680.8759155]]",65.76996483281255,,results/phase3/hybrid_smoke/qci/pglib_case30_ieee__hybrid__storm_forced_islanding_BUS5_MG-BUS7_MG__from__storm_forced_islanding_BUS2_MG-BUS5_MG-BUS7_MG/repeat_003/request.json,results/phase3/hybrid_smoke/qci/pglib_case30_ieee__hybrid__storm_forced_islanding_BUS5_MG-BUS7_MG__from__storm_forced_islanding_BUS2_MG-BUS5_MG-BUS7_MG/repeat_003/response.json
results/phase3/hybrid/qci_payloads/pglib_case30_ieee__hybrid__storm_forced_islanding_BUS5_MG-BUS7_MG__from__storm_forced_islanding_BUS2_MG-BUS5_MG-BUS7_MG.json,4,6a5810c508442f441bbb1824,COMPLETED,[774553.5],"[[0.0005186, 0.0021322, 0.0032356, 9e-06, 0.5033618, 1.22e-05, 1.0653981, 0.8080099, 4.85e-05, 1.7221107, 1.1256888, 3.126426, 848.3794556, 0, 0.000231, 0, 0.0659183, 0.040005, 3.3e-06, 0.5820807, 1.0565151, 3.7645595, 377.0577087, 1.42e-05, 1.1230364, 8.1e-06, 0.1085981, 0.1792568, 0.0001234, 3.194479, 1.6025667, 2.5894344, 1225.4362793, 0, 0, 0, 0.0130337, 0.0078521, 0, 1.8968439, 1.0047057, 3.6146574, 754.1154175, 0, 2.47e-05, 0, 0.4549048, 0.3327708, 4.2e-06, 3.7076962, 0.1450606, 1.6231097, 848.3794556, 0, 1.65e-05, 0, 0.2474336, 0.157004, 2e-07, 3.5899229, 1.5613633, 2.5346897, 848.3794556, 7.19e-05, 0.0136437, 5.48e-05, 0.9957179, 1.4231758, 0.010817, 3.0631237, 0.4799372, 2.1818302, 565.5858154, 1.37e-05, 0.879695, 7.3e-06, 1.7309599, 0.7375102, 2.97e-05, 3.268779, 1.6817875, 3.9636707, 848.3794556, 0, 7.11e-05, 0, 0.0358469, 0.0505561, 4.34e-05, 2.2409675, 1.3100744, 6.1670914, 1696.7589111, 0, 1.17e-05, 0, 0.2174739, 0.4014798, 0, 4.615459, 0.940559, 4.5083318, 848.3794556, 7.1e-06, 0.2696072, 2.5e-06, 0.73113, 0.4990024, 2.72e-05, 0.9206004, 1.0541831, 3.4517303, 377.0577087, 0.0035438, 0.4556079, 0.0024149, 0.6502361, 0.5320007, 0.0739578, 4.8567123, 1.1601033, 3.1050408, 659.8501587]]",81.10864041582681,,results/phase3/hybrid_smoke/qci/pglib_case30_ieee__hybrid__storm_forced_islanding_BUS5_MG-BUS7_MG__from__storm_forced_islanding_BUS2_MG-BUS5_MG-BUS7_MG/repeat_004/request.json,results/phase3/hybrid_smoke/qci/pglib_case30_ieee__hybrid__storm_forced_islanding_BUS5_MG-BUS7_MG__from__storm_forced_islanding_BUS2_MG-BUS5_MG-BUS7_MG/repeat_004/response.json
results/phase3/hybrid/qci_payloads/pglib_case30_ieee__hybrid__storm_forced_islanding_BUS5_MG-BUS7_MG__from__storm_forced_islanding_BUS2_MG-BUS5_MG-BUS7_MG.json,5,6a5810d508442f441bbb1829,COMPLETED,[772735.0625],"[[0.3942218, 0.7085966, 0.3654715, 0.0166176, 2.1919432, 0.0067283, 1.3853707, 1.8146319, 0.0100729, 3.5696733, 4.5231571, 1.6774271, 627.1974487, 0.0198527, 0.0893331, 0.0154888, 1.4355776, 1.8821174, 0.2647161, 2.7632537, 1.6193802, 3.9759874, 985.5958862, 0.1890205, 0.9632795, 0.2358541, 1.1411697, 0.9067549, 0.4218932, 2.4569564, 2.9270334, 3.2106671, 895.996521, 0.0045659, 0.0768345, 0.0041466, 0.9060078, 1.2972555, 0.0637076, 2.8549364, 1.9334837, 1.8918542, 1075.1964111, 2.61e-05, 0.012075, 1.88e-05, 0.4352664, 0.7115011, 0.0003052, 5.8905072, 2.3976588, 3.3664682, 1433.5936279, 0.046908, 0.8122489, 0.0832879, 0.2504589, 0.2128876, 0.1511846, 2.7755456, 3.0857165, 1.9763752, 537.5982056, 0.0495367, 0.7221719, 0.0196449, 1.6613164, 1.8207662, 0.1095637, 5.3868885, 1.804451, 2.0289397, 447.9982605, 0.0390593, 2.6277022, 0.0518078, 0.5704511, 0.4916119, 0.008134, 0.6360728, 1.5991002, 2.6045225, 447.9982605, 0.4508038, 6.284595, 0.470514, 2.1871498, 0.2749068, 0.2110876, 3.4572167, 2.0851305, 3.6807873, 627.1974487, 0.0559063, 4.3510418, 0.1127186, 1.455301, 2.1954765, 0.0614503, 2.4773409, 1.2956005, 1.4496891, 1075.1964111, 0.0001704, 0.0006701, 8.85e-05, 0.4987591, 0.7021095, 0.087488, 2.5068979, 3.114224, 3.5424969, 1164.7956543, 0.0008573, 0.0782638, 0.0023955, 0.560082, 0.5003598, 0.0062431, 1.1354284, 1.7833359, 2.3054979, 537.5982056]]",81.1678574171383,,results/phase3/hybrid_smoke/qci/pglib_case30_ieee__hybrid__storm_forced_islanding_BUS5_MG-BUS7_MG__from__storm_forced_islanding_BUS2_MG-BUS5_MG-BUS7_MG/repeat_005/request.json,results/phase3/hybrid_smoke/qci/pglib_case30_ieee__hybrid__storm_forced_islanding_BUS5_MG-BUS7_MG__from__storm_forced_islanding_BUS2_MG-BUS5_MG-BUS7_MG/repeat_005/response.json
results/phase3/hybrid/qci_payloads/pglib_case30_ieee__hybrid__storm_forced_islanding_BUS5_MG-BUS7_MG__from__storm_forced_islanding_BUS2_MG-BUS5_MG-BUS7_MG.json,6,6a5810e608442f441bbb182e,COMPLETED,[774372.25],"[[0.0037506, 0.0027747, 0.0072724, 0.0046991, 0.2433005, 0.0064941, 0.7706017, 0.6703687, 0.0112591, 1.0375674, 3.1563756, 1.1231413, 973.5718994, 0.0047508, 0.4675187, 0.0069622, 0.2551934, 0.570911, 0.0173907, 3.5938554, 3.2314711, 3.3141351, 865.3971558, 4.02e-05, 0.0011719, 5.39e-05, 0.7544199, 0.4883847, 0.011031, 3.3628528, 2.2561378, 2.9175382, 757.2225342, 0.000191, 0.0225545, 0.0001797, 3.6604176, 2.369895, 0.0019533, 4.3750153, 2.4862959, 4.3746104, 649.0479126, 0.8823324, 0.6790313, 0.6248723, 3.3348207, 2.3455675, 0.8578417, 2.0081472, 4.2608833, 1.6752059, 865.3971558, 0.001052, 0.0330995, 0.0007863, 0.3944122, 0.4678725, 0.0247868, 5.6524777, 2.3622217, 3.1327515, 649.0479126, 0.5458705, 0.2749193, 0.6684905, 0.7524139, 1.661532, 1.2574905, 1.9954126, 1.7476178, 4.1083193, 1189.9217529, 0.0025567, 0.3685631, 0.0032251, 1.7073581, 2.3572798, 0.0101625, 3.6665928, 2.5912962, 2.7908816, 432.6985779, 1.79e-05, 0.0079944, 8.9e-06, 0.2186085, 0.2562919, 0.0004334, 2.2150581, 2.619827, 4.1003165, 973.5718994, 0.1160901, 2.7517922, 0.1139745, 1.2361217, 1.0645199, 0.1233176, 4.9154158, 2.3789663, 6.039669, 757.2225342, 0.0037687, 0.0752264, 0.0023407, 2.200752, 1.8200852, 0.0219918, 1.8655099, 2.3610578, 2.8009906, 757.2225342, 0.0035659, 0.0046415, 0.005316, 0.522653, 0.3817359, 0.7344714, 5.4631371, 3.5082045, 5.342164, 973.5718994]]",82.22628383385018,,results/phase3/hybrid_smoke/qci/pglib_case30_ieee__hybrid__storm_forced_islanding_BUS5_MG-BUS7_MG__from__storm_forced_islanding_BUS2_MG-BUS5_MG-BUS7_MG/repeat_006/request.json,results/phase3/hybrid_smoke/qci/pglib_case30_ieee__hybrid__storm_forced_islanding_BUS5_MG-BUS7_MG__from__storm_forced_islanding_BUS2_MG-BUS5_MG-BUS7_MG/repeat_006/response.json
results/phase3/hybrid/qci_payloads/pglib_case30_ieee__hybrid__storm_forced_islanding_BUS5_MG-BUS7_MG__from__storm_forced_islanding_BUS2_MG-BUS5_MG-BUS7_MG.json,7,6a5810f608442f441bbb1835,COMPLETED,[773310.125],"[[4.12e-05, 0.0013517, 0.0002967, 0, 3.2746975, 1e-07, 0.9194207, 0.3793527, 2e-07, 7.9826202, 6.0732059, 0, 458.0706482, 0, 3.1461055, 0, 1.6876842, 2.0932865, 0, 0.8375598, 0.0354444, 4.3707395, 572.5877686, 3e-07, 1.1805726, 2e-07, 0.165289, 0.2642804, 2.4e-06, 3.4428236, 0.8192451, 4.2659535, 1374.2104492, 0, 4.8e-06, 0, 7.4e-06, 1.53e-05, 0, 1.8609587, 0.66939, 3.4137542, 1030.6573486, 0, 1.56e-05, 0, 0.241569, 0.2785897, 0, 4.8351197, 1.5388293, 4.6429348, 1145.1755371, 0, 1.97e-05, 0, 0.6409245, 0.8539207, 0, 1.9634926, 0.9608401, 4.8023524, 1145.1755371, 0, 1.06e-05, 0, 1e-07, 1e-07, 0, 3.5173659, 0.4811509, 4.7579112, 687.1052246, 0, 2.0642917, 0, 0.6557477, 1.2456454, 1e-07, 4.4626718, 1.6314013, 4.2620401, 458.0706482, 0, 0.9922125, 0, 2.7818604, 2.8909953, 1e-07, 2.2609499, 0.2145615, 3.5077829, 572.5877686, 1.3e-06, 4.6064959, 1.1e-06, 0.1515123, 0.1577398, 6.1e-06, 10.4665222, 0.8566761, 6.0560141, 458.0706482, 0, 0.016862, 0, 2.9213214, 4.040689, 0, 4.0298381, 0.386669, 5.7236371, 1030.6573486, 0, 7.67e-05, 0, 0.6994891, 0.5068192, 0, 2.2841988, 0.2594435, 4.9565983, 916.1412964]]",81.71367770899087,,results/phase3/hybrid_smoke/qci/pglib_case30_ieee__hybrid__storm_forced_islanding_BUS5_MG-BUS7_MG__from__storm_forced_islanding_BUS2_MG-BUS5_MG-BUS7_MG/repeat_007/request.json,results/phase3/hybrid_smoke/qci/pglib_case30_ieee__hybrid__storm_forced_islanding_BUS5_MG-BUS7_MG__from__storm_forced_islanding_BUS2_MG-BUS5_MG-BUS7_MG/repeat_007/response.json
results/phase3/hybrid/qci_payloads/pglib_case30_ieee__hybrid__storm_forced_islanding_BUS5_MG-BUS7_MG__from__storm_forced_islanding_BUS2_MG-BUS5_MG-BUS7_MG.json,8,6a58112508442f441bbb183c,COMPLETED,[774233.1875],"[[6e-07, 0.0001453, 0.0001263, 0, 4.3426976, 0, 0.384608, 0.4686867, 0, 3.4301951, 0.1489037, 4.4823427, 959.5633545, 0, 0, 0, 7e-07, 8e-07, 0, 3.2051582, 2.038173, 4.3603468, 1055.5201416, 0, 1e-07, 0, 0.0047947, 0.0060724, 0, 3.3946192, 0.1955626, 5.435359, 1535.3013916, 0, 0, 0, 3.18e-05, 2.45e-05, 0, 2.5228829, 0.5955117, 4.3794851, 767.6506958, 0, 4e-07, 0, 2e-07, 2e-07, 0, 3.1392207, 0.2623964, 5.262691, 959.5633545, 0, 0, 0, 2.93e-05, 5.07e-05, 0, 4.6558185, 0.1073414, 4.1592565, 671.6952515, 0, 0.0001795, 0, 0.020627, 0.0651485, 0, 3.5208423, 0.0667281, 3.5746489, 575.7393799, 0, 0.0141953, 0, 2.25e-05, 1.59e-05, 0, 1.9268129, 0.1889077, 5.8679218, 1151.4787598, 0, 0, 0, 0.0007748, 0.001124, 0, 2.1592412, 0.4693632, 4.5421867, 671.6952515, 0, 0.1183559, 0, 0.0400616, 0.0682814, 0, 5.9700913, 0.1513575, 4.1377959, 575.7393799, 7e-07, 4.822917, 1.5e-06, 1.0148126, 1.0763409, 3.8e-05, 4.8446269, 0.1249401, 4.4659052, 575.7393799, 0, 0.0605395, 0, 0.0334711, 0.056535, 0, 4.4777446, 0.2212292, 5.4021368, 383.8253479]]",80.68233483401127,,results/phase3/hybrid_smoke/qci/pglib_case30_ieee__hybrid__storm_forced_islanding_BUS5_MG-BUS7_MG__from__storm_forced_islanding_BUS2_MG-BUS5_MG-BUS7_MG/repeat_008/request.json,results/phase3/hybrid_smoke/qci/pglib_case30_ieee__hybrid__storm_forced_islanding_BUS5_MG-BUS7_MG__from__storm_forced_islanding_BUS2_MG-BUS5_MG-BUS7_MG/repeat_008/response.json
results/phase3/hybrid/qci_payloads/pglib_case30_ieee__hybrid__storm_forced_islanding_BUS5_MG-BUS7_MG__from__storm_forced_islanding_BUS2_MG-BUS5_MG-BUS7_MG.json,9,6a58113708442f441bbb1843,COMPLETED,[774897.1875],"[[0.0005757, 0.0010953, 0.0015126, 0.0347429, 1.4361345, 0.0274721, 2.1565428, 1.1202608, 0.0962653, 4.5972075, 0.9001936, 3.7245843, 967.8615723, 1.87e-05, 0.0296216, 9.6e-06, 0.0263254, 0.0412066, 0.0001303, 3.1700501, 1.4497565, 2.9512603, 645.2417603, 0.0001549, 0.8380307, 0.000266, 0.0808438, 0.0725241, 0.0003677, 1.0611329, 1.8140746, 2.6914077, 860.3209839, 1.1e-06, 0.0015005, 1.2e-06, 0.0425885, 0.0446815, 0.0003555, 4.7512317, 2.5767837, 2.9396, 752.7811279, 0, 0.0005965, 0, 0.1705184, 0.0988671, 3.9e-06, 1.9176526, 1.3122241, 1.032987, 860.3209839, 0.0002285, 0.2456662, 0.0002525, 0.1459452, 0.1902981, 0.0016596, 3.1508, 2.2677331, 4.1718383, 967.8615723, 0.0006941, 0.0190441, 0.0008832, 0.5414629, 0.4786354, 0.0233179, 1.8641127, 2.341599, 2.7441342, 752.7811279, 0.0007089, 0.0048711, 0.0005771, 0.1905849, 0.2890738, 0.1316159, 5.4208684, 1.2648723, 4.4225869, 645.2417603, 2.4e-06, 0.0102382, 4.9e-06, 0.046696, 0.0218141, 9.88e-05, 1.6497713, 2.0443349, 1.1461847, 1075.4014893, 0.0001113, 0.0097945, 0.0001169, 0.2634505, 0.2666555, 0.0028212, 1.7326858, 1.2805701, 3.2669659, 430.1604919, 0.011313, 0.2724451, 0.0064651, 0.618807, 1.251255, 0.072999, 2.2090704, 3.4389043, 2.8266182, 1182.9416504, 9.5e-06, 0.0015469, 6.8e-06, 0.4262164, 0.6031724, 0.0028684, 4.9447799, 1.3020457, 3.4455996, 752.7811279]]",79.90759783401154,,results/phase3/hybrid_smoke/qci/pglib_case30_ieee__hybrid__storm_forced_islanding_BUS5_MG-BUS7_MG__from__storm_forced_islanding_BUS2_MG-BUS5_MG-BUS7_MG/repeat_009/request.json,results/phase3/hybrid_smoke/qci/pglib_case30_ieee__hybrid__storm_forced_islanding_BUS5_MG-BUS7_MG__from__storm_forced_islanding_BUS2_MG-BUS5_MG-BUS7_MG/repeat_009/response.json
results/phase3/hybrid/qci_payloads/pglib_case14_ieee__hybrid__pcc_failure_BUS3_MG-BUS4_MG__from__pcc_failure_BUS3_MG-BUS4_MG-BUS9_MG.json,0,6a5810a308442f441bbb180c,COMPLETED,[-40108.7617188],"[[2.4e-06, 0.0027624, 0.000572, 0.0001191, 0.0010865, 6.29e-05, 0.0161941, 0.0066755, 0.0001581, 0.074227, 0.0161125, 0.4559414, 475.4355469, 0, 0, 0, 0.0053442, 0.0105872, 1e-07, 0.2386595, 0.0294505, 0.8548898, 950.8710938, 0, 5e-07, 0, 0.0001979, 0.0002552, 1.91e-05, 0.2923852, 0.0251891, 0.6981414, 475.4355469, 0, 1.1e-06, 0, 0.0004427, 0.0007479, 3e-07, 0.2777286, 0.0158323, 0.9864884, 855.7838135, 0, 0, 0, 0.0001126, 0.0001756, 3e-07, 0.690852, 0.0146263, 0.8965342, 570.5223389, 1e-07, 7e-07, 0, 3.78e-05, 6.65e-05, 8.21e-05, 1.034263, 0.0443189, 0.8377743, 950.8710938, 0, 0, 0, 2.11e-05, 4.37e-05, 0, 0.3496049, 0.0258268, 1.0438199, 1045.9571533, 0, 0, 0, 1e-07, 1e-07, 0, 0.1892409, 0.0053933, 0.5598863, 570.5223389, 2.75e-05, 0.001653, 7.1e-06, 0.0014726, 0.0021738, 0.0001034, 0.3673223, 0.0363227, 1.0518115, 1521.3936768, 0, 0, 0, 8.15e-05, 0.0001213, 1.51e-05, 0.4036801, 0.0319033, 0.9065362, 665.6098633, 0, 0, 0, 0.000204, 0.0003882, 3.6e-05, 0.4564413, 0.0484807, 1.0409504, 1141.0446777, 0, 0, 0, 9.79e-05, 0.0001582, 0, 0.9190693, 0.0384846, 0.8474557, 760.6968384]]",18.68354283296503,,results/phase3/hybrid_smoke/qci/pglib_case14_ieee__hybrid__pcc_failure_BUS3_MG-BUS4_MG__from__pcc_failure_BUS3_MG-BUS4_MG-BUS9_MG/repeat_000/request.json,results/phase3/hybrid_smoke/qci/pglib_case14_ieee__hybrid__pcc_failure_BUS3_MG-BUS4_MG__from__pcc_failure_BUS3_MG-BUS4_MG-BUS9_MG/repeat_000/response.json
results/phase3/hybrid/qci_payloads/pglib_case14_ieee__hybrid__pcc_failure_BUS3_MG-BUS4_MG__from__pcc_failure_BUS3_MG-BUS4_MG-BUS9_MG.json,1,6a5810a408442f441bbb1812,COMPLETED,[-40099.0820312],"[[0, 0.0001974, 1.68e-05, 0.0014194, 0.2423358, 4.32e-05, 3.22e-05, 4.48e-05, 1.39e-05, 0.1955084, 8.17e-05, 0.8377364, 706.7321167, 0, 0, 0, 0, 0, 0, 0.2953359, 0.0001652, 0.8665543, 618.3919678, 0, 0, 0, 1.36e-05, 2.52e-05, 0, 0.1896944, 6.75e-05, 0.9521894, 883.4168091, 0, 0, 0, 0, 0, 0, 1.5828024, 0.0001467, 0.9482827, 1236.7839355, 0, 0, 0, 0.0003795, 0.0004807, 0, 0.3423275, 0.0001829, 1.06777, 883.4168091, 0, 0, 0, 1e-07, 2e-07, 0, 0.964191, 0.0001519, 1.0615824, 1148.4399414, 0, 0, 0, 6e-07, 6e-07, 0, 0.1460738, 0.0001462, 0.9127641, 618.3919678, 0, 0, 0, 0, 0, 0, 0.4565067, 0.0002188, 0.737989, 618.3919678, 0, 0, 0, 0.0002363, 0.000258, 0, 0.0006203, 0.0004232, 1.0290415, 883.4168091, 0, 0, 0, 9.96e-05, 0.0001031, 0, 0.1650601, 0.0002142, 0.9560393, 1236.7839355, 0, 0, 0, 1e-07, 1e-07, 0, 0.8825919, 0.002337, 1.0320086, 530.0495605, 0, 1e-07, 0, 0.0002314, 0.0001953, 0, 0.6017929, 0.0004639, 0.916787, 618.3919678]]",34.06339295790531,,results/phase3/hybrid_smoke/qci/pglib_case14_ieee__hybrid__pcc_failure_BUS3_MG-BUS4_MG__from__pcc_failure_BUS3_MG-BUS4_MG-BUS9_MG/repeat_001/request.json,results/phase3/hybrid_smoke/qci/pglib_case14_ieee__hybrid__pcc_failure_BUS3_MG-BUS4_MG__from__pcc_failure_BUS3_MG-BUS4_MG-BUS9_MG/repeat_001/response.json
results/phase3/hybrid/qci_payloads/pglib_case14_ieee__hybrid__pcc_failure_BUS3_MG-BUS4_MG__from__pcc_failure_BUS3_MG-BUS4_MG-BUS9_MG.json,2,6a5810a408442f441bbb1818,COMPLETED,[-40064.4375],"[[0, 0.1731019, 0.0038583, 5.26e-05, 0.0215267, 4.5e-06, 9.34e-05, 0.0002138, 1e-07, 0.0246109, 8.83e-05, 0.8498766, 433.9789734, 0, 3e-07, 0, 1.1e-06, 1.7e-06, 0, 0.4937361, 1.78e-05, 0.9926966, 867.9579468, 0, 0, 0, 3e-07, 4e-07, 0, 0.3803526, 3.1e-05, 0.8431327, 759.4634399, 0, 0, 0, 0, 0, 0, 0.2934165, 4.19e-05, 0.71099, 433.9789734, 0, 0, 0, 0.0142003, 0.0563183, 0, 0.004256, 7.19e-05, 1.0328329, 1084.9486084, 0, 0, 0, 2e-07, 3e-07, 0, 1.6983676, 7.74e-05, 1.0018167, 976.4542236, 0, 0, 0, 5.5e-06, 7.7e-06, 5e-06, 0.00015, 2.67e-05, 1.061182, 759.4634399, 0, 0, 0, 6e-07, 1.3e-06, 0, 1.5584601, 4.06e-05, 0.9776843, 867.9579468, 0, 0, 0, 0, 0, 0, 0.2112896, 1.83e-05, 0.6999339, 542.4743042, 0, 0, 0, 3e-07, 3e-07, 0, 1.5204341, 5.14e-05, 1.0828817, 976.4542236, 0, 0, 0, 0, 0, 0, 0.4141504, 5.02e-05, 1.1532874, 1518.9268799, 0, 0, 0, 0, 0, 0, 0.3496089, 3.59e-05, 0.8521826, 759.4634399]]",49.87198783410713,,results/phase3/hybrid_smoke/qci/pglib_case14_ieee__hybrid__pcc_failure_BUS3_MG-BUS4_MG__from__pcc_failure_BUS3_MG-BUS4_MG-BUS9_MG/repeat_002/request.json,results/phase3/hybrid_smoke/qci/pglib_case14_ieee__hybrid__pcc_failure_BUS3_MG-BUS4_MG__from__pcc_failure_BUS3_MG-BUS4_MG-BUS9_MG/repeat_002/response.json
results/phase3/hybrid/qci_payloads/pglib_case14_ieee__hybrid__pcc_failure_BUS3_MG-BUS4_MG__from__pcc_failure_BUS3_MG-BUS4_MG-BUS9_MG.json,3,6a5810a508442f441bbb181e,COMPLETED,[-40083.1484375],"[[0, 0.0015712, 9.4e-06, 0.0016745, 0.0660342, 1.26e-05, 1e-05, 1.58e-05, 2.14e-05, 0.5423718, 0.0002087, 0.9110094, 735.5733032, 0, 2.1e-06, 0, 5e-07, 1.1e-06, 0, 0.0279025, 0.0001722, 0.8407637, 525.4099731, 0, 0, 0, 1e-07, 1e-07, 0, 0.0420548, 4.23e-05, 0.9049874, 735.5733032, 0, 0, 0, 0.0007013, 0.0164495, 0.0040541, 0.0265489, 0.0004269, 0.982444, 1260.9836426, 0, 0, 0, 0, 0, 0, 0.5917011, 7.31e-05, 1.0178056, 1155.9040527, 0, 0, 0, 2e-07, 1e-07, 0, 1.864259, 0.0001309, 0.7921712, 420.328186, 0, 0, 0, 0, 0, 0, 0.1501108, 3.69e-05, 0.8038173, 735.5733032, 0, 0, 0, 0, 0, 0, 1.0588099, 0.0010155, 1.1686461, 1155.9040527, 0, 0, 0, 4e-07, 6e-07, 0, 0.6672862, 0.0001433, 1.0310984, 735.5733032, 0, 4e-07, 0, 3.85e-05, 0.0001514, 0, 0.1647812, 5.93e-05, 0.8688383, 735.5733032, 0, 0, 0, 1.58e-05, 1.03e-05, 4e-07, 0.2040907, 2.19e-05, 1.0287102, 1260.9836426, 0, 0, 0, 0, 0, 0, 0.4446631, 0.0001379, 0.9810685, 525.4099731]]",65.7799333750736,,results/phase3/hybrid_smoke/qci/pglib_case14_ieee__hybrid__pcc_failure_BUS3_MG-BUS4_MG__from__pcc_failure_BUS3_MG-BUS4_MG-BUS9_MG/repeat_003/request.json,results/phase3/hybrid_smoke/qci/pglib_case14_ieee__hybrid__pcc_failure_BUS3_MG-BUS4_MG__from__pcc_failure_BUS3_MG-BUS4_MG-BUS9_MG/repeat_003/response.json
results/phase3/hybrid/qci_payloads/pglib_case14_ieee__hybrid__pcc_failure_BUS3_MG-BUS4_MG__from__pcc_failure_BUS3_MG-BUS4_MG-BUS9_MG.json,4,6a5810c508442f441bbb1825,COMPLETED,[-40132.9140625],"[[0, 0.7670448, 0.0394995, 0, 1e-06, 0, 0.0139631, 0.032808, 0, 0.4124299, 0.0001438, 1.1093566, 858.5543213, 0, 0, 0, 1.29e-05, 4.37e-05, 0, 0.2915589, 2.51e-05, 0.683522, 429.2771606, 0, 0, 0, 0.0646305, 0.1966698, 0, 0.1718651, 3.21e-05, 0.9278518, 751.2363281, 0, 6e-07, 0, 0.0003841, 0.0007033, 2e-07, 0.9087855, 4.85e-05, 0.9374698, 1073.1953125, 0, 0, 0, 0.0001279, 0.0006585, 0, 0.5550991, 5.89e-05, 0.9838645, 858.5543213, 0, 0, 0, 1.2e-05, 1.63e-05, 0, 0.5138727, 2.89e-05, 0.8928635, 751.2363281, 0, 0, 0, 3e-07, 1e-07, 0, 0.916055, 4.28e-05, 0.9019822, 858.5543213, 0, 0, 0, 0.0031927, 0.0058927, 0.0056787, 0.4150338, 5.99e-05, 1.0449536, 751.2363281, 0, 0, 0, 1e-07, 1e-07, 0, 0.1089376, 2.86e-05, 0.9016316, 965.8746338, 0, 0, 0, 7.5e-06, 1.25e-05, 0, 0.5282412, 4.59e-05, 1.2004764, 1287.8336182, 0, 0, 0, 0, 0, 0, 1.166194, 2.17e-05, 0.8042581, 536.5976562, 0, 0, 0, 0.0001341, 0.0001111, 0, 0.832619, 6e-05, 0.9540907, 858.5543213]]",96.50245512509719,,results/phase3/hybrid_smoke/qci/pglib_case14_ieee__hybrid__pcc_failure_BUS3_MG-BUS4_MG__from__pcc_failure_BUS3_MG-BUS4_MG-BUS9_MG/repeat_004/request.json,results/phase3/hybrid_smoke/qci/pglib_case14_ieee__hybrid__pcc_failure_BUS3_MG-BUS4_MG__from__pcc_failure_BUS3_MG-BUS4_MG-BUS9_MG/repeat_004/response.json
results/phase3/hybrid/qci_payloads/pglib_case14_ieee__hybrid__pcc_failure_BUS3_MG-BUS4_MG__from__pcc_failure_BUS3_MG-BUS4_MG-BUS9_MG.json,5,6a5810d508442f441bbb182b,COMPLETED,[-40089.6132812],"[[3e-07, 0.0002042, 2.13e-05, 3.75e-05, 0.000568, 1.77e-05, 0.0015711, 0.0019143, 0.0001885, 0.2953512, 0.1069439, 0.8132392, 743.4888916, 0, 2e-07, 0, 0.0223271, 0.0276939, 4.1e-06, 0.2929064, 0.035743, 0.8847015, 743.4888916, 0, 0, 0, 0.0006384, 0.0012654, 0, 0.4183458, 0.0483933, 1.004692, 1062.1256104, 0, 9e-07, 0, 2.5e-06, 3.2e-06, 1.8e-06, 0.9812322, 0.0140145, 0.3551182, 531.0628052, 0, 0, 0, 1.38e-05, 1.52e-05, 3.6e-06, 0.5877995, 0.0063115, 0.3816638, 1062.1256104, 0, 0, 0, 0.0006196, 0.000692, 0, 0.162273, 0.097148, 0.8005729, 531.0628052, 0.0001357, 9.9e-06, 4.53e-05, 0.0206135, 0.0258444, 0.0498726, 0.0479112, 0.0524994, 0.8594995, 955.9128418, 0, 0, 0, 0.0009941, 0.0011188, 1.1e-06, 0.5349956, 0.0593344, 1.0347806, 849.7009888, 0, 0, 0, 0.0001622, 0.0004908, 8.4e-06, 1.0783072, 0.029581, 0.8343137, 531.0628052, 0, 0, 0, 0.0048336, 0.0183801, 5e-07, 0.5912367, 0.0090755, 0.6232688, 955.9128418, 0, 0, 0, 0.0021279, 0.00187, 0, 0.4049656, 0.0423523, 0.8459679, 849.7009888, 0, 0, 0, 0.000153, 0.0003431, 3e-06, 1.1429073, 0.0103907, 0.3442996, 1168.3370361]]",80.73749570804648,,results/phase3/hybrid_smoke/qci/pglib_case14_ieee__hybrid__pcc_failure_BUS3_MG-BUS4_MG__from__pcc_failure_BUS3_MG-BUS4_MG-BUS9_MG/repeat_005/request.json,results/phase3/hybrid_smoke/qci/pglib_case14_ieee__hybrid__pcc_failure_BUS3_MG-BUS4_MG__from__pcc_failure_BUS3_MG-BUS4_MG-BUS9_MG/repeat_005/response.json
results/phase3/hybrid/qci_payloads/pglib_case14_ieee__hybrid__pcc_failure_BUS3_MG-BUS4_MG__from__pcc_failure_BUS3_MG-BUS4_MG-BUS9_MG.json,6,6a5810e608442f441bbb182f,COMPLETED,[-40094.2851562],"[[0, 0.0070358, 0.0005208, 1.14e-05, 0.0016529, 9e-07, 2.5e-06, 5e-06, 8e-07, 0.3664258, 0.00012, 0.9337034, 732.5768433, 0, 0, 0, 0, 1e-07, 0, 0.1465505, 4.82e-05, 0.5177783, 183.1442108, 0, 3.6e-06, 0, 6.38e-05, 0.0001561, 0, 0.8803169, 0.0001339, 0.7537258, 457.8599854, 0, 0, 0, 0.0064355, 0.0047128, 0, 1.2965795, 5.57e-05, 1.1238127, 1098.8652344, 0, 0, 0, 7.4e-06, 5.55e-05, 0, 1.0968927, 5.8e-05, 0.9712251, 915.7199707, 0, 0, 0, 4.05e-05, 4.48e-05, 0, 0.4297101, 0.0002013, 0.9078613, 1007.2928467, 0, 0, 0, 1e-07, 2e-07, 0, 0.8686689, 0.0004598, 0.9246208, 1190.4365234, 0, 0, 0, 0, 0, 0, 0.6288868, 0.0001363, 1.0035049, 824.1482544, 0, 0, 0, 1.18e-05, 2.66e-05, 3.2e-06, 0.0021561, 0.0001655, 1.0014688, 824.1482544, 0, 0, 0, 3e-07, 3e-07, 0, 0.3412801, 0.0002332, 1.1751646, 1007.2928467, 0, 0, 0, 1e-07, 1e-07, 0, 0.6821434, 0.0003305, 0.8577536, 824.1482544, 0, 0, 0, 0, 0, 0, 0.6670064, 0.0001082, 1.0473359, 915.7199707]]",82.19135691598058,,results/phase3/hybrid_smoke/qci/pglib_case14_ieee__hybrid__pcc_failure_BUS3_MG-BUS4_MG__from__pcc_failure_BUS3_MG-BUS4_MG-BUS9_MG/repeat_006/request.json,results/phase3/hybrid_smoke/qci/pglib_case14_ieee__hybrid__pcc_failure_BUS3_MG-BUS4_MG__from__pcc_failure_BUS3_MG-BUS4_MG-BUS9_MG/repeat_006/response.json
results/phase3/hybrid/qci_payloads/pglib_case14_ieee__hybrid__pcc_failure_BUS3_MG-BUS4_MG__from__pcc_failure_BUS3_MG-BUS4_MG-BUS9_MG.json,7,6a5810f608442f441bbb1837,COMPLETED,[-40106.5351562],"[[0, 0.0002119, 8e-06, 3.4e-06, 8.27e-05, 2e-07, 3.79e-05, 1.37e-05, 4e-06, 0.3242288, 0.0004928, 0.8037248, 823.4544678, 0, 0, 0, 2.6e-06, 4e-06, 0, 0.0046421, 0.0002669, 0.9338923, 1029.3162842, 0, 0, 0, 0, 0, 0, 0.2856316, 0.0008188, 1.0825233, 1235.1794434, 0, 0, 0, 0, 0, 0, 0.5458787, 0.000751, 0.9574056, 1029.3162842, 0, 0, 0, 0, 0, 0, 0.0437115, 0.0009284, 0.9930203, 926.3843994, 0, 0, 0, 1.1e-06, 5e-07, 0.0002602, 0.0004417, 0.0004721, 0.7097849, 411.7272339, 0, 0, 0, 0, 0, 0, 0.0333909, 0.0001253, 0.5974476, 205.8636169, 0, 1e-07, 0, 2.33e-05, 2.34e-05, 0, 0.753849, 0.0007188, 1.110347, 1029.3162842, 0, 0, 0, 0, 0, 0, 0.0226025, 0.0003167, 1.0931783, 1338.1120605, 0, 0, 0, 0, 0, 0, 0.9420531, 0.000703, 0.8189201, 514.6581421, 0, 0, 0, 0, 0, 0, 0.9105923, 0.0008815, 1.1425238, 823.4544678, 0, 0, 0, 1.29e-05, 9.3e-06, 0, 0.6615155, 0.0006015, 0.8478816, 617.5897217]]",81.62739891605452,,results/phase3/hybrid_smoke/qci/pglib_case14_ieee__hybrid__pcc_failure_BUS3_MG-BUS4_MG__from__pcc_failure_BUS3_MG-BUS4_MG-BUS9_MG/repeat_007/request.json,results/phase3/hybrid_smoke/qci/pglib_case14_ieee__hybrid__pcc_failure_BUS3_MG-BUS4_MG__from__pcc_failure_BUS3_MG-BUS4_MG-BUS9_MG/repeat_007/response.json
results/phase3/hybrid/qci_payloads/pglib_case14_ieee__hybrid__pcc_failure_BUS3_MG-BUS4_MG__from__pcc_failure_BUS3_MG-BUS4_MG-BUS9_MG.json,8,6a58113608442f441bbb1840,COMPLETED,[-40108.8320312],"[[0, 0.0003385, 7e-06, 0, 2e-07, 0, 3.9e-06, 5.1e-06, 0, 0.0280955, 0.000252, 0.6092795, 416.0103149, 0, 0, 0, 6.88e-05, 0.0002197, 1e-07, 0.4416149, 0.000107, 0.9323986, 936.0230103, 0, 0, 0, 1e-07, 1e-07, 0, 0.2803022, 0.0001377, 0.9234731, 832.0206299, 0, 0, 0, 1e-07, 2e-07, 0, 0.4982823, 0.0001836, 0.9465616, 832.0206299, 0, 0, 0, 5.9e-06, 7.6e-06, 0, 0.2634068, 0.0007113, 0.9329963, 832.0206299, 0, 0, 0, 0, 0, 0, 0.316463, 0.0001508, 0.9614208, 1352.0367432, 0, 0, 0, 0, 0, 0, 0.0713747, 0.0001439, 1.0242245, 936.0230103, 0, 0, 0, 0, 0, 0, 0.8007608, 8.37e-05, 0.723619, 208.0051575, 0, 0, 0, 0, 0, 0, 0.6893031, 6.49e-05, 1.0316701, 936.0230103, 0, 0, 0, 0, 0, 0, 1.2025571, 0.0005357, 0.9741725, 832.0206299, 0, 0, 0, 1.6e-06, 5.1e-06, 0, 0.0273611, 0.0001257, 1.0610123, 1144.0284424, 0, 0, 0, 7e-07, 9e-07, 0, 0.0579293, 0.0002454, 0.9480931, 728.0170898]]",79.86460433411412,,results/phase3/hybrid_smoke/qci/pglib_case14_ieee__hybrid__pcc_failure_BUS3_MG-BUS4_MG__from__pcc_failure_BUS3_MG-BUS4_MG-BUS9_MG/repeat_008/request.json,results/phase3/hybrid_smoke/qci/pglib_case14_ieee__hybrid__pcc_failure_BUS3_MG-BUS4_MG__from__pcc_failure_BUS3_MG-BUS4_MG-BUS9_MG/repeat_008/response.json
results/phase3/hybrid/qci_payloads/pglib_case14_ieee__hybrid__pcc_failure_BUS3_MG-BUS4_MG__from__pcc_failure_BUS3_MG-BUS4_MG-BUS9_MG.json,9,6a58113708442f441bbb1844,COMPLETED,[-40105.609375],"[[0, 1e-06, 0, 0, 1e-07, 0, 2.83e-05, 6.28e-05, 1.99e-05, 0.3133148, 0.0002401, 0.9488819, 942.0043335, 0, 0, 0, 3e-06, 9.9e-06, 1.29e-05, 0.0861366, 0.0006163, 0.981643, 942.0043335, 0, 0, 0, 1.3e-05, 2.16e-05, 0, 0.6161471, 0.0001133, 1.0106534, 1036.2019043, 0, 0, 0, 1e-07, 1e-07, 0, 0.0171324, 7.77e-05, 0.9093535, 1224.6022949, 0, 0, 0, 1e-07, 5e-07, 0, 0.5524469, 0.0001721, 0.901445, 847.802002, 0, 0, 0, 0, 0, 0, 0.0604779, 0.000277, 0.8773923, 565.2015381, 0, 0, 0, 0, 0, 0, 0.2579486, 7.5e-05, 1.0653751, 565.2015381, 0, 0, 0, 9.1e-06, 6.3e-06, 0, 0.0135396, 6.29e-05, 0.9442822, 471.0021667, 0, 0, 0, 1e-07, 2e-07, 1e-07, 1.320109, 0.0005326, 0.854187, 753.602478, 0, 0, 0, 1e-07, 1e-07, 0, 0.0054935, 0.0004361, 0.9968144, 753.602478, 0, 0, 0, 6.72e-05, 0.0001888, 4.34e-05, 0.1322393, 0.0007797, 0.8866743, 753.602478, 0, 0, 0, 0.0002053, 0.000164, 1.01e-05, 5.77e-05, 0.0003254, 1.0141903, 1130.4030762]]",79.44872233411297,,results/phase3/hybrid_smoke/qci/pglib_case14_ieee__hybrid__pcc_failure_BUS3_MG-BUS4_MG__from__pcc_failure_BUS3_MG-BUS4_MG-BUS9_MG/repeat_009/request.json,results/phase3/hybrid_smoke/qci/pglib_case14_ieee__hybrid__pcc_failure_BUS3_MG-BUS4_MG__from__pcc_failure_BUS3_MG-BUS4_MG-BUS9_MG/repeat_009/response.json
results/phase3/hybrid/qci_payloads/pglib_case5_pjm__hybrid__pcc_failure_BUS3_MG-BUS4_MG.json,0,6a5810a308442f441bbb180d,COMPLETED,[-40084.6445312],"[[3e-07, 0.2345472, 0.0093587, 0.0031684, 0.2364279, 0.0003481, 0.0001429, 0.000499, 7.49e-05, 0.277039, 0.0005321, 0.9441808, 938.1235962, 0, 0, 0, 0.273623, 1.5569155, 0, 1.0289056, 0.0002966, 0.9382334, 767.5549927, 0, 0, 0, 0.0008767, 0.0035764, 0, 0.7294365, 0.00052, 0.98834, 852.838501, 0, 0, 0, 5.39e-05, 0.0005777, 0, 0.3167838, 0.0001178, 0.7198762, 511.7034302, 0, 2.8e-06, 0, 0.0146469, 0.1005844, 0, 1.2175764, 0.0002832, 1.0661974, 682.2713013, 0, 0, 0, 0.0180583, 0.0959879, 0, 0.2103125, 0.0005827, 0.9333998, 1193.9748535, 0, 0, 0, 0.0012622, 0.0194279, 0.0159879, 0.5669667, 0.0011175, 0.968821, 1108.6906738, 0, 0, 0, 0, 8e-07, 0, 0.8110335, 0.0002599, 0.9699414, 1108.6906738, 0, 0, 0, 0.0001464, 0.0019764, 0, 1.1644254, 0.0002672, 1.0042093, 852.838501, 0, 0, 0, 0.0048679, 0.1198016, 0, 0.3760022, 0.0001474, 1.0237551, 682.2713013, 0.0010734, 2.7e-06, 5.75e-05, 0.0001608, 0.0009357, 0.0001216, 6.4e-05, 0.0001177, 0.8680527, 426.4192505, 2.7e-06, 1.5e-06, 2e-07, 0.0006, 0.0058577, 0.0013798, 1.0501062, 0.0002388, 0.8819976, 852.838501]]",34.10811695805751,,results/phase3/hybrid_smoke/qci/pglib_case5_pjm__hybrid__pcc_failure_BUS3_MG-BUS4_MG/repeat_000/request.json,results/phase3/hybrid_smoke/qci/pglib_case5_pjm__hybrid__pcc_failure_BUS3_MG-BUS4_MG/repeat_000/response.json
results/phase3/hybrid/qci_payloads/pglib_case5_pjm__hybrid__pcc_failure_BUS3_MG-BUS4_MG.json,1,6a5810a408442f441bbb1814,COMPLETED,[-40067.796875],"[[1e-07, 0.125535, 0.0064526, 2.71e-05, 0.0025866, 1.6e-06, 5.84e-05, 0.0002079, 1e-07, 0.0029679, 2.97e-05, 0.7731481, 402.4547424, 0, 0, 0, 3.02e-05, 0.0002642, 0, 0.0265952, 9.65e-05, 1.0397898, 1368.345459, 0, 0, 0, 0, 1e-07, 0, 0.4389413, 9.15e-05, 0.8858963, 1046.3813477, 0, 0, 0, 1e-07, 4e-07, 0, 1.7002455, 3.1e-05, 0.7640414, 643.9267578, 0, 0, 0, 2e-07, 1e-06, 0, 0.9495115, 9.54e-05, 0.9878138, 804.9094849, 0, 0, 0, 1.91e-05, 0.000152, 0, 0.3139068, 0.0002774, 1.0304654, 1287.8535156, 0, 0, 0, 0, 0, 0, 0.3153084, 0.0001762, 1.2305561, 724.4177856, 0, 0, 0, 0, 6e-07, 0, 1.8565437, 0.0001163, 1.0398217, 1126.8731689, 0, 0, 0, 4e-07, 1.71e-05, 0, 0.1449354, 7.26e-05, 0.9236756, 643.9267578, 0, 0, 0, 0.0116156, 0.1981563, 0, 0.732368, 0.0001323, 0.8690067, 482.9454346, 0, 0, 0, 0.000342, 0.0065656, 0, 0.4268113, 6.08e-05, 0.9111173, 563.4365845, 0, 0, 0, 0.0022758, 0.0238852, 0, 0.4403188, 4.14e-05, 0.9455832, 885.4000244]]",49.39789470820688,,results/phase3/hybrid_smoke/qci/pglib_case5_pjm__hybrid__pcc_failure_BUS3_MG-BUS4_MG/repeat_001/request.json,results/phase3/hybrid_smoke/qci/pglib_case5_pjm__hybrid__pcc_failure_BUS3_MG-BUS4_MG/repeat_001/response.json
results/phase3/hybrid/qci_payloads/pglib_case5_pjm__hybrid__pcc_failure_BUS3_MG-BUS4_MG.json,2,6a5810a408442f441bbb1819,COMPLETED,[-40103.0351562],"[[0, 0.0001503, 5.65e-05, 3.58e-05, 4e-07, 8.2e-06, 0.0027624, 0.0073696, 0.0156646, 0.0088403, 0.0174178, 1.0942043, 1728.1123047, 0, 0, 0, 0, 0, 0, 0.162912, 0.0100284, 0.5925471, 480.0317078, 0, 0, 0, 1e-06, 1.16e-05, 0, 0.0077123, 0.0068263, 0.9498301, 864.0561523, 0, 0, 0, 1.6e-06, 4.8e-06, 0, 0.2942889, 0.0061149, 0.9851606, 960.0634155, 0, 0, 0, 0, 0, 0, 0.8264112, 0.0224848, 1.0303067, 1248.0820312, 0, 0, 0, 1.7e-06, 5.2e-06, 2e-07, 0.3533393, 0.0101736, 0.7950296, 576.0374146, 0, 0, 0, 0.0026013, 0.0082565, 0.0007668, 0.0008727, 0.0054289, 0.6177467, 576.0374146, 0, 0, 0, 6.9e-05, 0.0001697, 2.38e-05, 0.3278906, 0.0289408, 0.8197244, 480.0317078, 0, 0, 0, 0.0011989, 0.0038388, 0.0005525, 0.1163086, 0.0073171, 0.8680268, 576.0374146, 0, 0, 0, 4.47e-05, 0.00026, 5.28e-05, 0.4660765, 0.0153152, 1.1163303, 1152.0748291, 0, 0, 0, 0, 1e-07, 0, 1.3230877, 0.0058827, 0.9107168, 768.0519409, 0, 0, 0, 0.0002793, 0.0010542, 0, 0.474352, 0.0086886, 1.0157415, 576.0374146]]",49.4317509168759,,results/phase3/hybrid_smoke/qci/pglib_case5_pjm__hybrid__pcc_failure_BUS3_MG-BUS4_MG/repeat_002/request.json,results/phase3/hybrid_smoke/qci/pglib_case5_pjm__hybrid__pcc_failure_BUS3_MG-BUS4_MG/repeat_002/response.json
results/phase3/hybrid/qci_payloads/pglib_case5_pjm__hybrid__pcc_failure_BUS3_MG-BUS4_MG.json,3,6a5810a508442f441bbb1820,COMPLETED,[-40122.0078125],"[[0, 4.44e-05, 1.3e-06, 0, 1.6e-06, 0, 7.1e-06, 6.75e-05, 2e-07, 0.1820195, 0.0002282, 0.8786002, 713.2310181, 0, 0, 0, 1e-07, 5e-07, 0, 0.2117637, 9.79e-05, 0.7852668, 237.7437439, 1.45e-05, 0.2225971, 7e-07, 3.3e-06, 1.15e-05, 0, 0.0194192, 0.0001859, 0.8925118, 832.1037598, 0, 0, 0, 2e-07, 2e-06, 0, 0.8602263, 7.57e-05, 0.9161963, 594.3591309, 1e-06, 1e-07, 0, 0.0057724, 0.0458706, 0.0079705, 0.0730287, 0.0001626, 0.7436625, 475.4874878, 0, 0, 0, 7.24e-05, 0.0004454, 1e-07, 0.124783, 7.64e-05, 0.8865674, 713.2310181, 0, 0, 0, 1.7e-06, 0.0001103, 0, 0.0250992, 7.59e-05, 0.9585176, 950.9749756, 0, 0, 0, 0, 0, 0, 0.3656383, 0.0001271, 1.1370203, 1426.4620361, 0, 0, 0, 1e-07, 1.4e-06, 0, 0.6313206, 0.0004243, 0.9728131, 1069.8461914, 0, 0, 0, 0, 0, 0, 0.4422002, 0.0001729, 0.8941122, 950.9749756, 0, 0, 0, 0, 0, 0, 0.0042211, 9.93e-05, 1.055122, 950.9749756, 0, 0, 0, 0, 0, 0, 0.3909229, 0.0001442, 1.0289235, 1069.8461914]]",65.83204620797187,,results/phase3/hybrid_smoke/qci/pglib_case5_pjm__hybrid__pcc_failure_BUS3_MG-BUS4_MG/repeat_003/request.json,results/phase3/hybrid_smoke/qci/pglib_case5_pjm__hybrid__pcc_failure_BUS3_MG-BUS4_MG/repeat_003/response.json
results/phase3/hybrid/qci_payloads/pglib_case5_pjm__hybrid__pcc_failure_BUS3_MG-BUS4_MG.json,4,6a5810d408442f441bbb1826,COMPLETED,[-40114.8398438],"[[0, 0.0003178, 4.7e-06, 2.3e-06, 0.0001059, 1e-07, 1.38e-05, 0.0001107, 2e-07, 0.1972353, 6.84e-05, 0.9792414, 774.6120605, 0, 0, 0, 5e-07, 5e-06, 0, 0.6754239, 4.93e-05, 0.9316325, 946.7449951, 0, 0, 0, 0.000659, 0.0043876, 4.28e-05, 4.37e-05, 6.02e-05, 0.802395, 688.5426636, 0, 0, 0, 0.0005193, 0.0083775, 0, 0.2788, 4.05e-05, 0.9399038, 258.2036743, 9e-07, 6.2e-06, 1e-07, 0.0113619, 0.130637, 7.51e-05, 0.1371275, 2.07e-05, 0.716267, 344.2713318, 3e-07, 4.49e-05, 0, 4.24e-05, 0.0005554, 0, 0.2094168, 3.09e-05, 0.9285635, 946.7449951, 0, 0, 0, 1e-07, 1.6e-06, 0, 0.2743278, 1.66e-05, 0.7625337, 602.4754028, 0, 0, 0, 0.0014019, 0.045509, 0.0031759, 0.2800277, 4.91e-05, 1.0101088, 860.6784058, 0, 0, 0, 1.4e-06, 1.83e-05, 0, 0.4635317, 4.84e-05, 0.9427018, 774.6120605, 0, 0, 0, 4e-07, 1.15e-05, 0, 1.0536152, 4.65e-05, 1.0684502, 1549.2241211, 0, 0, 0, 0, 2e-07, 0, 0.1967225, 5.38e-05, 1.0875909, 1118.8798828, 0, 0, 0, 5.7e-06, 3.99e-05, 0, 0.987315, 8.25e-05, 0.9997537, 1118.8798828]]",81.1848089590203,,results/phase3/hybrid_smoke/qci/pglib_case5_pjm__hybrid__pcc_failure_BUS3_MG-BUS4_MG/repeat_004/request.json,results/phase3/hybrid_smoke/qci/pglib_case5_pjm__hybrid__pcc_failure_BUS3_MG-BUS4_MG/repeat_004/response.json
results/phase3/hybrid/qci_payloads/pglib_case5_pjm__hybrid__pcc_failure_BUS3_MG-BUS4_MG.json,5,6a5810e508442f441bbb182d,COMPLETED,[-40049.9960938],"[[0, 0.1239544, 0.0045601, 0, 2.1e-06, 0, 1.1e-06, 4.4e-06, 0, 2.4835162, 4.87e-05, 0.9161118, 868.0360718, 0, 0, 0, 0, 1e-07, 0, 0.0487694, 8.49e-05, 0.9357652, 651.0256958, 0, 0, 0, 5e-06, 6.14e-05, 0, 0.0393731, 0.0002313, 0.8906717, 542.5228271, 0, 0, 0, 0.002098, 0.0193593, 0, 0.2636683, 0.0002315, 1.0539689, 651.0256958, 0, 0, 0, 0.0013275, 0.0234797, 0, 0.153068, 8.77e-05, 1.0837705, 651.0256958, 0, 0, 0, 7e-07, 1.07e-05, 0, 0.1987984, 0.0001423, 1.0040538, 1193.5494385, 0, 0, 0, 0, 0, 0, 0.2647568, 6.48e-05, 0.9535404, 868.0360718, 0, 0, 0, 0, 0, 0, 1.0012373, 6.18e-05, 0.8379425, 976.5401001, 0, 0, 0, 4.5e-06, 7.61e-05, 2.1e-06, 0.0246359, 0.0001753, 1.0305961, 1085.0456543, 0, 0, 0, 4e-07, 1.04e-05, 0, 1.0665196, 0.0001289, 0.6964114, 434.0180359, 0, 0, 0, 4.6e-06, 0.0001005, 0, 0.2155028, 0.0001162, 1.0224133, 1193.5494385, 0, 0, 0, 0, 1e-07, 0, 0.2766738, 8.39e-05, 0.9510606, 868.0360718]]",80.857920832932,,results/phase3/hybrid_smoke/qci/pglib_case5_pjm__hybrid__pcc_failure_BUS3_MG-BUS4_MG/repeat_005/request.json,results/phase3/hybrid_smoke/qci/pglib_case5_pjm__hybrid__pcc_failure_BUS3_MG-BUS4_MG/repeat_005/response.json
results/phase3/hybrid/qci_payloads/pglib_case5_pjm__hybrid__pcc_failure_BUS3_MG-BUS4_MG.json,6,6a5810e608442f441bbb1831,COMPLETED,[-40125.3320312],"[[0, 0.5541303, 0.0078801, 0.0018589, 0.0197796, 1.91e-05, 0.000418, 0.0033196, 1.3e-06, 0.0133744, 7.3e-06, 0.8916271, 790.6494751, 0, 0, 0, 1.21e-05, 7.63e-05, 0, 0.8430013, 1.42e-05, 1.0241448, 1087.1403809, 0, 0, 0, 3.2e-06, 5.21e-05, 0, 1.0666285, 1.96e-05, 1.0076708, 1185.9760742, 0, 0, 0, 4.1e-06, 0.0001302, 0, 0.4893681, 2.22e-05, 0.9506035, 988.3113403, 0, 0, 0, 0.0001594, 0.0027204, 1.4e-06, 2.49e-05, 7.1e-06, 0.8088324, 494.1556702, 2e-07, 0, 0, 0.0020301, 0.0078475, 0.0417991, 0.1982868, 2.14e-05, 0.9354128, 1284.8037109, 0, 0, 0, 5e-07, 7e-06, 0, 0.2132757, 1.25e-05, 1.0332754, 494.1556702, 0, 8.6e-06, 0, 1.2e-05, 0.0004331, 1e-07, 1.1078942, 9.9e-06, 0.8789364, 592.9880371, 0, 1e-07, 0, 4.28e-05, 0.0018004, 0, 0.040036, 7.8e-06, 1.0893452, 790.6494751, 0, 0, 0, 1e-07, 5.6e-06, 0, 0.7537125, 5.4e-06, 0.6013164, 197.6623688, 0.0369575, 0.0130054, 0.0004443, 0.0137926, 0.2932519, 0.0084906, 0.329744, 8e-06, 1.0299144, 1284.8037109, 0, 0, 0, 9e-07, 2.72e-05, 3e-07, 0.8052656, 1.47e-05, 0.9339841, 790.6494751]]",81.163442207966,,results/phase3/hybrid_smoke/qci/pglib_case5_pjm__hybrid__pcc_failure_BUS3_MG-BUS4_MG/repeat_006/request.json,results/phase3/hybrid_smoke/qci/pglib_case5_pjm__hybrid__pcc_failure_BUS3_MG-BUS4_MG/repeat_006/response.json
results/phase3/hybrid/qci_payloads/pglib_case5_pjm__hybrid__pcc_failure_BUS3_MG-BUS4_MG.json,7,6a5810f608442f441bbb1838,COMPLETED,[-40082.859375],"[[0.0002674, 0.0057471, 0.0025775, 0.0003471, 0.0149798, 0.0004119, 0.2355048, 0.3173656, 0.0021001, 0.9673101, 0.3324434, 0.9116152, 429.2228699, 5.28e-05, 0.0012396, 5.73e-05, 0.1068508, 0.1904453, 0.0003017, 0.1613241, 0.1956755, 0.5787994, 643.8340454, 0.0001462, 0.0069949, 0.0001356, 0.0921057, 0.1800664, 0.0007839, 1.6537725, 0.2348571, 0.7350451, 1073.0559082, 0.0002317, 0.0143225, 0.0001336, 0.1499339, 0.2423877, 0.0004083, 0.4037472, 0.5189816, 0.4617984, 429.2228699, 8.55e-05, 0.0050472, 6.96e-05, 0.0174259, 0.0492543, 0.0003971, 0.3868634, 0.4082851, 0.8164268, 1394.9746094, 0.0002101, 0.0002634, 0.0003901, 0.121475, 0.1659654, 0.0368076, 0.4057898, 0.2547658, 0.6383558, 858.4457397, 0.0002316, 0.0032745, 6.38e-05, 0.0905282, 0.277459, 0.0008174, 0.1183208, 0.0820225, 0.432969, 1180.3620605, 8.9e-06, 0.0016846, 2.8e-06, 0.0025022, 0.0066679, 1.21e-05, 0.3133054, 0.1444265, 0.9358682, 1180.3620605, 8e-07, 6e-07, 3e-07, 0.3138448, 0.8402349, 0.005672, 0.1295005, 0.1358396, 0.4673831, 429.2228699, 0.001821, 0.053411, 0.0005606, 0.0099591, 0.0141498, 0.0001973, 0.1750679, 0.0586093, 0.9709716, 965.7506714, 0.0005577, 0.0919954, 0.0002058, 0.0011805, 0.0019421, 9.81e-05, 0.3739098, 0.0253643, 0.9186946, 751.1398926, 8.51e-05, 0.0042131, 0.0001346, 0.0335467, 0.0526006, 0.0003143, 0.3270394, 0.125578, 0.9984294, 643.8340454]]",81.19821162498556,,results/phase3/hybrid_smoke/qci/pglib_case5_pjm__hybrid__pcc_failure_BUS3_MG-BUS4_MG/repeat_007/request.json,results/phase3/hybrid_smoke/qci/pglib_case5_pjm__hybrid__pcc_failure_BUS3_MG-BUS4_MG/repeat_007/response.json
results/phase3/hybrid/qci_payloads/pglib_case5_pjm__hybrid__pcc_failure_BUS3_MG-BUS4_MG.json,8,6a58113508442f441bbb183e,COMPLETED,[-40109.6953125],"[[0, 0.0005814, 2.07e-05, 0.0006082, 0.0128828, 5.05e-05, 0.0041694, 0.0213963, 4.48e-05, 0.2368748, 0.000135, 1.0090764, 1066.3686523, 0, 0, 0, 0, 0, 0, 0.4755645, 0.0003335, 0.8743352, 1163.3117676, 0, 0, 0, 0, 0, 0, 0.6636399, 0.000622, 1.0442165, 969.4290161, 0, 0, 0, 1e-07, 7e-07, 0, 0.255508, 0.0002951, 0.8298911, 387.7707214, 0, 4e-07, 0, 0, 3e-07, 1e-07, 0.2654879, 4.61e-05, 0.5094085, 193.8853607, 0, 0, 0, 1e-07, 3e-07, 0, 0.1908439, 0.0002165, 0.9840161, 1163.3117676, 0, 0, 0, 0, 3e-07, 0, 0.1912067, 0.0006248, 0.950212, 1260.2553711, 0, 0, 0, 0, 1e-07, 0, 0.0318152, 0.0001404, 0.9446397, 775.5414429, 0, 0, 0, 0, 2e-07, 0, 0.1726855, 0.0001173, 0.6758963, 193.8853607, 0, 1.3e-06, 0, 0.0016873, 0.0263169, 0, 0.1130742, 0.0001684, 1.0584273, 1163.3117676, 0, 0, 0, 1e-07, 1.2e-06, 0, 1.3140391, 0.0009117, 1.0804, 1163.3117676, 0, 0, 0, 0, 2e-07, 0, 0.1506944, 8.52e-05, 0.8092783, 484.7145081]]",79.96554658282548,,results/phase3/hybrid_smoke/qci/pglib_case5_pjm__hybrid__pcc_failure_BUS3_MG-BUS4_MG/repeat_008/request.json,results/phase3/hybrid_smoke/qci/pglib_case5_pjm__hybrid__pcc_failure_BUS3_MG-BUS4_MG/repeat_008/response.json
results/phase3/hybrid/qci_payloads/pglib_case5_pjm__hybrid__pcc_failure_BUS3_MG-BUS4_MG.json,9,6a58114608442f441bbb1845,COMPLETED,[-40102.0664062],"[[0, 5.3e-06, 6e-07, 0.0009196, 0.0029534, 5.11e-05, 0.1067351, 0.3481061, 0.0009357, 0.3492176, 0.0049373, 0.5494826, 916.8414917, 1.51e-05, 0, 1.4e-06, 0.0011805, 0.003741, 0.0040357, 0.0007456, 0.0083542, 0.9556507, 916.8414917, 0, 7e-07, 0, 0.0037198, 0.0037334, 2e-07, 0.4768594, 0.0103075, 0.3149301, 611.2272949, 0, 0, 0, 8.69e-05, 0.0002726, 0, 0.5769094, 0.019155, 0.9741205, 916.8414917, 0, 0, 0, 2e-07, 9e-07, 0, 0.653907, 0.013012, 0.9051704, 916.8414917, 0, 2e-07, 0, 1.37e-05, 3.15e-05, 1e-07, 0.3738515, 0.0072327, 0.6931028, 407.4842224, 0, 4.7e-06, 0, 1.81e-05, 9.59e-05, 4e-07, 0.2583701, 0.0142272, 0.9397804, 916.8414917, 0, 0, 0, 9.44e-05, 0.0004075, 0, 0.3456496, 0.0078471, 0.940774, 916.8414917, 0, 0, 0, 0.0017711, 0.0085691, 1.58e-05, 1.5300556, 0.0083997, 1.0599643, 611.2272949, 0, 0, 0, 0.000161, 0.0007335, 0, 0.3476426, 0.0069033, 0.9471323, 611.2272949, 0, 0, 0, 0.0381255, 0.1996021, 4.58e-05, 0.6970038, 0.005582, 0.6503166, 1018.7111816, 0, 0, 0, 0.0002984, 0.0013651, 4e-07, 0.6194908, 0.0058691, 0.6200834, 1222.4545898]]",78.17924583284184,,results/phase3/hybrid_smoke/qci/pglib_case5_pjm__hybrid__pcc_failure_BUS3_MG-BUS4_MG/repeat_009/request.json,results/phase3/hybrid_smoke/qci/pglib_case5_pjm__hybrid__pcc_failure_BUS3_MG-BUS4_MG/repeat_009/response.json
results/phase3/hybrid/qci_payloads/pglib_case5_pjm__hybrid__demand_surge_BUS3_MG-BUS4_MG.json,0,6a5810a308442f441bbb180e,COMPLETED,[-40075.3359375],"[[0, 0, 0, 7.57e-05, 1.69e-05, 2.4e-06, 0.0058715, 0.0164269, 0.0169235, 0.308737, 0.0016286, 0.7117733, 897.6655273, 0, 0, 0, 0.0026702, 0.0087795, 4e-06, 0.329939, 0.0015029, 0.7366209, 1346.498291, 0, 0, 0, 1e-07, 6e-07, 0, 0.2671365, 0.0005005, 0.6935211, 785.4572754, 0, 2e-07, 0, 2.42e-05, 6.13e-05, 2.11e-05, 1.0121856, 0.000615, 0.7709886, 1346.498291, 0, 0, 0, 7.5e-06, 4.9e-05, 0, 0.3554475, 0.0017395, 0.7323291, 448.8327637, 8.1e-05, 0.0002277, 3.4e-06, 0.0006179, 0.0020601, 0.0010373, 0.6526492, 0.0007724, 0.7054265, 673.2491455, 0, 0, 0, 0.0043561, 0.0192343, 0.0010787, 0.0664713, 0.0006102, 0.8190549, 785.4572754, 0.0004123, 1.43e-05, 1.22e-05, 0.0510667, 0.3253861, 0.1267305, 0.7358125, 0.0012571, 0.7509245, 1122.0803223, 0, 0, 0, 2.59e-05, 0.0002369, 0, 0.0010152, 0.0004337, 0.5152966, 224.4163818, 0.0055023, 0.0004344, 0.000439, 0.0084981, 0.0474585, 0.043114, 0.1073133, 0.0010172, 0.5911024, 561.0401611, 0, 0, 0, 0.0009156, 0.0061672, 1.25e-05, 0.192122, 0.0006292, 0.6219612, 673.2491455, 0, 0, 0, 2.8e-06, 4.68e-05, 2e-07, 0.2854524, 0.0005628, 0.8045757, 1122.0803223]]",34.10849462496117,,results/phase3/hybrid_smoke/qci/pglib_case5_pjm__hybrid__demand_surge_BUS3_MG-BUS4_MG/repeat_000/request.json,results/phase3/hybrid_smoke/qci/pglib_case5_pjm__hybrid__demand_surge_BUS3_MG-BUS4_MG/repeat_000/response.json
results/phase3/hybrid/qci_payloads/pglib_case5_pjm__hybrid__demand_surge_BUS3_MG-BUS4_MG.json,1,6a5810a408442f441bbb1813,COMPLETED,[-40075.7539062],"[[0, 0, 0, 6e-07, 5e-07, 0, 0.0228585, 0.0965636, 0.0010921, 0.197224, 0.001797, 0.7371542, 1077.2510986, 0, 0, 0, 0.0038609, 0.0172408, 0, 0.0513496, 0.0007424, 0.7353212, 1077.2510986, 0, 0, 0, 0.0015683, 0.0092767, 0, 0.5902576, 0.0009485, 0.6843467, 783.4571533, 0, 0, 0, 5e-07, 4e-06, 0, 0.0514269, 0.0011388, 0.7669864, 587.5921021, 0, 0, 0, 0.0002855, 0.0014092, 0.0047816, 0.2409491, 0.0014569, 0.6186708, 979.319519, 0, 0, 0, 5e-07, 2.3e-06, 0, 0.0067047, 0.0011482, 0.740555, 685.524353, 0, 0, 0, 0.0013402, 0.005649, 4e-07, 0.0950373, 0.0041301, 0.7497646, 783.4571533, 0, 0, 0, 5.34e-05, 0.0002054, 7e-07, 0.5512317, 0.0014226, 0.6967143, 881.3880615, 0, 0, 0, 9.41e-05, 0.0008397, 2.96e-05, 0.0927659, 0.0030381, 0.792215, 783.4571533, 0, 0, 0, 6.97e-05, 0.0006584, 1e-07, 0.0661628, 0.0008418, 0.7905347, 1077.2510986, 0, 0, 0, 1.5e-06, 9.3e-06, 0, 0.3550671, 0.0055485, 0.3747784, 587.5921021, 0, 0, 0, 0.0061681, 0.0329533, 0.0005715, 0.0121559, 0.0007581, 0.707738, 685.524353]]",33.609454582910985,,results/phase3/hybrid_smoke/qci/pglib_case5_pjm__hybrid__demand_surge_BUS3_MG-BUS4_MG/repeat_001/request.json,results/phase3/hybrid_smoke/qci/pglib_case5_pjm__hybrid__demand_surge_BUS3_MG-BUS4_MG/repeat_001/response.json
results/phase3/hybrid/qci_payloads/pglib_case5_pjm__hybrid__demand_surge_BUS3_MG-BUS4_MG.json,2,6a5810a408442f441bbb181a,COMPLETED,[-40029.3828125],"[[0, 0, 0, 1.09e-05, 2.61e-05, 1e-07, 5.37e-05, 0.0006015, 2.64e-05, 0.0411054, 0.0004768, 0.7896531, 1032.8996582, 0, 0, 0, 0.0004157, 0.0019671, 0.0012371, 1.0244606, 0.0008541, 0.699093, 1032.8996582, 0, 0, 0, 4.2e-06, 2.43e-05, 1e-07, 0.1990263, 0.0014966, 0.6852613, 803.3670654, 0, 0, 0, 9.98e-05, 0.0004134, 1.2e-05, 0.0223131, 0.0006944, 0.7996732, 1147.664917, 0, 0, 0, 0.000845, 0.002109, 0.0038591, 0.1462786, 0.0008935, 0.6066321, 573.8324585, 5e-07, 0, 0, 0.0004113, 0.0032054, 0.0007091, 0.0019146, 0.0017524, 0.7748845, 918.1326904, 0, 0, 0, 0.0003496, 0.0019119, 0, 0.3204356, 0.0008523, 0.5333789, 459.0663452, 0, 0, 0, 4.6e-06, 4.25e-05, 0, 1.153772, 0.0018646, 0.9181917, 1491.9650879, 0, 0, 0, 1.4e-06, 2.16e-05, 0, 1.2357908, 0.0002659, 0.6337948, 573.8324585, 0, 0, 0, 2.89e-05, 0.0005725, 2e-06, 1.3473946, 0.0002787, 0.7473513, 573.8324585, 0, 0, 0, 0.1590744, 1.101451, 0, 0.0075987, 0.001066, 0.6322158, 803.3670654, 0, 0, 0, 0.0002004, 0.0019738, 0.0045203, 0.0591734, 0.0007997, 0.6303092, 573.8324585]]",49.94553304207511,,results/phase3/hybrid_smoke/qci/pglib_case5_pjm__hybrid__demand_surge_BUS3_MG-BUS4_MG/repeat_002/request.json,results/phase3/hybrid_smoke/qci/pglib_case5_pjm__hybrid__demand_surge_BUS3_MG-BUS4_MG/repeat_002/response.json
results/phase3/hybrid/qci_payloads/pglib_case5_pjm__hybrid__demand_surge_BUS3_MG-BUS4_MG.json,3,6a5810a508442f441bbb181f,COMPLETED,[-40073.3632812],"[[0.0040904, 0.0004166, 0.0003571, 0.0017513, 0.0010949, 2.61e-05, 0.0042107, 0.0139818, 0.0003428, 0.0913441, 0.0002977, 0.7060851, 678.7752075, 0, 0, 0, 0.0270341, 0.2068717, 0.0004968, 0.1190671, 0.0003156, 0.6444245, 581.8084106, 0, 0, 0, 7e-07, 2.5e-06, 8.2e-06, 0.2077783, 8.64e-05, 0.5945284, 484.840271, 0, 0, 0, 0.0213405, 0.2487099, 0.0001095, 0.0682431, 0.0001488, 0.8308803, 1551.4875488, 0, 0, 0, 0, 0, 0, 0.0237134, 7.81e-05, 0.6805325, 581.8084106, 0, 0, 0, 0.0001681, 0.0012059, 1e-07, 0.5269111, 0.0001286, 0.7763942, 1260.5844727, 0, 0, 0, 0.000389, 0.0055676, 0.0004698, 0.4583834, 9.01e-05, 0.5097932, 581.8084106, 0, 0, 0, 3.17e-05, 0.000484, 0, 0.0028661, 6.24e-05, 0.8008796, 1163.6168213, 0, 0, 0, 8e-07, 1.49e-05, 0, 1.1313286, 0.0001893, 0.6937717, 678.7752075, 0, 0, 0, 2.59e-05, 0.0004261, 1e-07, 0.0980571, 0.0003381, 0.8376296, 872.7130127, 0, 0, 0, 0.0005464, 0.0045079, 1e-07, 0.2571159, 0.0001982, 0.7891098, 1066.6491699, 0, 0, 0, 4.25e-05, 0.0015906, 0, 0.2568843, 0.0002201, 0.638016, 484.840271]]",65.8361077089794,,results/phase3/hybrid_smoke/qci/pglib_case5_pjm__hybrid__demand_surge_BUS3_MG-BUS4_MG/repeat_003/request.json,results/phase3/hybrid_smoke/qci/pglib_case5_pjm__hybrid__demand_surge_BUS3_MG-BUS4_MG/repeat_003/response.json
results/phase3/hybrid/qci_payloads/pglib_case5_pjm__hybrid__demand_surge_BUS3_MG-BUS4_MG.json,4,6a5810d508442f441bbb1827,COMPLETED,[-39985.53125],"[[0.0048255, 0.0025542, 0.0029799, 0.015818, 0.0028848, 0.0021181, 0.113024, 0.2464018, 0.0496826, 0.083693, 0.0496884, 0.74225, 849.3747559, 0, 0, 0, 2.09e-05, 5.49e-05, 8.9e-06, 0.8314362, 0.0685016, 0.6743704, 743.2025146, 0, 0, 0, 0.0133276, 0.0259209, 0.0544438, 0.2717252, 0.0080661, 0.693926, 955.5464478, 1.1e-06, 3.5e-06, 2e-07, 0.0001077, 0.0002338, 0.0002804, 0.1296035, 0.0356296, 0.6777338, 955.5464478, 0, 0, 0, 0.2419557, 0.8869551, 0.0036512, 0.3752466, 0.0192383, 0.6496503, 955.5464478, 0, 0, 0, 0.0001898, 0.0003803, 0.0003564, 2.0338094, 0.0228078, 0.7166883, 637.0313721, 9.9e-06, 2.08e-05, 1e-06, 0.0017468, 0.0035578, 0.0026861, 1.0992143, 0.0158462, 0.6683551, 955.5464478, 0, 0, 0, 0.0072794, 0.0068867, 0.0389001, 2.0111985, 0.0144427, 0.6111939, 743.2025146, 0, 0, 0, 2.09e-05, 0.0001091, 2.3e-06, 0.4147011, 0.024688, 0.7884473, 955.5464478, 0, 0, 0, 7.7e-06, 1.38e-05, 2.81e-05, 0.6450422, 0.0559454, 0.8186117, 955.5464478, 1e-07, 2.8e-06, 0, 0.0274596, 0.0901626, 0.0001649, 0.5647048, 0.0117431, 0.7038409, 530.859314, 0.0011813, 0.0355079, 0.0003572, 0.0047706, 0.0108147, 0.0013756, 0.695959, 0.048511, 0.6703461, 743.2025146]]",80.6637981669046,,results/phase3/hybrid_smoke/qci/pglib_case5_pjm__hybrid__demand_surge_BUS3_MG-BUS4_MG/repeat_004/request.json,results/phase3/hybrid_smoke/qci/pglib_case5_pjm__hybrid__demand_surge_BUS3_MG-BUS4_MG/repeat_004/response.json
results/phase3/hybrid/qci_payloads/pglib_case5_pjm__hybrid__demand_surge_BUS3_MG-BUS4_MG.json,5,6a5810d508442f441bbb182c,COMPLETED,[-40079.1171875],"[[0, 0, 0, 0.0668085, 0.2351914, 0.001353, 0.007381, 0.0826312, 8.39e-05, 0.067503, 0.0001684, 0.6287791, 733.069397, 0, 0, 0, 0.0008475, 0.0036425, 1e-07, 0.0073587, 4.72e-05, 0.6377946, 549.8024292, 1e-07, 6e-07, 0, 0.0002007, 0.0012845, 2e-07, 0.0431322, 0.0001698, 0.5726849, 641.4360352, 0, 0, 0, 0.0019488, 0.0230892, 0.0005932, 0.2004245, 9.13e-05, 0.7540327, 1191.2380371, 0, 0, 0, 6e-06, 0.0001112, 1.4e-05, 0.105766, 5.66e-05, 0.742309, 824.7037964, 0, 0, 0, 0.0006417, 0.0089129, 0.0001508, 0.2670114, 0.000236, 0.691799, 641.4360352, 0, 0, 0, 1.44e-05, 0.0003189, 0, 0.0025754, 3.72e-05, 0.7370587, 1007.9701538, 0, 0, 0, 0.019363, 0.2184828, 2.14e-05, 0.385074, 5.66e-05, 0.8698639, 641.4360352, 0, 0, 0, 0.0060646, 0.16447, 6e-06, 0.0595776, 5.06e-05, 0.7787148, 1007.9701538, 0, 0, 0, 2.04e-05, 0.0015638, 0, 0.2150053, 8.92e-05, 0.7412912, 1099.6048584, 0, 0, 0, 0.0003844, 0.0082995, 0, 1.030115, 0.0001701, 0.7806857, 916.3370972, 0, 0, 0, 0.0003168, 0.0154866, 0, 0.0013983, 6.73e-05, 0.7363499, 733.069397]]",96.76796999992803,,results/phase3/hybrid_smoke/qci/pglib_case5_pjm__hybrid__demand_surge_BUS3_MG-BUS4_MG/repeat_005/request.json,results/phase3/hybrid_smoke/qci/pglib_case5_pjm__hybrid__demand_surge_BUS3_MG-BUS4_MG/repeat_005/response.json
results/phase3/hybrid/qci_payloads/pglib_case5_pjm__hybrid__demand_surge_BUS3_MG-BUS4_MG.json,6,6a5810e608442f441bbb1832,COMPLETED,[-40051.6523438],"[[0, 0, 0, 1.01e-05, 1.29e-05, 5e-07, 0.0275439, 0.0475503, 0.0025049, 0.5038325, 0.0054897, 0.7107291, 1236.0318604, 0, 0, 0, 7.4e-06, 2.24e-05, 0, 0.5551513, 0.0006537, 0.758178, 950.7939453, 0, 0, 0, 3.41e-05, 6.86e-05, 0, 0.0010783, 0.0010476, 0.7057573, 760.6333618, 0, 0, 0, 0.001946, 0.0116038, 0.0068197, 0.5995388, 0.0012302, 0.6564971, 570.4764404, 0, 0, 0, 2.74e-05, 3.69e-05, 0.0001374, 0.1282737, 0.0015558, 0.6929166, 760.6333618, 0, 0, 0, 0.004785, 0.0189119, 0.0040831, 1.2490977, 0.0061914, 0.7600153, 665.5549316, 0, 0, 0, 0.2715019, 1.1295601, 9.5e-06, 0.2742554, 0.0025586, 0.9235914, 855.713562, 0, 0, 0, 4.7e-05, 0.0004536, 6e-07, 0.4078715, 0.0028182, 0.6819718, 855.713562, 0, 0, 0, 5.48e-05, 0.0004552, 2.7e-06, 0.5937867, 0.0007213, 0.6285048, 665.5549316, 1.65e-05, 2.1e-06, 4e-07, 0.0044368, 0.0775157, 0.0146527, 1.1971574, 0.000457, 0.6667428, 665.5549316, 0, 0, 0, 0.0133571, 0.1308285, 0.1170504, 0.3945597, 0.0021368, 0.6166014, 760.6333618, 0, 0, 0, 5.55e-05, 0.0002931, 4e-06, 0.2376636, 0.0007476, 0.8188342, 1236.0318604]]",81.24624079093337,,results/phase3/hybrid_smoke/qci/pglib_case5_pjm__hybrid__demand_surge_BUS3_MG-BUS4_MG/repeat_006/request.json,results/phase3/hybrid_smoke/qci/pglib_case5_pjm__hybrid__demand_surge_BUS3_MG-BUS4_MG/repeat_006/response.json
results/phase3/hybrid/qci_payloads/pglib_case5_pjm__hybrid__demand_surge_BUS3_MG-BUS4_MG.json,7,6a5810f608442f441bbb1839,COMPLETED,[-40064.296875],"[[0, 0, 0, 0.0104627, 5.4e-06, 0.0005969, 0.00395, 0.0204127, 0.0043822, 0.0014593, 0.0301774, 0.5831166, 624.2235107, 0, 0, 0, 0.0001546, 0.0002984, 0.0008644, 0.4522552, 0.0014023, 0.5139472, 728.2618408, 0, 0, 0, 0.0003254, 0.0013826, 0.0044681, 0.0276398, 0.0134451, 0.554757, 936.3353271, 0, 0, 0, 1.6e-06, 6.6e-06, 2e-07, 0.3714906, 0.0015548, 0.140962, 1248.4470215, 0, 0, 0, 2.62e-05, 5.66e-05, 0, 0.5488335, 0.0027602, 0.843393, 1352.4819336, 0, 0, 0, 2.9e-06, 1.26e-05, 0, 0.2748288, 0.0024305, 0.6416792, 936.3353271, 0, 0, 0, 0.003087, 0.0079577, 0.0256546, 0.1119636, 0.0042083, 0.5991941, 624.2235107, 0, 0, 0, 0.0008208, 0.0028638, 2.54e-05, 0.405067, 0.0067756, 0.7795474, 1248.4470215, 0, 0, 0, 5.48e-05, 0.0001092, 2e-07, 0.0449549, 0.0103244, 0.6974592, 728.2618408, 0, 0, 0, 0.0037537, 0.0347848, 1.2e-05, 0.0208966, 0.0224914, 0.6717846, 624.2235107, 0, 0, 0, 1.11e-05, 5.62e-05, 8.1e-06, 1.2279652, 0.0033953, 0.6913292, 416.1490479, 0, 2e-07, 0, 0.0772859, 0.7995527, 0.0001141, 0.5213996, 0.0031463, 0.590564, 520.1871338]]",81.23923762491904,,results/phase3/hybrid_smoke/qci/pglib_case5_pjm__hybrid__demand_surge_BUS3_MG-BUS4_MG/repeat_007/request.json,results/phase3/hybrid_smoke/qci/pglib_case5_pjm__hybrid__demand_surge_BUS3_MG-BUS4_MG/repeat_007/response.json
results/phase3/hybrid/qci_payloads/pglib_case5_pjm__hybrid__demand_surge_BUS3_MG-BUS4_MG.json,8,6a58113508442f441bbb183f,COMPLETED,[-40075.2929688],"[[7.6e-06, 1.9e-06, 2.3e-06, 0.0056292, 0.1414206, 0.0010279, 0.330663, 0.1895087, 0.0024334, 1.2264687, 0.036807, 0.6220357, 511.9468994, 0.0002796, 0.0040155, 4.74e-05, 0.0288706, 0.0449394, 0.0014075, 0.5600168, 0.065591, 0.6757781, 767.9199219, 8.25e-05, 0.0003099, 2.43e-05, 0.0501397, 0.323294, 0.0058421, 0.5608887, 0.0704626, 0.6734016, 1151.8795166, 0, 5e-07, 0, 0.0063216, 0.011746, 2.33e-05, 0.2217194, 0.0209492, 0.7234371, 767.9199219, 0, 0, 0, 0.1361219, 0.3145784, 8.37e-05, 0.4936637, 0.072536, 0.705371, 511.9468994, 8.1e-06, 2.57e-05, 2.6e-06, 0.0065369, 0.0117434, 0.0017036, 0.1952711, 0.0064223, 0.1883287, 895.9060669, 1.69e-05, 1.13e-05, 1.7e-06, 0.0534202, 0.0870242, 0.0085688, 0.4804502, 0.0135978, 0.6727585, 1023.8937988, 2e-07, 7.3e-06, 0, 0.0067174, 0.0131638, 8.7e-05, 0.467148, 0.0483571, 0.7427408, 1023.8937988, 1e-07, 2.8e-06, 0, 0.0440714, 0.1508561, 0.0001931, 0.8376687, 0.0638676, 0.6715532, 1279.8665771, 0, 0, 0, 0.0008471, 0.0006972, 0.0005758, 1.1156578, 0.0269218, 0.5544202, 255.9734497, 0.0210487, 0.1216272, 0.0045564, 0.0063009, 0.0125073, 0.0005228, 0.0597432, 0.0069862, 0.7228712, 639.9332886, 0, 0, 0, 0.0194488, 0.0671877, 0.0042603, 0.3573685, 0.03177, 0.8059309, 1151.8795166]]",80.05625304114074,,results/phase3/hybrid_smoke/qci/pglib_case5_pjm__hybrid__demand_surge_BUS3_MG-BUS4_MG/repeat_008/request.json,results/phase3/hybrid_smoke/qci/pglib_case5_pjm__hybrid__demand_surge_BUS3_MG-BUS4_MG/repeat_008/response.json
results/phase3/hybrid/qci_payloads/pglib_case5_pjm__hybrid__demand_surge_BUS3_MG-BUS4_MG.json,9,6a58114608442f441bbb1846,COMPLETED,[-40006.3710938],"[[0.0004591, 5.19e-05, 5.94e-05, 0.0367006, 0.5842822, 0.0007889, 0.3585978, 0.4104929, 0.0002087, 0.3613808, 0.0003621, 0.7060103, 806.2480469, 0, 0, 0, 0.020318, 0.0903842, 1.34e-05, 1.284451, 0.0001047, 0.6383781, 100.7810059, 0.1939191, 0.2423263, 0.0156594, 0.0734605, 0.500388, 0.0022909, 0.2926475, 0.0003212, 0.5531459, 604.6853638, 0.0002375, 0.0156341, 3.8e-06, 0.0001155, 0.0011496, 1.84e-05, 0.5363704, 0.0003438, 0.7835608, 1310.1534424, 0, 0, 0, 9e-07, 5.8e-06, 0, 0.5072453, 0.0001202, 0.5947011, 806.2480469, 0, 0, 0, 0.0014955, 0.0084921, 0, 0.2534154, 0.0006215, 0.7471243, 1007.8093262, 0, 0, 0, 8.74e-05, 0.0004636, 0, 1.8439803, 0.0002591, 0.7330623, 1007.8093262, 0, 1e-07, 0, 0.0006467, 0.0140392, 1.6e-05, 1.0442245, 0.0002638, 0.7575272, 503.9046631, 0, 0, 0, 0.0028745, 0.0226408, 2.14e-05, 1.8826578, 0.0001208, 0.6475115, 907.0284424, 8e-07, 1e-07, 0, 0.058256, 0.9988463, 0.0082001, 0.7487625, 0.0002075, 0.7823427, 907.0284424, 0, 0, 0, 0.0218498, 0.4790542, 1.31e-05, 0.008424, 0.0001184, 0.8098927, 1209.3707275, 0, 0, 0, 0.0023959, 0.0270613, 0.0002224, 1.1769378, 0.0005047, 0.7915998, 806.2480469]]",78.17150220880285,,results/phase3/hybrid_smoke/qci/pglib_case5_pjm__hybrid__demand_surge_BUS3_MG-BUS4_MG/repeat_009/request.json,results/phase3/hybrid_smoke/qci/pglib_case5_pjm__hybrid__demand_surge_BUS3_MG-BUS4_MG/repeat_009/response.json
